review_stage,jmdict_id,term,reading,field_id_before_dedup,kind,source_en,source_ja,reviewed_zh_before_dedup,reviewer_note_unverified
previous_5pct,1409330,体感,たいかん,f37e1821t4,gloss,coenesthesia,,共感,coenesthesia 的中文医学术语可译为机体觉、内感受或一般感觉，旧译‘共感’易与 empathy 混淆，但需统一术语来源后再改；t5、t6 同理。
previous_5pct,1409330,体感,たいかん,f37e1821t5,gloss,cenesthesia,,共感,cenesthesia 的标准简体中文术语存在机体觉、内感受等译法，当前‘共感’疑似不当但无法仅凭本批次确定统一定译。
previous_5pct,1409330,体感,たいかん,f37e1821t6,gloss,coenesthesis,,共感,coenesthesis 与 coenesthesia 同属专业术语，需统一医学词表后确定简体中文译名。
previous_5pct,2849827,ミス,ミス,f196e1406t0,gloss,myth,,神话,英文 myth 与日语词头ミス不一致；旧译符合英文但源词可能有误，无法可靠改动。
previous_5pct,1530180,無条件,むじょうけん,f49e517t1,example,On no account must you touch that switch.,無(む)条(じょう)件(けん)にあなたはそのスイッチに触(さわ)らなければならない。,无论如何，你都必须碰那个开关。,日文例句直译为必须触碰，但英文释义例句为禁止触碰，源文冲突，保留原译并记录疑点。
increment_5_to_20pct,2858049,フレーズ,フレーズ,f204e1065t0,gloss,strawberry,,草莓,日文词头フレーズ通常表示phrase（词组/短语），但该字段英文明确为strawberry、中文为草莓；词头与释义来源明显冲突，无法确定应依哪一条纠正，暂保留原文并标记待查。
increment_5_to_20pct,1591890,斬れ味,きれあじ,f56e964t6,gloss,peppiness (of a ball),,球的弹性,斬れ味用于球类时的 peppiness 似指球的劲道/活性，现译‘弹性’可能偏义；缺少具体球类语境，未能可靠确定对应术语，暂保留。
increment_5_to_20pct,1034130,オカルト,オカルト,f4e155t0,gloss,occult,,神秘,occult 可指神秘学、超自然现象或神秘的，现译‘神秘’较宽泛；缺少该词实际用例以判定此处应限定为哪一义，暂保留。
increment_5_to_20pct,1178980,汚らわしい,けがらわしい,f15e1155t1,gloss,unfair,,不公平的,汚らわしい的主要义为污秽、可憎；部分英文同义词列表列出 unfair，但未给语境确定这里是道德上的不正/卑劣还是‘不公平’，暂保留。
increment_5_to_20pct,1592380,蔵,くら,f56e1137t8,gloss,elevator,,仓库,蔵的英译 elevator 在此应是粮仓/谷物筒仓类设施，而非普通楼宇电梯；现译‘仓库’较泛，具体中文专名需视术语来源确定，暂保留。
increment_5_to_20pct,1662610,残党,ざんとう,f64e1352t2,gloss,refugees,,难民,日文词头残党指某派别/军队的残余者，与英文 refugees 及中文‘难民’不相符；现有字段来源冲突，无法判断应按日文词头还是英语释义校正。
increment_5_to_20pct,1605850,擁護,ようご,f59e209t4,gloss,championship,,辩护,擁護表示拥护/辩护，但英文 championship 字面为锦标赛或冠军身份，二者来源冲突；无法确定是英文源误写还是该义翻译错误。
increment_5_to_20pct,1633860,破ける,やぶける,f61e1821t2,gloss,to be frustrated,,受挫,词头破ける通常指破裂/撕开，英文 frustrated 及中文‘受挫’不匹配；可能为来源义错配，无法从现有日英字段可靠判断。
increment_5_to_20pct,1499770,風化,ふうか,f46e938t3,gloss,efflorescence,,风花,chemistry 义 efflorescence 的规范中文术语不确定；原译“风花”显然像字面误译，但其应对应风化、风解还是其他专业术语，需要可靠术语来源确认，故保留原文。
increment_5_to_20pct,1499770,風化,ふうか,f46e938t4,xref,efflorescence,,风花,xref 同样指 efflorescence，中文术语不确定；按要求将疑点限定为引用对象释义，不擅自修改。
increment_5_to_20pct,1225880,義母,ぎぼ,f20e476t0,gloss,mother-in-law,,岳母,英文只给出泛称 mother-in-law，而中文“岳母”专指妻子的母亲；现有字段未交代说话者性别或姻亲方向，需语境确认更合适的中文泛称，暂不改。
increment_5_to_20pct,2580350,裏スジ,うらスジ,f149e1672t0,gloss,urasuji,,ura-suji,麻将专门术语 urasuji 的标准简体中文译名未能凭当前字段确认；保留音译并记录疑点，避免按字面臆改。
increment_5_to_20pct,1601220,反復,はんぷく,f58e435t4,gloss,recursion,,递归,计算机语境下日文反復通常对应重复/迭代，而当前英译给 recursion、中文给递归；无法判断是英文源释义错误还是该条日文用法特指递归，保留原文并记录源文冲突。
increment_5_to_20pct,2854296,モール,モール,f201e135t0,gloss,maul (rugby),,橄榄球中的 Maul（ Maul 动作）,rugby maul 的标准简体中文译名需要专业体育术语确认；保留 Maul 音形，不自行造译。
increment_5_to_20pct,2077470,下手に出る,したてにでる,f103e243t1,example,"That's right. It's written in an unassuming fashion, and it's an ethical standpoint as well.",そうですね。下手にでてばかりもなんだし。かつ、倫理的ですね。,是的。写得并不张扬，而且，是伦理的。,例句英文谈谦逊写法与伦理立场，而日文实际是“不能总是摆低姿态，而且也很伦理”；句间对应存在来源冲突，保留原译并记录疑点。
increment_5_to_20pct,1254660,結び目,むすびめ,f23e14t1,example,Maintaining that tie is important.,その結(むす)び目(め)を守(まも)るのは重(じゅう)要(よう)なことだ。,保住那个结很重要。,EN将結び目对应为tie，JA是字面‘结/纽结’，ZH‘保住那个结’很不自然；上下文缺失，无法确认这里指实际绳结还是关系纽带，暂不改。
increment_5_to_20pct,1594530,終い,しまい,f56e1884t5,gloss,noh dance in plain clothes,,素面舞,该义标注为能乐术语，英文说明便服中的能舞，当前‘素面舞’可能指不戴面具而非不穿戏服；需专业术语核实，暂不改。
increment_5_to_20pct,2827320,突きこむ,つきこむ,f175e617t27,xref,⑤ to get involved with; to meddle in; to poke one's nose into,,⑤ 介入；插手；插手,这个xref字段编号为⑤且释义重复sense 5，但组内sense 6是riposte/retort/quip；引用源结构与字段语义冲突，不能可靠判定应引用哪个对象，先保留。
increment_5_to_20pct,1837530,揃いも揃って,そろいもそろって,f82e84t2,gloss,all a bunch of,,一个不少,all a bunch of带有口语和评价语气，脱离后接成分无法选定稳定的中文完整对应；‘一个不少’虽较平淡但语义基本成立，暂不改。
increment_5_to_20pct,1437630,哲学的,てつがくてき,f40e1109t1,example,This is a socio-linguistic study on Steven Emmet.,これはスティーブン・エメットに関(かん)する哲(てつ)学(がく)的(てき)研(けん)究(きゅう)ではない。,这不是关于斯蒂芬·埃梅特的哲学研究。,"Japanese example and existing Chinese both say ‘not a philosophical study’, while EN says socio-linguistic study; original language fields conflict on the negated discipline, so retain the Chinese aligned with Japanese and flag the source discrepancy."
increment_5_to_20pct,1077100,ダブる,ダブる,f7e511t3,xref,① double,,① 双人,此xref只给出英文double，中文‘双人’明显不自然，但缺少引用对象语境，可能指棒球二垒安打或其他double义，需核对源结构后确定。
increment_5_to_20pct,1285270,合法,ごうほう,f25e1459t3,example,A discussion of the proposal seems to be in order.,その議(ぎ)論(ろん)に関(かん)する討(とう)論(ろん)は合(ごう)法(ほう)であるようだ。,关于该提案的讨论似乎合情合理。,日文和现有中文都说该讨论似乎合法，而英文 says a discussion seems to be in order（似乎合适/有必要）；源文对合法性与合宜性的判断冲突，暂保留。
increment_5_to_20pct,2836146,してやったり,してやったり,f183e1694t0,gloss,got you!,,抓到你了！,EN got you而日文してやったり可表示得意地成功/抓住对方，缺少语境难分是‘得手了’还是‘抓到你了’，暂不改。
increment_5_to_20pct,2836146,してやったり,してやったり,f183e1694t1,gloss,tricked you!,,骗到你了！,字段EN是tricked you，但普通表达してやったり带有得意成功的语气，是否具体指骗过对方取决于语境，保留并记疑。
increment_5_to_20pct,1279860,江,え,f25e541t0,gloss,inlet,,入水口,江在地理语境可指海湾、河口或海湾状水域；英文 inlet 与现有“入水口”均不足以唯一确定本条应采用的中文地理术语。
increment_5_to_20pct,2851589,唐梨,からなし,f198e643t1,xref,② flowering quince (of genus Chaenomeles) (Pseudocydonia sinensis); Chinese quince (Chaenomeles sinensis),,② 花叶海棠（Chaenomeles属）（Pseudocydonia sinensis）；中国梨（Chaenomeles sinensis）,交叉引用英文同时把 Pseudocydonia sinensis 与 Chaenomeles 属、Chaenomeles sinensis 混列；植物学名的分类映射与英文普通名存在来源冲突，未据此改动译文。
increment_5_to_20pct,1902500,払い落とす,はらいおとす,f87e84t2,example,She shook the rug to get dust out of it.,彼(かの)女(じょ)はごみを払(はら)い落(お)とすためにここに集(あつ)まった。,她为了掸去灰尘，把这里收拾了一下。,日文例句字面是“她为了掸落垃圾而聚到这里”，英文却是摇地毯去灰尘，语境内容冲突；现有中文也不忠实日文，需确认源例句后才能定稿。
increment_5_to_20pct,1933150,虚脱感,きょだつかん,f89e795t0,gloss,despondency,,虚脱感,日文虚脱感通常指身心耗竭后的空虚、乏力感，英文 despondency 则偏情绪消沉，旧译“虚脱感”贴近日文但未解决源义冲突；需确认本词条想表达的义项。
increment_5_to_20pct,1290460,混戦,こんせん,f26e660t3,example,There Akai joins them and it becomes a free-for-all in front of the finish line.,そこに赤(あか)井(い)選(せん)手(しゅ)も加(くわ)わり、ゴール前(まえ)は混(こん)戦(せん)模(も)様(よう)となった。,赤井选手也加入了进来，门前顿时陷入混战。,ゴール前在日文中可指球门前或终点线前；英文指finish line，现译‘门前’不清楚，但仅凭所给语境无法确认具体比赛项目与最佳中文场景词。
increment_5_to_20pct,2848718,パオ,パオ,f195e1350t0,gloss,batons (suit),,棒子（花色）,パオ在此标注为纸牌游戏术语，英文仅释为batons牌组；缺少所用牌制/中文标准花色对应信息，无法确认应译为权杖、棍棒或其他牌名，暂保留原译。
increment_5_to_20pct,1109070,フィジカル,フィジカル,f9e1257t0,gloss,physical,,物理的,フィジカル / physical可指身体层面，也可指物理层面；现有条目没有语境或义项标签，无法仅凭该字段判定‘物理的’是否误译，保留原文。
increment_5_to_20pct,1117960,プロモーション,プロモーション,f10e609t0,gloss,promotion,,促销,プロモーション / promotion可指促销宣传，也可指晋升等；仅有裸词条，没有语境或标签判断中文‘促销’是否过窄，故保留。
increment_5_to_20pct,2841465,アウトロー,アウトロー,f189e12t0,gloss,low and away (pitch),,低平且偏离的球,baseball术语low and away可能对应低外角球/低外侧球，‘低平且偏离的球’表达不够专业，但缺少可靠的中文术语依据，保留原译待核。
increment_5_to_20pct,1539670,勇み足,いさみあし,f50e286t2,gloss,forward step-out,,前冲步,sumo术语forward step-out可能指因向前冲而踏出土俵的犯规；‘前冲步’过于泛化，但缺少可靠中文相扑术语依据，保留原文。
increment_5_to_20pct,1180920,横着,おうちゃく,f15e1611t4,gloss,brazenly dishonest,,放肆,英文释义brazenly dishonest含‘厚颜无耻地不诚实’，日文横着主要指放肆/蛮横，原译放肆符合日文但未体现英文dishonest；来源义项侧重点冲突，无法可靠定改。
increment_5_to_20pct,2057720,ダンディ,ダンディ,f101e511t2,gloss,esthete,,美学家,esthete指审美鉴赏者/唯美主义者等专门概念，中文‘美学家’可能误指学术研究者；缺少上下文判断其具体范围，保留待术语核实。
increment_5_to_20pct,2856681,フィル,フィル,f203e409t0,gloss,fill,,填充,音乐术语fill通常指填补乐句/节奏空隙的短句或过门，具体中文术语随乐器和语境而变；此处只有孤立术语，无法可靠选择。
increment_5_to_20pct,1549220,卵子,らんし,f51e269t1,gloss,ovule,,胚珠,英语ovule通常指植物胚珠，但词头卵子指动物雌性生殖细胞；原英文术语与日文词头不一致，当前‘胚珠’仅符合英语，无法在不核对源条目的情况下确定是否应改。
increment_5_to_20pct,2869724,くりっ,くりっ,f215e1427t3,gloss,vividly (moving; esp. of eyes),,生动（移动；尤其指眼睛）,くりっ作为拟态词的‘vividly (moving; esp. of eyes)’释义较少见，中文‘生动（移动）’不通顺但缺少具体语境判断其应指转动灵活、突然转向或其他眼部动作，暂缓定改。
increment_5_to_20pct,2829287,計算式,けいさんしき,f177e425t3,gloss,calculus,,微积分,計算式意为数学算式/公式，英语calculus既可指微积分学也可指计算方法；‘微积分’符合英语专门义但与日文词头范围不一致，需核对原条目来源，暂不改。
increment_5_to_20pct,2657610,発想力,はっそうりょく,f157e1016t0,gloss,expressive power,,表现力,日文発想力是创造/构思能力，英文expressive power通常是表达能力，现有‘表现力’符合英语但与日文义项不完全一致；原字段可能存在源释义分歧，暂不改。
increment_5_to_20pct,2240210,呂,りょ,f119e1879t4,gloss,"Japanese seven-tone gagaku scale similar to Mixolydian mode (corresp. to: re, mi, fa, so, la, ti, do)",,"日本七音雅乐音阶，类似混合利底亚调式（对应：re, mi, fa, so, la, ti, do）",源释义称该雅乐音阶类似 Mixolydian，却列出 re-mi-fa-so-la-ti-do 音列；该音列与调式名不一致，无法仅凭词条确认应优先哪一项，保留现译。
increment_5_to_20pct,2826200,塩対応,しおたいおう,f174e469t5,xref,"incredible response (company dealing with a complaint, celebrity dealing with fans, etc.); incredible service",,令人难以置信的回应（如处理投诉的公司、应对粉丝的名人等）；令人难以置信的服务,xref 英文 incredible response/service 可能褒义指令人惊叹的优质回应，也可能按字面理解为难以置信；未能从当前字段确定源义，保留原译。
increment_5_to_20pct,1842190,刷り込み,すりこみ,f82e1029t1,gloss,stenciling,,丝网印刷,英文 stenciling 泛指用模板转印，但筛网印刷本身也属于模板印刷；缺少领域/制作方式信息，无法判断原译“丝网印刷”是否过窄，暂保留并标记术语待核。
increment_5_to_20pct,1087380,トロイ,トロイ,f7e1990t0,gloss,troy,,特洛伊的,トロイ 既可指特洛伊（例句明确是城市），而该字段信息又限定为金银等用的重量制；英文 troy 单独不足以判断本字段应保留地名还是改译重量单位，源条目语义混合。
increment_5_to_20pct,2838082,陳,ちん,f185e1567t2,gloss,Chen dynasty (of China; 557-589 BCE),,陈朝（中国朝代；公元557年—589年）,英文字段给陈朝年代标为557–589 BCE，而中文写作公元557–589年；权威资料确认陈朝是公元557–589年，所以中文现译应保留，但英文源文存在相反的年代标注，需上游确认。
increment_5_to_20pct,1439610,天然記念物,てんねんきねんぶつ,f40e1472t1,gloss,"protected species (animal, habitat, etc.)",,保护物种（动物、栖息地等）,英文将此义标作 protected species，却举 habitat（栖息地）为例；栖息地并非物种。中文当前直译这一分类冲突，需核对 JMdict 英文定义/源条目意图后再定。
increment_5_to_20pct,1360950,心不全,しんふぜん,f33e116t1,example,"Mimura Yasuyuki (Konichika LTD, Managing Director) died of heart attack on the third, age 45.",三村・泰之氏（みむら・やすゆき＝コニチカ株式会社取締役）三日、心不全で死去。４５歳。,三村泰之（株式会社“欢迎”董事）于3日因心力衰竭去世，享年45岁。,日文和中文都写心不全/心力衰竭，英文却写 heart attack（心肌梗死/心脏病发作）；中文遵从日文，源字段之间冲突，需上游确认英文是否误标。
increment_5_to_20pct,1106830,ピット,ピット,f9e912t3,gloss,pit (of a bowling alley),,保龄球沟,这是保龄球语境的 pit，可能指球道末端球瓶区或球沟；缺少权威术语核对，不能确认“保龄球沟”是否准确。
increment_5_to_20pct,1382530,石灰,せっかい,f35e455t2,gloss,caustic lime,,熟石灰,术语 caustic lime 的资料对其对应 quicklime（生石灰）还是 hydrated/slaked lime（熟石灰）存在用法差异；已有另一英文 gloss quicklime/中文生石灰，需专业源词表确认此项，暂不擅改。
increment_5_to_20pct,1795630,起爆剤,きばくざい,f77e1948t2,gloss,primer,,引信,primer 在起爆/弹药术语中可指底火、起爆药或起爆部件；该条同时列 detonator、priming 和 primer，需专业术语源确认后才能确定中文对应，暂保留“引信”。
increment_5_to_20pct,2825895,正拳突き,せいけんづき,f173e1896t0,gloss,thrusting technique,,正拳突,空手道正拳突き有特定技术名，中文译法可能是“正拳突/正拳冲拳”；当前“正拳突”是否为规范术语无法从一般义可靠确定，暂不改。
increment_5_to_20pct,1267480,股関節,こかんせつ,f24e428t1,gloss,coxa,,髋骨,Coxa 在解剖学可指髋部/髋关节区域，也可指髋骨；但 source gloss 同时把它列作 hip joint 同义词。现译“髋骨”对应骨而非关节，需核对专业词表及英文源定义。
increment_5_to_20pct,2198900,持ち越し,もちこし,f115e878t3,gloss,hangover,,宿醉,英语 hangover 可指宿醉，也可泛指前一阶段遗留下来的影响/存量；该条日语义为持ち越し，中文“宿醉”是否为某种特定用法无法从上下文确认，暂不改。
increment_5_to_20pct,2595880,管理会社,かんりがいしゃ,f151e751t2,gloss,proprietary company,,业主公司,英文 proprietary company 与「管理会社」的对应关系不清楚，可能涉及特殊公司制度或源文错配；仅凭当前字段无法可靠确定中文释义。
increment_5_to_20pct,1386130,窃盗犯,せっとうはん,f35e1185t0,gloss,theft,,盗窃,窃盗犯是指实施盗窃的人（盗窃犯/窃贼），但英文给的是 theft（盗窃行为/罪名）；日英词性和对象冲突，暂不擅改。
increment_5_to_20pct,1506230,兵員,へいいん,f47e231t0,gloss,military strength,,兵力,日文兵員指军队人员，英文 military strength 更像兵力/军事力量；可能是源文义项不一致，暂不能据此确定准确中文范围。
increment_5_to_20pct,2114350,科捜研,かそうけん,f106e1557t0,gloss,forensic researcher,,法医研究员,科捜研是科學搜查研究所/法医科学研究机构的简称，英文却给 forensic researcher（研究人员），日英在机构与个人间冲突，暂不据英文改译。
increment_5_to_20pct,1291430,査察,ささつ,f26e852t2,example,Korea allowed an inspection by the IAEA.,朝(ちょう)鮮(せん)は国(こく)際(さい)原(げん)子(し)力(りょく)委(い)員(いん)会(かい)の査(さ)察(さつ)を受(う)け入(い)れた。,朝鲜接受了国际原子能机构的检查。,英文只写 Korea，日文「朝鮮」也可能泛指朝鲜/韩国历史称谓，不能据此确定应译“朝鲜”还是“韩国”，暂保留。
increment_5_to_20pct,1044430,クリーナー,クリーナー,f4e1701t0,gloss,cleaner,,清洁工,クリーナー / cleaner 可指清洁剂、清洁设备或清洁工；当前缺少上下文，无法确定目标词性和具体对象，保留原译。
increment_5_to_20pct,2847387,ツーリング,ツーリング,f194e832t0,gloss,tooling,,工具,词头ツーリング通常可指 touring，但该 sense 的 EN 明确给 tooling；现有字段没有上下文来裁定日英源冲突，保留原译并标记待核。
increment_5_to_20pct,1292080,債権,さいけん,f26e966t2,example,Bonds together with some money was stolen.,債(さい)権(けん)と一(いっ)緒(しょ)にお金(かね)も盗(ぬす)まれた。,债券连同一些钱一起被盗了。,日文債権意为债权/债务请求权，英文 Bonds 则是债券；例句源文存在实质冲突，现有中文跟随英文写作‘债券’，无法仅凭该条确认预期义项，暂保留。
increment_5_to_20pct,1389770,専業,せんぎょう,f35e1900t3,gloss,monopoly,,垄断,日文専業更直接指单一/专门经营的职业或业务；英文 monopoly 才对应经济学‘垄断’。缺少词条上下文，无法判断该英文 gloss 是否特指独占经营，暂保留现译并标记语义不完全对应。
increment_5_to_20pct,1997980,大量虐殺,たいりょうぎゃくさつ,f95e857t1,gloss,genocide,,种族灭绝,大量虐殺在日文通常指大规模屠杀，英文 genocide 限定种族灭绝；两者范围不同，缺少语境无法决定该英译是否为该条预期义项，暂保留。
increment_5_to_20pct,2854379,バイス,バイス,f201e279t3,xref,vice-president,,副总统,xref 仅给出泛指职位 vice-president，中文‘副总统’限定国家职位，而‘副总裁’适用于企业；缺少引用对象上下文无法确定，暂保留。
increment_5_to_20pct,1672050,無自覚,むじかく,f65e1465t4,gloss,apathetic,,无自觉的,EN apathetic 指冷漠、漠不关心，但日语無自覚及该组其他释义指缺乏自觉或意识；两种源义存在冲突，无法可靠决定应以哪一义为准。
increment_5_to_20pct,1380350,聖人,せいじん,f34e1994t6,gloss,refined sake,,精酿清酒,聖人用于清酒的历史性专门义；英语 refined sake 与现译“精酿清酒”的工艺含义可能有偏差，未能可靠确定适当中文术语，保留原文。
increment_5_to_20pct,1098430,バスケット,バスケット,f8e1619t4,gloss,basket cloth,,篮布,basket cloth 是罕见/语境不足的布料术语，现译“篮布”对应关系无法可靠确认，保留原文。
increment_5_to_20pct,2081050,宮,みや,f103e1002t1,example,"In the temple courts he found men selling cattle, sheep and doves, and others sitting at tables.",そして、宮の中に、牛や羊や鳩を売るもの達と両替人達が座っているのをご覧になった。,然后，他看到在神社里面，卖牛、羊和鸽子的人以及兑换货币的人坐着。,JA 宮の中与 EN temple courts 均可能指宗教建筑空间，但旧译按“神社”处理；缺少上下文以确定此处应为神社、寺院或宫殿，保留现译。
increment_5_to_20pct,1552690,留め,とめ,f51e879t0,gloss,"(a) stop (e.g. in a timber joint, or at the end of a kanji stroke)",,（例如木构件的榫眼或汉字笔画的末端）的停顿,木工接合语境中的 stop 指具体构造部位/止挡，日英释义信息不足以可靠决定最妥当的中文木工术语；现译“榫眼”疑不准但不擅自定词，保留原文。
increment_5_to_20pct,2782510,いで,いで,f169e1074t1,gloss,well,,哎呀,古语感叹词 いで/いでや 的话语功能受具体上下文影响，EN well 可能是承接语或催促，现译“哎呀”不够确定；无语境可作依据，保留原文。
increment_5_to_20pct,1233720,供述,きょうじゅつ,f20e1911t0,gloss,affidavit,,宣誓书,法律术语存在源文差异：JA 供述是供述/陈述，EN affidavit 特指经宣誓的书面陈述；现译“宣誓书”符合英文但可能超出日文义，缺少具体法域语境，保留原译。
increment_5_to_20pct,1399600,想起,そうき,f36e1810t3,gloss,anamnesis,,回忆术,anamnesis 是特定哲学/心理学术语；现译‘回忆术’可能误解为记忆技巧，需核实该条拟指柏拉图式回忆说还是一般回忆，暂不擅改。
increment_5_to_20pct,1399600,想起,そうき,f36e1810t4,xref,anamnesis,,回忆术,xref 同样涉及 anamnesis 的专业义；需核实目标词条语境后才能确定中文对应，暂保留原译。
increment_5_to_20pct,2871317,約束された,やくそくされた,f217e912t4,gloss,natural,,自然的,約束された的这项英文标为 natural，可能表达命中注定/必然，但缺少上下文无法确认；‘自然的’是否为源词条已有特定用法不明，暂保留。
increment_5_to_20pct,1356490,情報量,じょうほうりょう,f32e1211t3,gloss,surprisal,,惊讶度,information theory 中 surprisal 的中文专业译名可能是‘自信息’或‘惊异度’，现译‘惊讶度’不确定是否来自该数据源术语体系，暂不改。
increment_5_to_20pct,2246880,バイ,バイ,f120e1407t0,gloss,Japanese Babylon (Babylonia japonica),,日本贝,该义是特定海螺 Babylon japonica；现译‘日本贝’过于泛化，准确中文物种名需可靠分类学来源确认，暂保留。
increment_5_to_20pct,2246880,バイ,バイ,f120e1407t1,gloss,Japanese ivory shell,,日本象牙贝,Japanese ivory shell 的常用中文物种名无法仅凭通用词义确定，避免误用具体物种名，暂保留。
increment_5_to_20pct,1144630,レイプ,レイプ,f12e472t2,example,"Within the rape crisis movement, Greensite's dissent is significant.",レイプ危(き)機(き)運(うん)動(どう)の内(ない)部(ぶ)においては、グリーンサイトによる異(い)議(ぎ)表(ひょう)明(めい)は重(じゅう)要(よう)な意(い)義(ぎ)を持(も)っている。,在强奸危机运动内部，Greensite的异议声明具有重要意义。,rape crisis movement 是特定社会运动术语，现译‘强奸危机运动’不自然；需要确认中文运动名称及其范围后再改。
increment_5_to_20pct,2865696,チカ,チカ,f211e1790t0,gloss,Japanese surfsmelt (Hypomesus japonicus),,日本银鱼（Hypomesus japonicus）,Hypomesus japonicus 的中文常用物种名需核实；‘日本银鱼’可能与其他鱼类混淆，暂保留现译。
increment_5_to_20pct,1616210,性悪,しょうわる,f60e681t1,gloss,inconstancy,,无常,英文给出 inconstancy，但日语词头性悪（しょうわる）及该词通常义指性情恶劣/坏心肠；来源义项与词头明显冲突，不能仅据英文确定中文应译，暂保留并标疑。
increment_5_to_20pct,2177790,危,き,f113e553t4,xref,② seven mansions (Chinese constellations) of the northern heavens,,牛（Bos taurus）,xref 英文为“北方天空中的七宿”，中文却为“牛（Bos taurus）”，与当前危宿及二十八宿背景也无法直接对应；交叉引用对象来源冲突，需查明对象后才能修正，暂保留。
increment_5_to_20pct,1497410,浮き立つ,うきたつ,f46e530t5,example,That keeps me on my toes.,爪(つま)先(さき)が浮(う)きたっちゃうよ。,脚尖都翘起来了。,英文 idiom 是“keeps me on my toes”（使人保持警觉），日文却直说爪先浮起；中文沿日文作“脚尖都翘起来了”略显生硬且两源隐喻不同，缺乏语境无法确定原句意图，暂保留。
increment_5_to_20pct,1881440,締り,しまり,f85e1358t15,gloss,corner enclosure,,角部包围,围棋shimari的英释、同条info和中文释义在“角部包围”的对象与结构上略不一致；将info改成明确的区域定义，保留该术语词面译法供术语审校。
increment_5_to_20pct,1167990,芋虫,いもむし,f14e866t1,gloss,(hairless) caterpillar,,（无毛的）毛毛虫,英文限定hairless caterpillar，但中文常用“毛毛虫”并不严格限定毛发；若保留“毛毛虫”可能与限定看似冲突，改成具体中文分类名需结合原词虫种确认，暂记术语疑点。
increment_5_to_20pct,1387030,舌鼓を打つ,したつづみをうつ,f35e1428t2,example,We banqueted on lobster that night.,その夜我々は大エビに舌鼓を打った。,那天晚上，我们吃龙虾吃得津津有味。,英文称 lobster，而日文大エビ通常指大虾；源文存在物种冲突，依日文优先原则保留现译并标疑。
increment_5_to_20pct,2600310,刷,さつ,f151e1635t2,gloss,issue,,期,issue 对印刷次数/刊物期数的具体用法依上下文而定，现有义项未提供语境，无法可靠决定中文计数词。
increment_5_to_20pct,2797000,お側,おそば,f171e46t6,gloss,while,,当……时,英文释义 while 与お側（在旁、近旁）的对应缺少上下文，难以确认这里是‘在旁时’还是源释义映射异常；暂保留现译。
increment_5_to_20pct,1444530,斗,と,f41e480t6,xref,② seven mansions (Chinese constellations) of the northern heavens,,牛（Bos taurus）,该 xref 英文指北方七宿，但中文为“牛（Bos taurus）”，像是物种名而非星宿；需查看引用目标原始结构才能判断应保留的对象释义。
increment_5_to_20pct,2709560,サバキ,サバキ,f162e1125t7,gloss,sabaki,,打手,围棋术语 sabaki 在中文有治孤、腾挪等不同译法；来源只给日语音译和英释，无法确认此词库首选译名，保留音译。
increment_5_to_20pct,1237570,狂言,きょうげん,f21e608t6,gloss,make-believe,,胡言乱语,狂言可指荒诞言行或假扮表演，英文 make-believe 未充分消歧，现译“胡言乱语”可能对应另一用法，需结合原始辞典条目确认。
increment_5_to_20pct,1433540,通り名,とおりな,f40e416t5,gloss,house name,,门牌名,英文 house name 对应的对象不够明确，可能指家名/屋号，也可能是房屋本身的名称；无法仅凭该字段确认“门牌名”是否误译，暂保留并标记待查。
increment_5_to_20pct,2488500,レット,レット,f141e1327t0,gloss,let,,发球,レット作为体育术语在常见网球用法中指擦网后判重发球，但该字段只给出泛化的 let，未提供具体运动/规则语境，无法确认释义范围，暂保留“发球”并标记待查。
increment_5_to_20pct,2067660,トラブる,トラブる,f102e470t2,gloss,to cause trouble,,引起麻烦,该条词性标为不及物且词头トラブる通常指自己遇到故障/麻烦，但英文 gloss 写作及物的“to cause trouble”，与日语词性和现译存在冲突；需核对词典源条目后再决定。
increment_5_to_20pct,2796480,話題性,わだいせい,f170e1952t1,gloss,news hook,,新闻钩子,news hook 是新闻学术语，原译“新闻钩子”可能是行业用法，也可能需要按中文新闻编辑惯例译作“新闻由头”；目前无法凭条目内容判定本地术语是否错误，保留并标记待查。
increment_5_to_20pct,1146860,ローラー,ローラー,f12e818t1,example,"The front-roller thrust angle is 2 degrees, probably there were plans to strengthen that angle a little when racing.",フロントローラーのスラスト角は２度、多分レース時にはもう少し角度を強める予定です。,前轮推力角为2度，大概比赛时会把角度再调大一些。,例句可能涉及模型车/赛车的前滚轮角度，但 roller 与 thrust angle 在该专业场景中的中文术语需结合原文完整语境确认；保留现译并标记待查。
increment_5_to_20pct,1829930,生き別れ,いきわかれ,f81e456t0,gloss,lifelong separation,,生离死别,生き別れ指亲友在人世时被迫分离，英语 lifelong separation 与中文常用“生离死别”都可能带出不同的时长/死亡含义；缺少具体语境，暂保留。
increment_5_to_20pct,2151640,飲み,のみ,f110e1315t4,gloss,stock market bucketing,,股票市场的分档,stock market bucketing 是证券交易中的专门做法；现译“股票市场的分档”可能按 bucket 字面处理，但无法仅凭该简短 gloss 确定应译“对赌”或其他术语，暂保留并待查。
increment_5_to_20pct,2869280,ウェア,ウェア,f215e464t0,gloss,ware,,ware,ウェア在该计算机相关词条中用作英语构词成分 ware，但独立释义“ware”可能指商品，也可能是复合词后缀；仅凭此字段无法确定应选哪种中文表述，保留并标记待查。
increment_5_to_20pct,1479770,半島,はんとう,f44e1411t2,gloss,Korea,,韩国,半島的敏感口语义英译为Korea，但中文‘韩国’可能限定为南韩；需结合该日语义的历史或语用范围确认是否应作‘朝鲜半岛’或其他表述，当前保留原译。
increment_5_to_20pct,2014400,撃鉄,げきてつ,f97e96t2,gloss,cocking piece,,击锤,撃鉄与英语cocking piece并非在所有枪械结构中都是同一部件；仅凭本条无法确认应统一译为击锤还是另用击栓/待击件，保留现译。
increment_5_to_20pct,1114050,ブランケット,ブランケット,f10e23t1,gloss,(rubber) blanket,,橡胶毯,该义为印刷术 rubber blanket，属于专业耗材名称；需核实中文行业规范术语是橡皮布、橡胶毯或其他称法，暂保留原译。
increment_5_to_20pct,2868440,管,くだ,f214e896t2,gloss,bobbin (in a shuttle or spinning wheel),,管,纺织机械中的 bobbin 是梭子或纺轮上的绕线部件，中文可能用梭芯、纡子或线轴；缺少具体机械语境，暂保留原译。
increment_5_to_20pct,2863331,ポコ,ポコ,f209e1341t0,gloss,poco,,poco,音乐术语 poco 在乐谱中常作力度/速度标记，具体应译‘稍许’还是作为意大利文演奏指示保留，需看其与后续术语的组合；本条单独列出暂保留原文。
increment_5_to_20pct,1320520,漆,うるし,f29e288t1,gloss,japan,,日本漆,英译 japan 指日本产漆/日本漆工艺，中文‘日本漆’可能是专门术语，也可能被理解为来自日本的普通漆；需结合工艺语境确认，暂保留。
increment_5_to_20pct,2864227,といいのだが,といいのだが,f210e975t2,gloss,I'd rather,,最好,日文文型といいのだが通常是‘希望……就好了’，但英文 I'd rather 表示‘宁愿……’；语源释义有冲突，现保留‘最好’待核实。
increment_5_to_20pct,1534990,黙示録,もくしろく,f49e1386t2,example,"Outside the mainstream of orthodox Judaism, the apocalyptic books were more successful with certain movements.",ユダヤ正統派の主流から外れた部分においては、黙示録はある種の運動に対して、より成功を収めたのである。,在犹太教正统派的主流之外，启示录在某些运动中取得了更大的成功。,英文说 apocalyptic books（末世启示类著作，复数/类型），日文却直接用黙示録，可能指具体《启示录》；现有中文《启示录》沿日文保留，缺少语境无法确定应译具体书名还是文类。
increment_5_to_20pct,1349040,少将,しょうしょう,f31e1749t2,gloss,air commodore,,空军少将,英文air commodore与中文空军少将并非同一军衔等级；日文少将对应的英语军衔体系映射存在来源冲突，无法确定应忠实翻译或保留日军阶等值。
increment_5_to_20pct,2866806,ヒラ,ヒラ,f212e1836t0,gloss,elongate ilisha (Ilisha elongata),,长体银鱼（Ilisha elongata）,Ilisha elongata的中文通用名存在不同译名；“长体银鱼”可能误归鲑形目银鱼类，但在无可靠术语来源支持的情况下暂不更改。
increment_5_to_20pct,2734060,クリュ,クリュ,f164e1627t0,gloss,cru (wine classification),,园,葡萄酒分类语境中的 cru 指产区/葡萄园等级或该等级酒，中文专业译名因体系和产地而异；单凭条目不能判断“园”是否为完整准确的本地术语，保留并待核。
increment_5_to_20pct,1596250,税込み,ぜいこみ,f57e508t1,gloss,pretax (income or profits),,税前（收入或利润）,本词头「税込み」明确表示含税，但该字段英文释义写 pretax，与词头相冲突；无法判断是该译文错位还是源条目英文错误，保留原文待查。
increment_5_to_20pct,1596250,税込み,ぜいこみ,f57e508t2,gloss,before tax,,税前,本词头「税込み」明确表示含税，但该字段英文释义写 before tax，与词头相冲突；无法判断是该译文错位还是源条目英文错误，保留原文待查。
increment_5_to_20pct,2827358,金属質,きんぞくしつ,f175e671t0,gloss,mineral matter,,矿物质,英语 mineral matter 与日语词头「金属質」的语义明显冲突；现中文对应英语，但无法判断是源英文错配还是日文义项错位，因此保留原文。
increment_5_to_20pct,1098080,バインダー,バインダー,f8e1561t3,gloss,binder,,捆扎物,binder 在缺少上下文时可指捆扎物、黏合剂或装订类物品；现译“捆扎物”是否符合该义项来源无法判断，保留待核。
increment_5_to_20pct,1932700,機関室,きかんしつ,f89e724t0,gloss,engine room,,机舱,engine room 的中文通常需按场景译为船舶“轮机舱”或建筑/设施“机房”，原条没有提供场景；保留“机舱”并待核具体对象。
increment_5_to_20pct,1415060,大麻,たいま,f38e929t5,gloss,Shinto paper offerings,,神道纸钱,日语「大麻」的古义指神道祭祀用的纸质祓具，英语泛写 Shinto paper offerings；其中文术语究竟是大麻、御幣、祓串等需结合仪式/词典来源核对，暂保留现译。
increment_5_to_20pct,2857561,ティタン,ティタン,f204e98t1,example,This handmade Italian-made titanium bicycle is terribly light.,この手(て)作(づく)りのイタリア製(せい)チタン自(じ)転(てん)車(しゃ)は、恐(おそ)ろしく軽(かる)い。,这辆意大利手工制作的钛合金自行车轻得惊人。,此组是希腊神话 Titan/土卫六义项，但例句说的是钛合金自行车，似乎来自读音相同的元素名义项；现译本身准确，但源义项归属不清，保留待查。
increment_5_to_20pct,1471090,波紋,はもん,f43e1641t4,gloss,Japanese slit drum,,日本裂鼓,music义的Japanese slit drum为一种日本铁制开槽打击乐器，但不确定“日本裂鼓”是否为中文规范乐器名；需音乐器物术语来源确认。
increment_5_to_20pct,1606250,略奪,りゃくだつ,f59e365t4,example,"According to Tom, Mary is just a predatory guru who promises gain.",トムによって、メアリー様(さま)は利(り)益(えき)を約(やく)束(そく)する略(りゃく)奪(だつ)の尊(そん)師(し)の一(ひと)つしかありません。,据汤姆所说，玛丽只不过是承诺利益的一个掠夺者。,英文与日文都把 predatory 表作略夺性、把 guru 表作宗师，但整句人物身份及“承诺利益”的修饰关系不够明确，现译漏出guru，无法可靠重构整句译文。
increment_5_to_20pct,1037590,カッター,カッター,f4e673t7,gloss,cutter (boat),,切割船,cutter (boat) 是具体船型术语，现译“切割船”显然按词面硬译，但这一词条可能指不同小艇类型，未核实可靠的对应船型名称前保留原文。
increment_5_to_20pct,2207110,印象を与える,いんしょうをあたえる,f116e582t2,example,I'm afraid the story will give him a wrong impression.,この話(はなし)をすると彼(かれ)は間(ま)違(ちが)った印(いん)象(しょう)を与(あた)えるんじゃないかな。,讲这个故事，恐怕会给他留下错误的印象吧。,中文依英文把故事作为给予错误印象的原因；日文则以彼（他）为“给出错误印象”的主语，日英主客体冲突，无法可靠裁定应如何改写中文，暂保留。
increment_5_to_20pct,1634710,集合体,しゅうごうたい,f61e1999t2,example,"Together, the developers may amend this constitution, provided a 3:1 majority is in agreement.",開発者は集合体として以下の権限を持つ。３：１の賛成多数をもって、この憲章を修正できる。,开发者作为集合体拥有以下权限。以3:1的多数赞成票，可以修改本章程。,英文例句仅为开发者一起可修改章程，日文与中文都另有‘作为集合体拥有权限’的句子成分，三方并非完全对齐；仅凭当前字段无法确定中文是否对应了更长的英文源句，因此保留原文待源文核对。
increment_5_to_20pct,1232670,虚偽,きょぎ,f20e1728t4,example,Reject all its lies and vulgarity.,新(しん)聞(ぶん)のさまざまな虚(きょ)偽(ぎ)や卑(ひ)俗(ぞく)さにも関(かか)わらず。,不顾新闻中各种虚假与卑俗之处。,英文例句说‘拒绝/摒弃其谎言和低俗’，而日文、中文都表现‘尽管报纸内容虚伪低俗’；两源方向不同，无法确定应以哪句为准，暂保留。
increment_5_to_20pct,1224560,偽善,ぎぜん,f20e249t1,example,Hypocrisy is the homage that vice pays to virtue.,偽善とは悪徳が徳に対して払う忠順の誓いである。,伪善是恶德对德所支付的忠顺的誓约。,英文 famous quotation 用 homage（致敬），日语来源却写忠順の誓い（忠顺誓言），现中文沿用了日语的誓约义；例句两种来源含义不完全一致，按规则保留待确认。
increment_5_to_20pct,1498970,武勇伝,ぶゆうでん,f46e820t5,gloss,acts of violence,,武勇传,该义英文为 acts of violence，而日语词头及其他同sense释义均是勇武事迹/英雄故事，无法判断这条释义是否指暴力事迹或英文源义误配，保留原译待核。
increment_5_to_20pct,1242420,近代,きんだい,f21e1483t4,gloss,"early modern period (in Japan, usu. from the Meiji Restoration until the end of World War II)",,近代（指日本明治维新至二战结束）,英文 historical gloss 的 early modern period 与日语近代及中文所给日本明治维新至二战时期并非同一历史分期；现译遵循日语词义，留待源文核对。
increment_5_to_20pct,1326110,主犯,しゅはん,f29e1499t0,gloss,principal offence,,主罪,英语 principal offence 指主要罪行，但日语主犯及当前中文‘主罪’分别指主犯、主要罪名；无法由字段确定英语是否错配或目标应补另一个词义，保留待核。
increment_5_to_20pct,1631830,癖に,くせに,f61e1395t2,gloss,when,,当……时,英文释义 when 与中文‘当……时’对应，但日语助词癖に通常表达‘明明……却/尽管’，看起来是源释义与日语用法冲突；无法仅据此批次判断是否存在特殊语境义，暂不改。
increment_5_to_20pct,1188590,いずれまた,いずれまた,f16e1170t2,gloss,before long,,改日,英文 before long 表示不久，日文いずれまた通常是改天、以后某时；现译‘改日’贴合日语，但英文时间远近不同，暂不擅改。
increment_5_to_20pct,1171740,羽交い締め,はがいじめ,f14e1703t0,gloss,full nelson,,全身锁,full nelson 是摔跤中的特定控制技法，‘全身锁’不确定是否为该技法的标准中文术语；暂保留原译，避免擅换术语。
increment_5_to_20pct,2864648,眉をしかめる,まゆをしかめる,f210e1878t1,gloss,to raise one's eyebrows,,扬起眉毛,英文释义为 to raise one's eyebrows，但日文词头 眉をしかめる／顰める 通常指皱眉；中译“扬起眉毛”忠实英文却可能背离日文，需确认原词源/释义是否误配。
increment_5_to_20pct,1357420,織る,おる,f32e1413t1,example,She folded napkins all the way.,彼(かの)女(じょ)はずっとナプキンを織(お)り続(つづ)けた。,她一直在织餐巾。,英文例句说折叠餐巾，日文明确说持续织餐巾，冲突无法仅靠释义判定；现有中文跟日文。
increment_5_to_20pct,1436380,提携,ていけい,f40e891t5,gloss,sponsorship,,赞助,日文提携通常是合作/伙伴关系，英文 sponsorship 也可能有赞助含义；当前中译赞助无法在缺少具体语境时判定为错。
increment_5_to_20pct,2254740,スカスカ,スカスカ,f121e1020t3,gloss,pithy,,疏松的,英文 pithy 通常指简洁有力，与日文スカスカ的空疏义以及中文“疏松”不吻合；可能是源释义误配，暂保留中译。
increment_5_to_20pct,1543860,余す,あます,f50e1101t3,example,He tried to save something from his travel expenses.,彼(かれ)は、旅(りょ)券(けん)を余(あま)そうとした。,他试图节省旅费。,英文说节省旅费，日文写 旅券（护照）を余そう，二者词义冲突；中文当前跟英文，需核对原例句是否误植。
increment_5_to_20pct,1644740,涙腺,るいせん,f63e26t2,example,I was told my tear duct was blocked.,涙(るい)腺(せん)が詰(つ)まっていると言(い)われました。,听说泪腺堵塞了。,英文例句称 tear duct（泪管）堵塞，日文写 涙腺（泪腺）堵塞，二者是不同解剖结构；中文跟随日文，需确认英文原句是否误配。
increment_5_to_20pct,1478100,罰則,ばっそく,f44e1109t5,gloss,penal code,,处罚法典,英文 penal code 通常为刑法典，日文 罰則 指处罚条款/制裁规定，原译按英文；义项源文的范围不一致，暂不改。
increment_5_to_20pct,2037860,ただじゃおかねえ,ただじゃおかねえ,f99e487t1,gloss,you'd better keep your mouth shut!,,你最好闭上嘴！,英文给出‘you'd better keep your mouth shut’，中文现译对应这句话，但日文原句ただじゃおかねえ及例句都表示‘不会轻易放过你’的威胁，源义与此条英文释义不一致；保留原文待确认源条目。
increment_5_to_20pct,1519190,忘る,わする,f48e593t0,gloss,to lose something,,遗失,日文词头忘る通常表示‘忘记’，但英文释义限定为 to lose something、原译为‘遗失’；目前无法确认这里指遗失物品还是忘记，保留原译并标记源义冲突。
increment_5_to_20pct,1881600,杓,しゃく,f85e1386t5,gloss,Queen Anne's lace,,安妮女王蕾丝,Queen Anne's lace 常见对应野胡萝卜，而本条日语植物名/同组其他英文名指向 Anthriscus sylvestris；需确认词典源条目的植物种对应，暂不按字面保留或擅自改植物中文名。
increment_5_to_20pct,1750010,青木,あおき,f73e332t0,gloss,Japanese laurel (Aucuba japonica),,日本桂（Aucuba japonica）,Aucuba japonica 的中文植物通名存在地区及分类名差异；“日本桂”是否为本词典采用的规范名称需要植物学来源确认，暂不替换。
increment_5_to_20pct,1089390,ドロー,ドロー,f8e294t3,gloss,draw (shot),,抽球（高尔夫）,draw shot 是特定高尔夫球路术语，不等于泛指抽球；中文规范术语的左右曲方向依击球者惯用手而异，需核对专业术语后再定。
increment_5_to_20pct,1146130,レンジャー,レンジャー,f12e711t0,gloss,ranger,,护林员,ranger 可指护林员，也可指特定军警/特种部队人员；现有示例没有足够信息确定其语境所指，暂不保留单一职业译法。
increment_5_to_20pct,1635910,受精,じゅせい,f62e212t3,gloss,pollination,,授粉,日语受精指受精过程，但英文 gloss 列入 pollination（授粉），二者是不同的生物学过程；源文相互冲突，暂不改中文。
increment_5_to_20pct,1116970,プレミア,プレミア,f10e471t0,gloss,premium,,高级的；优质的,プレミア作名词时可能指高于原价的溢价/炒价，也可能借英语 premium 表示优质；仅凭该条未标注的 gloss 无法确定此处取义，暂不改。
increment_5_to_20pct,1416790,鱈,たら,f38e1260t0,gloss,"gadid (any fish of the family Gadidae, incl. cod, haddock, whiting and pollack)",,鳕鱼科鱼类（包括鳕鱼、黑线鳕、白线鳕和油鳎等）,英文 fish-family 列表中的 pollack 被译为“油鳎”，但油鳎属于不同鱼类；这些鱼类通名的中文对应涉及分类和地区名称差异，需核对权威鱼类名录后再修正。
increment_5_to_20pct,1401720,総長,そうちょう,f37e395t1,gloss,vice-chancellor,,副校长,大学总长/校长职位的中英制度对应不一；英式 vice-chancellor 常是大学最高负责人，而中文“副校长”通常低于校长，需结合日本职位制度确认。
increment_5_to_20pct,1176380,延べ,のべ,f15e676t0,gloss,futures,,未来,延べ本义及本条其他释义都围绕累计/总量，英文孤立给出 futures，中文按此译为“未来”；缺少语境判断这里是否为金融期货义或英文源条目误配，暂不改。
increment_5_to_20pct,1098470,バスター,バスター,f8e1624t0,gloss,fake bunt,,假推棒,fake bunt/slash bunt 是棒球战术术语，中文术语需核对规则和专业译名；“假推棒”“劈砍推棒”明显生硬，但不宜在未确认对应动作前替换。
increment_5_to_20pct,1098470,バスター,バスター,f8e1624t1,gloss,slash bunt,,劈砍推棒,slash bunt 为特定棒球战术，与一般击球动作不同，需核对规范中文名称后再修订。
increment_5_to_20pct,1566240,孵化,ふか,f52e1619t0,gloss,incubation,,孵化,日语孵化及中文“孵化”指卵孵出，而英文 incubation 特指孵化前的保温/发育过程；日英源释义不一致，暂不替换。
increment_5_to_20pct,1401770,総務,そうむ,f37e407t4,gloss,adjutant general,,参谋长,adjutant general 是特定军职，中文“参谋长”通常对应 chief of staff，二者职掌/级别不必然相同，需确认所指国家军制后再定。
increment_5_to_20pct,1583420,氷水,こおりみず,f54e1967t3,xref,shaved ice (usually served with flavored simple syrup); Italian ice; snow cone; sno-cone,,刨冰（通常搭配风味糖浆食用）；意大利冰；雪锥；雪锥,xref 里的 Italian ice 和 snow cone 是地区性刨冰甜品名称，“意大利冰”“雪锥”均是生硬直译，需核对对应食品及规范中文通名。
increment_5_to_20pct,1980130,マイン,マイン,f93e1125t0,gloss,mine,,矿脉,マイン的英语mine可指矿井/矿坑、矿藏或水雷等；缺少领域标签或语境，现有‘矿脉’仅与其中矿藏义吻合，暂不据此擅改。
increment_5_to_20pct,1109520,フェーズ,フェーズ,f9e1337t0,gloss,phase,,相位,フェーズ的英语phase可泛指阶段，也可指物理相位；条目没有学科标签或语境，现译相位可能过度限缩，先保留并记录。
increment_5_to_20pct,2865741,スマ,スマ,f211e1891t0,gloss,mackerel tuna (Euthynnus affinis),,鲣鱼（Euthynnus affinis）,Euthynnus affinis的中文标准物种名可能是扁舵鲣，而现译鲣鱼较宽泛；具体常用名有地域差异，未据此擅改。
increment_5_to_20pct,2811510,豆汁,ご,f172e969t0,gloss,go,,go,日语读音ご及英文go与紧随其后的大豆浸泡研磨释义并不直观对应，可能涉及传统大豆原料称呼；现译也未处理为中文，需可靠术语来源后再改。
increment_5_to_20pct,1953900,掴み,つかみ,f91e599t2,xref,scoring combination made with captured cards; meld,,由抓取的牌组成的计分组合；副露,花札语境的 scoring combination / meld 需要核实标准中文牌型术语；现译‘副露’是麻将专门术语，不能确认花札对应说法，暂不擅自替换。
increment_5_to_20pct,1697020,組手,くみて,f68e305t7,gloss,yotsu-gumi clinch,,四股组手,相扑 yotsu-gumi clinch 是腰带抓握/四つ組み相扑姿势；中文‘四股组手’疑为误套‘四股’，但具体规范译名需要核实术语来源。
increment_5_to_20pct,1299430,雑種,ざっしゅ,f27e243t3,example,Europe is a continent of energetic peoples.,ヨーロッパは強(きょう)力(りょく)な雑(ざっ)種(しゅ)民(みん)族(ぞく)大(たい)陸(りく)である。,欧洲是一个充满活力的混合民族大陆。,例句日文为「ヨーロッパは強力な雑種民族大陸である」，与英文 energetic peoples 及现译“充满活力的混合民族大陆”存在强力/活力等源文差异；表达还涉及作者对民族混合的修辞，暂不能可靠定稿，保持原文。
increment_5_to_20pct,1272760,候補地,こうほち,f24e1432t1,gloss,site chosen,,候选地,EN site chosen 与本词头候補地（候选地点）存在已选定/候选状态差异；现译按日文为“候选地”，尚不清楚英文释义是宽泛表达还是实质矛盾，暂保留。
increment_5_to_20pct,1939080,新聞配達,しんぶんはいたつ,f89e1901t2,gloss,new,,新的,「新聞配達」整体指送报/送报工作，但该字段英文单独为 new、中文为“新的”，与词头及同组其他送报义明显冲突；无法确认该字段原本想表达的子义，先保留并标疑。
increment_5_to_20pct,2869616,タクト,タクト,f215e1183t3,gloss,tact (verbal operant),,言语行为,心理学/行为分析中的 tact (verbal operant) 是 Skinner 术语，现译“言语行为”过于泛化；其规范中文术语（如指称行为/命名行为）需要领域来源确认。
increment_5_to_20pct,2869616,タクト,タクト,f215e1183t4,xref,mand (verbal operant),,言语行为,这是对 mand 这一心理学言语行为术语的 xref 释义，目前译“言语行为”未区分 tact 与 mand；需确认 mand 的规范中文术语后再修。
increment_5_to_20pct,1794450,洋服屋,ようふくや,f77e1721t2,example,My dress was ruined when it came back from the cleaner's.,私の洋服屋から戻ってきた時に破れていた。,我的衣服从干洗店回来时已经破了。,例句日文写「私の洋服屋から戻ってきた時に破れていた」而英文是从干洗店回来，中文跟随英文；日英源句指涉有冲突，无法仅据现有文本确定正确事件。
increment_5_to_20pct,1627070,日銭,ひぜに,f61e446t1,gloss,money paid by daily installments,,每日分期付款,日語日銭通常指每日现金收入或日结收入，但此英文义明确写 money paid by daily installments；原译“每日分期付款”忠实于英文，来源之间存在语义冲突，暂不改动。
increment_5_to_20pct,1169650,引導,いんどう,f14e1242t0,gloss,last words recited to the newly departed,,临终开示,佛教术语引導指向亡者宣读的特定仪式用语，‘临终开示’可能把对象/时点提前到临终前；需确认具体汉传佛教仪式规范。
increment_5_to_20pct,1169650,引導,いんどう,f14e1242t1,gloss,requiem,,安魂曲,requiem通常指安魂弥撒或安魂曲，与佛教引導仪式是否等值无法可靠确定，保留原译并标记待专业确认。
increment_5_to_20pct,1324940,主,おも,f29e1322t7,gloss,main secondary or supporting role (in kyogen),,（狂言中的）主要次要角色或配角,狂言角色名称的专业划分无法仅凭此释义可靠确认，英文‘main secondary or supporting role’本身也含混；暂保留。
increment_5_to_20pct,1324940,主,おも,f29e1322t9,xref,main deuteragonist; main secondary or supporting role,,主要次要角色；主要次要角色或配角,xref中main deuteragonist是特定戏剧角色称谓，难以确定狂言中的准确中文术语，暂保留。
increment_5_to_20pct,1497760,符帳,ふちょう,f46e612t2,gloss,mark,,（秘密）暗号,该义项的日文词头符帳可指暗记/符号，英文 mark 也有一般标记和秘密标记义，现译‘（秘密）暗号’可能成立；因释义约束不足，暂不擅自替换。
increment_5_to_20pct,1497760,符帳,ふちょう,f46e612t3,gloss,(secret) price mark,,暗语,符帳作为历史上的秘密价格标记/暗记，具体对应何种标价暗号形式无法仅凭通用释义确认；暂保留现译并待历史术语核对。
remaining_80pct,1043010,ギムネマ,ギムネマ,f4e1482t0,gloss,gymnema (Indian herb),,苦寒草（印度草药）,gymnema通常涉及匙羹藤属植物，苦寒草译名需核实植物学来源。
remaining_80pct,1080180,テリーヌ,テリーヌ,f7e953t0,gloss,terrine,,法式炖菜,terrine通常指陶罐肉酱或冷盘而非炖菜，需查日语条目具体指食品还是容器后定译。
remaining_80pct,1086640,トリックワーク,トリックワーク,f7e1878t0,gloss,trick work,,骗术,トリックワーク可能专指影视特技摄影，需核实日语用法，不能仅按trick译为骗术。
remaining_80pct,1093940,ノックオン,ノックオン,f8e976t0,gloss,knock-on (rugby foul),,推击犯规（橄榄球）,knock-on为球向前掉落或碰出的橄榄球犯规，推击疑不准，需确认中文规范术语。
remaining_80pct,1113870,ブラックタイ,ブラックタイ,f9e1995t0,gloss,black tie,,黑色领带,black tie可能指正式晚礼服着装要求或黑色领结，需核查日文单义对应范围。
remaining_80pct,1120460,ページガール,ページガール,f10e1003t0,gloss,page girl,,页女郎,page girl中的page是侍从而非书页；具体是女侍童、旅馆女侍者或婚礼角色须核查日语用例。
remaining_80pct,1190160,架工歯,かこうし,f16e1467t0,gloss,pontic,,桥义齿,pontic通常指固定义齿的桥体而非整副桥义齿，需核实牙科规范中文。
remaining_80pct,1228290,吸金剛,ここんごう,f20e878t0,gloss,Hevajra,,吽迦罗,Hevajra一般对应喜金刚，但日文吸金刚及下一译项Eternal Vajra可能存在源文冲突，须核查本尊和读音。
remaining_80pct,1228290,吸金剛,ここんごう,f20e878t1,gloss,Eternal Vajra (tantric Buddhist deity),,永恒金刚（密教佛教神祇）,须核查吸金刚/Hevajra与Eternal Vajra是否同一本尊，再定永恒金刚译法。
remaining_80pct,1268710,五輪の塔,ごりんのとう,f24e667t0,gloss,five-story pagoda,,五重塔,五轮塔与五重塔是不同塔型，英文five-story pagoda可能源文错误，需核查原词条后修正。
remaining_80pct,1314370,事務次官,じむじかん,f28e1224t0,gloss,permanent vice-president,,常任副主席,事務次官应为常务副部长/事务次官，英文permanent vice-president疑误，需核查源词条后定译。
remaining_80pct,1351540,衝動行為,しょうどうこうい,f32e291t0,gloss,shock action,,冲击行为,日文衝動行為一般为冲动行为，英文shock action与之可能不符，需查原词条后确定。
remaining_80pct,1408160,多羅,たら,f37e1534t0,gloss,palmyra,,棕榈,palmyra通常特指糖棕而非泛指棕榈，需核实对应植物。
remaining_80pct,1408160,多羅,たら,f37e1534t1,xref,① palmyra,,① 棕榈,xref的palmyra可能应译糖棕，需核实多罗树植物学对应。
remaining_80pct,1408160,多羅,たら,f37e1534t2,gloss,lusterleaf holly,,光叶冬青,Ilex latifolia一般中文名大叶冬青，光叶冬青可能误名，需核实植物学来源。
remaining_80pct,1408160,多羅,たら,f37e1534t3,xref,① lusterleaf holly (Ilex latifolia),,① 光叶冬青（Ilex latifolia）,需核实Ilex latifolia的规范中文名，光叶冬青疑不准确。
remaining_80pct,1541270,有限個,ゆうげんこ,f50e572t0,gloss,countable,,可数的,有限個表示有限个数，英文countable还可包括可数无穷，需核实源文数学语义后定译。
remaining_80pct,1597660,超々大規模集積回路,ちょうちょうだいきぼしゅうせきかいろ,f57e1065t0,gloss,ultra large-scale integration,,超大规模集成电路,ULSI与VLSI的中文规模等级应区分，需核实规范术语是否特大规模集成电路。
remaining_80pct,1597660,超々大規模集積回路,ちょうちょうだいきぼしゅうせきかいろ,f57e1065t1,gloss,ULSI,,超大规模集成电路,ULSI译名疑与VLSI混用，需核实规范中文。
remaining_80pct,1599330,どなり立てる,どなりたてる,f57e1666t0,gloss,to stand and shout,,站立着大声喊叫,日文怒鳴り立てる的立てる不一定表示站立，英文to stand and shout可能误拆，需核查源文后定译。
remaining_80pct,1646360,斜滑降,しゃかっこう,f63e322t0,gloss,traversing,,横滑,斜滑降/traversing与横滑（side slipping）滑雪动作可能不同，需核查规范中文术语。
remaining_80pct,1702410,土竈,どがま,f68e1298t0,gloss,earthen kiln,,土灶,土竈与土窯共享earthen kiln源义，但中文灶和窑用途有别，需核对该异形词在源词典的指称。
remaining_80pct,1736790,水木,みずき,f71e1843t0,gloss,dogwood (Cornus controversa),,山茱萸,Cornus controversa与通常所称山茱萸不是同种，需核实植物学中文名（疑为灯台树）。
remaining_80pct,1755430,山葡萄,やまぶどう,f73e1635t0,gloss,"crimson glory vine (species of grapevine, Vitis Coignetiae)",,红藤（葡萄属植物，Vitis Coignetiae）,Vitis coignetiae为葡萄属，红藤中文常指其他植物；需核实中文学名后纠正。
remaining_80pct,1787570,太織り,ふとおり,f77e311t2,info,"silk cloth made from coarse fibers (futoito, tamaito or noshiito)",,由粗纤维织成的丝绸（如太织、女织或野织）,需核实ふとおり纺织术语以及括号内太糸、玉糸、熨斗糸的准确中文名称；现译‘女织、野织’疑不可靠。
remaining_80pct,1787570,太織り,ふとおり,f77e311t3,xref,low count yarn; thick thread,,低支纱；粗线,xref 对应太糸，需核实目标词条的中文译名及其纱支术语。
remaining_80pct,1787570,太織り,ふとおり,f77e311t4,xref,dupion silk,,双宫丝,xref 对应玉糸，需核实该纺织品术语在中文中的常用译名。
remaining_80pct,1787570,太織り,ふとおり,f77e311t5,xref,coarse silk from the outside of a cocoon (a type of waste thread),,蚕茧外层的粗丝（一种废丝）,xref 涉及蚕茧外层粗丝/废丝，需核实专业纺织术语后再考虑统一译名。
remaining_80pct,1787350,太白,たいはく,f77e275t1,xref,Venus (planet),,维纳斯（行星）,xref 明确是 Venus 行星而非罗马女神；应结合被引词条太白星的结构核实应译金星还是保留条目专名。
remaining_80pct,1835210,流質,りゅうしち,f81e1605t0,gloss,forfeiting a pawned article,,没收典当物,需核实流質作为典当术语是否对应中文‘绝当/死当’，现译‘没收典当物’可能把状态译成动作。
remaining_80pct,1894760,蔦紅葉,つたもみじ,f86e1125t0,gloss,maple,,枫树,蔦紅葉可指秋季变红的常春藤叶；词头、另一英文释义 scarlet-tinged ivy 与 maple 冲突，需查日文词源词典确认是否同词异义。
remaining_80pct,1920580,記号トークン,きごうトークン,f88e546t0,gloss,sign token,,符号记号,sign token 是专业术语，需核对该语境中的 token 是‘符号标记’还是其他术语，避免按字面译为冗余的‘符号记号’。
remaining_80pct,1924680,ピスコ,ピスコ,f88e1167t0,gloss,piston corer,,活塞芯棒,piston corer 是取样器具；需核实中文地质/海洋取样领域的规范器具名，现‘活塞芯棒’可能误指零件。
remaining_80pct,1935180,航海士,こうかいし,f89e1147t0,gloss,mate,,大副,mate 在航海语境可指大副或其他船副职务；当前译文过度限定为大副，需查该词条的具体英日词典释义。
remaining_80pct,1943440,伝導体,でんどうたい,f90e802t1,gloss,transmitter,,传输器,同一日语词的 conductor 与 transmitter 中文对应物不同；需核查此词是否另有传输器义，避免混淆导体和发射/传输设备。
remaining_80pct,1948820,連勝複式,れんしょうふくしき,f90e1708t1,gloss,dual forecast,,双预测,连胜複式属于赛马投注术语，dual forecast 的规范中文玩法名需查投注规则来源。
remaining_80pct,1948820,連勝複式,れんしょうふくしき,f90e1708t2,gloss,reverse forecast,,反向预测,reverse forecast 属投注术语，需核实其玩法定义和中文规范名。
remaining_80pct,1965010,スタンプ販売,スタンプはんばい,f92e293t0,gloss,stamp trading,,邮票交易,stamp trading 可能指集点印花/赠券销售而非邮票交易；需确认日本语语境中的 stamp 是何种印花。
remaining_80pct,1984690,ビードロ,ビードロ,f93e1902t0,gloss,biidoro,,玻璃弹珠,ビードロ是日本历史上的吹气发声玻璃玩具；现译玻璃弹珠疑指另一物，需核实biidoro具体器形后确定中文。
remaining_80pct,1984690,ビードロ,ビードロ,f93e1902t1,gloss,poppin,,泡泡糖,poppin 指吹气发声的玻璃玩具，不是泡泡糖；需查该器物是否有固定中文译名。
remaining_80pct,1961100,アモルファス太陽電池,アモルファスたいようでんち,f91e1735t0,gloss,amorphous solar cell,,非晶硅太阳能电池,日英释义只说非晶态太阳电池，现译限定为非晶硅太阳能电池；需确认原词条是否特指非晶硅材料。
remaining_80pct,2046050,地所観念,じしょかんねん,f100e307t0,gloss,the orientation of time and place,,对时间地点的取向,地所観念涉及时空取向的专业概念；需查该词的学科来源以确认 orientation 应译‘时空定位/时空观念’中的哪一种。
remaining_80pct,2046050,地所観念,じしょかんねん,f100e307t1,gloss,awareness of the existing situation,,对现状的意识,awareness of the existing situation 与词头的时空观念关系不清，需核查来源词典或原始语境。
remaining_80pct,2036830,フェティッシュ,フェティッシュ,f99e301t0,gloss,fetish,,恋物癖,fetish 可指恋物癖、崇拜对象或护符；需确认日语借词此处具体义项，现译只覆盖恋物癖。
remaining_80pct,2061190,沙羅,しゃら,f101e1150t3,gloss,Japanese stewartia (Stewartia pseudocamellia),,日本吊钟花（Stewartia pseudocamellia）,Japanese stewartia 的中文名在不同资料中可能为日本夏椿/日本吊钟花；需确认采用的植物名规范。
remaining_80pct,2095950,やさぐれ,やさぐれ,f104e1874t0,gloss,runaway (child),,逃家儿童,やさぐれ的词义可能涉及离家出走、流浪或叛逆不羁；需核对原词典语境确认 runaway child 对应的是离家儿童还是逃家儿童。
remaining_80pct,2164990,お詰め,おつめ,f112e36t1,gloss,tea master,,茶头,お詰め在茶道中是否指茶会主持者或末席/末位客人需核对茶道专门资料；当前‘茶头’可能指另一职务。
remaining_80pct,2175250,篠竹,すずたけ,f113e111t0,gloss,Sasamorpha borealis (species of bamboo grass unique to Japan),,Sasamorpha borealis（日本特有的竹草品种）,Sasamorpha borealis 有中文植物名；需核实中国植物名数据库采用‘日本箭竹’或其他名称，再决定是否替换学名加音译。
remaining_80pct,2175500,ストロフルス,ストロフルス,f113e152t1,gloss,red gum (skin condition primarily affecting children),,红色胶状物（主要影响儿童的皮肤状况）,red gum 是 strophulus 的旧英文俗名（小儿皮肤丘疹病），需确认中文医学病名；现译‘红色胶状物’肯定不是病名但不宜凭字面猜。
remaining_80pct,2190720,剣状軟骨,けんじょうなんこつ,f114e1204t0,gloss,xiphoid process,,剑状软骨,xiphoid process 通常译剑突，chondroxiphoid 则指剑突软骨；需确认该日语词条是否意指软骨还是剑突整体。
remaining_80pct,2185250,ソラリゼーション,ソラリゼーション,f113e1960t0,gloss,solarization,,太阳化,solarization 在摄影/印刷等领域有专门工艺义，需核查本词条语境以确定规范中文术语；‘太阳化’可能是直译。
remaining_80pct,2205190,タカジアスターゼ,タカジアスターゼ,f116e211t0,gloss,Takadiastase (form of diastase),,塔卡酶（一种酶的形式）,Takadiastase 是商标化的特定淀粉酶制剂，需查其既定中文产品/酶名，避免将商标随意音译。
remaining_80pct,2199580,深山川蜻蛉,みやまがわとんぼ,f115e1034t0,gloss,Calopteryx cornelia (species of damselfly),,深山川蜻蜓,Calopteryx cornelia 的标准中文物种名需核实；现‘深山川蜻蜓’可能是描述性直译。
remaining_80pct,2199580,ミヤマガワトンボ,ミヤマガワトンボ,f115e1035t0,gloss,Calopteryx cornelia (species of damselfly),,宫川蟌,Calopteryx cornelia 的中文物种名需与同条异写一致，现‘宫川蟌’的规范性待查。
remaining_80pct,2240830,縞蠅,しまばえ,f120e15t0,gloss,lauxaniid fly (any fly of family Lauxaniidae),,蠊蝇科蝇（蠊蝇科 Lauxaniidae 的任何一种蝇）,Lauxaniidae 的中文科名译作蠊蝇科/小蝇科等有异名，需查询规范分类数据库后统一。
remaining_80pct,2240830,大麻蝿,しまばえ,f120e18t0,gloss,lauxaniid fly (any fly of family Lauxaniidae),,小蝇科蝇（小蝇科 Lauxaniidae 的任何一种蝇）,Lauxaniidae 的中文科名需查分类权威来源；当前‘小蝇科’与同组其他写法不一致。
remaining_80pct,2240830,シマバエ,シマバエ,f120e19t0,gloss,lauxaniid fly (any fly of family Lauxaniidae),,蠊蝇（蠊蝇科 Lauxaniidae 的任何一种蝇）,Lauxaniidae 的规范中文科名需查分类权威来源；当前‘蠊蝇科’需与同组术语统一。
remaining_80pct,2262890,衝羽根,つくばね,f122e757t0,gloss,Buckleya lanceolata (species of parasitic deciduous shrub),,旋花属,Buckleya lanceolata 的中文植物名需查权威植物名录；现译‘旋花属’似为完全不同科属。
remaining_80pct,2271900,実存的,じつぞんてき,f123e676t0,gloss,existential,,存在性的,实存的可译存在主义的/存在性的，需结合该词典中的哲学学科语境确认对应 existential 的常用表达。
remaining_80pct,2296880,コミットメント単位,コミットメントたんい,f125e188t0,gloss,commitment unit,,提交单位,commitment unit 属于计算机专业术语，需确认是事务提交单位、承诺单位或资源单位后再定译名。
remaining_80pct,2327670,プログラム終わり見出し,プログラムおわりみだし,f127e484t0,gloss,end program header,,程序结束头,end program header 是特定系统/语言术语，需查明此处header的结构含义后再调整‘程序结束头’。
remaining_80pct,2368190,制御頭書き,せいぎょあたまがき,f130e1215t0,gloss,control heading,,控制头注,control heading 是计算机记录/文件结构中的专门字段，需核查其具体结构后在‘控制标题/控制头部’等术语中选择。
remaining_80pct,2415730,アンペラ,アンペラ,f135e160t0,gloss,Machaerina rubiginosa (species of tropical sedge),,Machaerina rubiginosa（热带莎草科植物的一种）,Machaerina rubiginosa 目前只保留拉丁名；需核实权威中文植物名录是否有正式中文名。
remaining_80pct,2367070,親展書留郵便,しんてんかきとめゆうびん,f130e1016t1,gloss,PD PR,,亲展挂号信,PD PR 是特定邮政投递服务缩写，需核实缩写展开和中文标准名；当前按上一字段释义处理。
remaining_80pct,2477300,フランス菊,フランスぎく,f140e1769t0,gloss,oxeye daisy (Leucanthemum vulgare),,法国菊,Leucanthemum vulgare 常见中文名为滨菊，但原译法国菊或许采用园艺俗名；需确认是否需要统一到植物学规范名。
remaining_80pct,2477300,フランス菊,フランスぎく,f140e1769t1,gloss,marguerite,,法国菊,marguerite 可能指滨菊或木茼蒿等不同菊科花卉；需查源词条对该俗名的限定。
remaining_80pct,2485220,フールスキャップ,フールスキャップ,f141e875t0,gloss,foolscap,,Foolscap 纸,foolscap 是历史纸张规格名，需核实目标中文纸张尺寸/规范译名后再音译或释义。
remaining_80pct,2487870,ジャスパーウェア,ジャスパーウェア,f141e1234t0,gloss,jasperware,,杰斯帕陶瓷,Jasperware 是韦奇伍德式无釉碧玉炻器，需核实中文陶瓷史术语，现音译不具释义。
remaining_80pct,2474330,サンライズ,サンライズ,f140e1245t2,gloss,half-melon shaped bun,,半瓜形面包,中国地区称メロンパン为sunrise的地域叫法中，此处half-melon shaped bun需查明具体糕点外形后再译。
remaining_80pct,2547130,サージャントメージャー,サージャントメージャー,f146e1691t0,gloss,sergeant-major (Abudefduf saxatilis),,军曹鱼,Abudefduf saxatilis 是雀鲷科鱼；中文规范种名需核实，‘军曹鱼’通常指另一种鰤科鱼。
remaining_80pct,2547130,サージャント・メージャー,サージャント・メージャー,f146e1692t0,gloss,sergeant-major (Abudefduf saxatilis),,军士长（ Abudefduf saxatilis ）,Abudefduf saxatilis 的中文种名需查权威鱼类名录，现‘军士长’只是军衔直译。
remaining_80pct,2541510,スカーフェイス・ブレニー,スカーフェイス・ブレニー,f146e793t0,gloss,scarface blenny (Cirripectes vanderbilti),,斯嘉丽脸鱼（Cirripectes vanderbilti）,Cirripectes vanderbilti 的中文种名需查鱼类名录；现‘斯嘉丽脸鱼’是英文词的错误直译。
remaining_80pct,2556850,ハナブトオオトカゲ,ハナブトオオトカゲ,f147e1279t3,gloss,artellia,,artellia,artellia 是该巨蜥的罕见异名；需核实是否有固定中文音译/物种名，现保留英文。
remaining_80pct,2538090,根の堅州国,ねのかたすくに,f146e208t2,xref,underworld,,底国,xref 对应神道教根之国/地下世界，需核实被引词条“根の国”的中文专名；‘底国’疑为生硬直译。
remaining_80pct,2581230,浜芹,はまぜり,f149e1893t0,gloss,Cnidium japonicum (species of umbellifer),,日本山芹（Cnidium japonicum，伞形科植物）,Cnidium japonicum 的中文植物通名需查权威植物名录；当前‘日本山芹’可能误译。
remaining_80pct,2635180,アベハゼ,アベハゼ,f155e462t0,gloss,Samoan mullet goby (Mugilogobius abei),,萨摩亚鰶鱼（Mugilogobius abei）,Mugilogobius abei 的中文通名需查鱼类权威名录；‘萨摩亚鰶鱼’可能把goby与herring混淆。
remaining_80pct,2636330,ジムナーカス,ジムナーカス,f155e721t0,gloss,aba (Gymnarchus niloticus),,巴鱼（Gymnarchus niloticus）,Gymnarchus niloticus 的中文名需查鱼类名录，现‘巴鱼’可能只是音译。
remaining_80pct,2636450,千年鯛,せんねんだい,f155e741t1,gloss,bourgeois red snapper,,布尔乔亚红鲈,bourgeois red snapper 的规范鱼名需核实；‘布尔乔亚红鲈’是音译且可能不指同种俗名。
remaining_80pct,2636450,千年鯛,せんねんだい,f155e741t2,gloss,bourgeois fish,,布尔乔亚鱼,bourgeois fish 是鱼类俗名，需核对是否为该物种的正式异名及中文名。
remaining_80pct,2673430,款冬,かんとう,f159e117t2,gloss,Japanese silverleaf (Farfugium japonicum),,日本银叶,Farfugium japonicum 的中文标准名可能为大吴风草/斑叶橐吾；需核对植物名录后确定。
remaining_80pct,2673430,款冬,かんとう,f159e117t3,xref,leopard plant (Farfugium japonicum); Japanese silverleaf,,豹纹植物（Farfugium japonicum）；日本银叶,Farfugium japonicum 的中文标准名需核查后再统一该xref中的leopard plant。
remaining_80pct,2683870,間葦,あいあし,f160e173t0,gloss,Phacelurus latifolius (species of perennial grass),,宽叶香蒲（一种多年生草本植物）,Phacelurus latifolius 的中文植物通名需查权威植物名录；‘宽叶香蒲’疑将禾本科草类误作香蒲属。
remaining_80pct,2695120,好転反応,こうてんはんのう,f161e265t2,info,"reaction during the elimination of toxins after antibiotic, etc. treatment",,抗生素等治疗过程中排出毒素时的反应,英文源释义将好转反应描述为抗生素治疗后排毒反应；需医学来源核实该因果/术语是否准确，再决定如何处理信息字段。
remaining_80pct,2760630,黒岩蜥蜴擬,くろいわとかげもどき,f167e847t0,gloss,Kuroiwa's ground gecko (Goniurosaurus kuroiwae),,黑岩蜥蜴（Goniurosaurus kuroiwae）,Goniurosaurus kuroiwae 的规范中文物种名需查权威爬行动物名录；现译‘黑岩蜥蜴’省略了守宫/壁虎类属信息。
remaining_80pct,2760630,黒岩蜥蜴擬,くろいわとかげもどき,f167e847t1,gloss,Ryukyu eyelid gecko,,琉球眼睑蜥蜴,Ryukyu eyelid gecko 的中文规范名需与Goniurosaurus kuroiwae物种名核对。
remaining_80pct,2824680,臨命,りんめい,f173e1512t0,gloss,imperial army order,,参命,臨命的历史军政术语需查日本帝国陆军命令文书；现译‘参命’无法对应imperial army order，待确认是军令、敕令还是军部命令。
remaining_80pct,2826099,月天子,がってんし,f174e272t0,gloss,Chandra (Hindu moon god also revered as one of the twelve devas in Shingon Buddhism),,查德拉（印度月亮神，也被真言宗佛教视为十二天之一）,Chandra 在佛教语境中的规范汉译需核实，应考虑月天/旃陀罗等术语；当前音译查德拉未证实。
remaining_80pct,2826852,三筋,みすじ,f174e1718t0,gloss,"misuji (cut of beef, usu. from the chuck)",,三筋（牛肉部位，通常取自肩肉）,mitsiaq cut 是日本牛肉分切部位，需查中日肉类分割对照，确认是否对应板腱/肩胛肉。
remaining_80pct,2828332,日陰杪欏,ひかげへご,f176e484t1,gloss,flying spider-monkey tree fern,,飞行蜘蛛猴树蕨,flying spider-monkey tree fern 是Cyathea lepifera的英文异名，需查中文植物名录后确定是否应统一为笔筒树。
remaining_80pct,2828911,舞鶴草,まいづるそう,f176e1712t1,gloss,two-leaved Solomon's seal,,两叶黄精,two-leaved Solomon's seal 的中文植物名需核实是否为二叶舞鹤草或其他属种，避免套用黄精。
remaining_80pct,2828911,舞鶴草,まいづるそう,f176e1712t2,gloss,false lily of the valley,,假铃兰,false lily of the valley 的中文植物通名需与Maianthemum dilatatum名录对照后确定。
remaining_80pct,2830459,耳蝉,みみずく,f178e746t0,gloss,auricled leafhopper (Ledra auditura),,耳蝉（Ledra auditura）,Ledra auditura 的中文昆虫通名需查权威昆虫名录；现‘耳蝉’可能需规范为耳叶蝉等。
remaining_80pct,2843760,トレッカー,トレッカー,f191e320t0,gloss,tow dolly (for cars),,拖车,tow dolly 是用于拖移汽车的双轮拖架；需核对该日语商品/车型术语是否有特定中文名称，‘拖车’可能过泛。
remaining_80pct,2845758,カチャーシー,カチャーシー,f192e1855t0,gloss,kachāshī,,卡夏西,冲绳传统舞蹈kachāshī的中文固定译名需核实；现卡夏西/卡查西是多种音译，说明性译法可能更清楚。
remaining_80pct,2851034,ポッサム,ポッサム,f197e1610t0,gloss,bossam (pork dish),,波沙姆（猪肉菜肴）,bossam 是韩国猪肉包菜料理；需核对中文常用菜名后决定是否用说明性译名，当前音译“波沙姆”不便识别。
remaining_80pct,2852425,描出話法,びょうしゅつわほう,f199e482t0,gloss,represented speech,,间接引语,represented speech 在语法学中的中文术语需核定；“间接引语”可能未表达自由间接/再现话语的特定概念。
remaining_80pct,2857628,ポテンヒット,ポテンヒット,f204e245t0,gloss,blooper,,失误,棒球术语 blooper 指击出的软弱飞球形成安打（常译小飞球安打/落点安打），需核定适用于该词的固定中文术语；“失误”改变为守备错误。
remaining_80pct,2857628,ポテンヒット,ポテンヒット,f204e245t1,gloss,Texas leaguer,,外野失误,Texas leaguer 是特定棒球安打类型，需核定中文术语；“外野失误”可能误解为守备失误。
remaining_80pct,2861769,ヘテロフォニー,ヘテロフォニー,f208e323t0,gloss,heterophony,,异音,heterophony 在音乐学中的规范中文术语需核实；“异音”可能不足以表达异音复调这一音乐织体。
remaining_80pct,2872268,琉金,りゅうきん,f218e823t1,gloss,fringetail,,金翅雀,fringetail 是琉金金鱼的别称/体型术语，但现译“金翅雀”是鸟类；需核对该品种的规范中文名。
remaining_80pct,1013960,アイシングザパック,アイシングザパック,f2e969t0,gloss,icing the puck (ice hockey),,冰球违规,原译冰球违规过泛；需确认 icing 的规范中文术语（远射犯规或死球）。
remaining_80pct,1027810,エキスパンダー,エキスパンダー,f3e1212t0,gloss,expander,,膨胀器,エキスパンダー常指健身拉力器，英文 expander 未给领域，需核实该旧词条覆盖范围。
remaining_80pct,1063280,シルバープラン,シルバープラン,f6e550t0,gloss,silver plan,,银色计划,シルバープラン可能指退休或老年生活计划，需查明该和制英语的历史词义，银色计划疑为直译。
remaining_80pct,1068650,スクリメージ,スクリメージ,f6e1330t0,gloss,scrimmage (American football),,橄榄球训练赛,scrimmage 可能指争球或攻防对阵而非训练赛，需核实本条日语体育术语义。
remaining_80pct,1087580,トワレ,トワレ,f8e17t0,gloss,toilette,,梳妆台,toilette 通常为梳妆或盥洗而非梳妆台；需核实日语トワレ具体借义。
remaining_80pct,1095200,ハイツ,ハイツ,f8e1160t0,gloss,heights,,高地,ハイツ在日语常作公寓名，源文仅 heights；需核实此旧条目是否应含住宅义。
remaining_80pct,1099890,バルクライン,バルクライン,f8e1856t0,gloss,bulk line,,散货航线,バルクライン可能为台球 balkline 的异写，源文 bulk line 亦疑误；需核实原词义，勿按散货直译。
remaining_80pct,1113880,ブラックチェンバー,ブラックチェンバー,f9e1997t0,gloss,black chamber,,黑箱,black chamber 可能为秘密密码机构或暗室，黑箱疑不准确；需核实日语该借词。
remaining_80pct,1115160,プールバー,プールバー,f10e194t0,gloss,pool bar,,泳池酒吧,プールバー常指设台球桌的酒吧，原译泳池酒吧可疑；需核实旧词条具体借义。
remaining_80pct,1134660,モーニングカップ,モーニングカップ,f11e1104t0,gloss,morning cup,,晨间咖啡,モーニングカップ可能指大容量早餐杯，原译晨间咖啡将器物改成饮料；需核实。
remaining_80pct,1135550,モノセックス,モノセックス,f11e1226t1,gloss,monosexual,,单性恋,和制英语语境的 monosex/unisex 与单性恋不一致，需核实 monosexual 在该旧条目的意义。
remaining_80pct,1138150,ライフサービス,ライフサービス,f11e1573t0,gloss,life-service,,生命服务,life-service 旧和制英语含义不明，生命服务疑直译；需核实是否生活服务。
remaining_80pct,1139120,ラチチュード,ラチチュード,f11e1705t0,gloss,latitude,,纬度,ラチチュード常指摄影宽容度，源文仅 latitude；需核实该词条是否应译曝光宽容度。
remaining_80pct,1140110,ランチエ,ランチエ,f11e1851t0,gloss,pensioner,,养老金领取者,法语 rentier 通常靠租金或投资收益生活，英文 pensioner 与原译养老金领取者均疑过窄；需核实。
remaining_80pct,1152370,悪熱,おねつ,f12e1888t0,gloss,fever following a chill,,寒热,词头悪熱与英文寒战后发热语义可能冲突，需核实医学日语原义后确定译文。
remaining_80pct,1187960,仮納,かのう,f16e1003t0,gloss,deposit,,押金,仮納为暂时缴纳或预缴，英文 deposit 未说明性质；需核实是否应译预缴款而非押金。
remaining_80pct,1274970,公用文,こうようぶん,f24e1732t0,gloss,official terminology,,官方用语,公用文通常指公文而非官方术语；英文 official terminology 可能源文不准，需核实。
remaining_80pct,1300030,三角系異常,さんかくけいいじょう,f27e375t0,gloss,triangle anomaly,,三角系异常,triangle anomaly 可能指物理学三角反常，但词头三角系異常及math标签有冲突，需查原词条。
remaining_80pct,1325150,主幹研究員,しゅかんけんきゅういん,f29e1348t0,gloss,senior chief engineer,,主任工程师,日文职称为研究员，英文为 senior chief engineer；需查此职称对应的机构及职位，主任工程师可能源文混义。
remaining_80pct,1333630,集群,しゅうぐん,f30e1002t1,gloss,bunching,,成束,经济学 bunching 在此具体指聚集还是订单集中不明，成束疑直译；需核实术语。
remaining_80pct,1368040,人種学,じんしゅがく,f33e1606t0,gloss,ethnology,,人类学,ethnology 通常民族学，词头人種学可能人种学，现译人类学过宽；需核实源条定义。
remaining_80pct,1423230,着払い,ちゃくばらい,f39e588t0,gloss,payment on delivery,,货到付款,着払い通常指运费到付，英文payment on delivery未分费用；需核实该条是否应限定运费。
remaining_80pct,1423230,着払い,ちゃくばらい,f39e588t1,gloss,cash on delivery,,货到付款,着払い与代引き的货款到付不同，源文COD可能混用；需核实后统一。
remaining_80pct,1423230,着払い,ちゃくばらい,f39e588t2,gloss,COD,,货到付款,同条英文COD与日文着払い可能存在源文冲突。
remaining_80pct,1465810,入会権,いりあいけん,f43e764t0,gloss,common rights,,入会权,いりあいけん指共有地或山林的共同利用权，入会权容易误解为加入团体权利；需核对规范法律译名。
remaining_80pct,1556970,冷剛,れいごう,f51e1658t0,gloss,chilling (steel),,淬火,冷剛/chilling 可能为铸造冷硬处理，未必为淬火；需核实冶金术语及steel源文。
remaining_80pct,1693230,わに足,わにあし,f67e1498t0,gloss,bowlegs,,O型腿,词头“わに足”对应的英文 bowlegs 与 knock-knees 指向相反腿型；需核对源词条或可信日语词典以确认源义。
remaining_80pct,1693230,わに足,わにあし,f67e1498t1,gloss,knock-knees,,X型腿,词头“わに足”对应的英文 bowlegs 与 knock-knees 指向相反腿型；需核对源词条或可信日语词典以确认源义。
remaining_80pct,1729660,泥絵の具,どろえのぐ,f71e658t0,gloss,colour wash,,色浆,colour wash 在泥絵の具语境中的具体绘画材料或技法译名需核对专业美术资料；现译“色浆”无法确认。
remaining_80pct,1749830,粗造り,あらづくり,f73e293t0,gloss,rough-hewn,,粗糙的,rough-hewn 在此可能描述粗加工或未经精细打磨的状态，需结合该词条具体用法选择稳定中文术语。
remaining_80pct,1821270,掛け捨て,かけすて,f80e639t2,gloss,stopping payment of installments (usu. insurance),,停止缴费,英文“stopping payment of installments”与常见掛け捨て义不完全吻合，需核对源词典所指的是停止缴费还是保费不返还。
remaining_80pct,1836460,腰高障子,こしだかしょうじ,f81e1870t0,gloss,tall-paneled sliding door,,高格推拉门,腰高障子是特定日式障子样式，需核对建筑/室内设计术语对 tall-paneled sliding door 的惯用中文译名。
remaining_80pct,1893830,調琴,ちょうきん,f86e1021t0,gloss,playing the koto,,调琴,調琴的日文读音词条与英文 playing the koto 的关系需核对；中文“调琴”可理解为调音，而 EN 表示演奏。
remaining_80pct,1947680,問い合わせ先,といあわせさき,f90e1532t1,gloss,reference (e.g. personal reference),,参考,reference (e.g. personal reference) 在問い合わせ先词条中可能指被咨询对象或求职推荐人，需核对源词典语境才能确定中文译法。
remaining_80pct,2285770,エコーチェック,エコーチェック,f124e723t0,gloss,echo check,,回声检查,echo check 是特定通信校验术语，需核对其具体协议含义后确定“回声检查”是否应译为“回显校验”。
remaining_80pct,2360960,自動電圧切替,じどうでんあつきりかえ,f129e1864t0,gloss,automatic line switching,,自动线路切换,日文词头是自动电压切换，英文 gloss 却是 automatic line switching；需核实源词典是否把电压转换与线路切换混为一词。
remaining_80pct,2374520,遅延処理,ちえんしょり,f131e501t0,gloss,deference,,延迟处理,日文遅延処理和中文“延迟处理”均指延迟/延期处理，英文 gloss deference 与之不匹配；需核对源英语或所指具体技术概念。
remaining_80pct,2386220,物理的配達個人名,ぶつりてきはいたつこじんめい,f132e531t0,gloss,physical delivery personal name,,物理投递个人姓名,physical delivery personal name 是特定地址/投递数据字段，需查标准术语确认“个人姓名”的含义和自然译法。
remaining_80pct,2410500,模す,もす,f134e1257t3,gloss,to replace,,替代,英文 to replace 与日文模す常见的模仿义不完全吻合，需核对该词源是否在特定语境下表示替代。
remaining_80pct,2545820,クルンジンガーズラス,クルンジンガーズラス,f146e1468t0,gloss,Klunzinger's wrasse (Thalassoma rueppellii),,克伦钦格氏海神鱼（Thalassoma rueppellii）,Thalassoma rueppellii 的中文种名需结合鱼类分类数据库核实；现译音译名无法确认是否为规范中文名。
remaining_80pct,2558740,杢糸,もくいと,f147e1621t0,gloss,grandrelle yarn,,grandrelle纱线,grandrelle yarn 是专业纺织纱线术语，需核对其工艺和惯用中文译名，当前照抄英文不便理解。
remaining_80pct,2558740,杢糸,もくいと,f147e1621t1,gloss,mouline yarn,,mouline纱线,mouline yarn 是专业纺织纱线术语，需核对其工艺和惯用中文译名，当前照抄英文不便理解。
remaining_80pct,2635210,刺青蒟蒻鯵,いれずみこんにゃくあじ,f155e467t0,gloss,ragfish (Icosteus aenigmaticus),,刺青蒟蒻鯵,ragfish 的常用中文种名及日本汉字词条的规范译法仍需核实，暂不将日文汉字直接当作中文鱼名。
remaining_80pct,2635210,イレズミコンニャクアジ,イレズミコンニャクアジ,f155e468t0,gloss,ragfish (Icosteus aenigmaticus),,黑鳍鱼,现有“黑鳍鱼”是否为 ragfish 的通行中文名不确定，未找到可确认的可靠中文种名。
remaining_80pct,2719610,セスジムシ科,セスジムシか,f163e1037t0,gloss,Rhysodidae (family of beetles),,锯锹甲科（甲虫科）,Rhysodidae 的规范中文科名尚未能可靠确认；原译“锯锹甲科”可能混淆锹甲类，暂保留待查。
remaining_80pct,2792450,宝蜱,たからだに,f170e1143t0,gloss,erythaeid mite (Erythraeoidea spp.),,赤螨科螨（Erythraeoidea spp.）,Erythraeoidea 是上总科而不是科，需核实该日本俗名宝蜱所指的具体分类范围及规范中文名，暂不擅改。
remaining_80pct,2824690,大陸指,たいりくし,f173e1513t0,gloss,imperial army order (detailed),,参命（详细）,大陸指是历史军事用语，具体指令性质和“参命”的规范中文对应尚待核实。
remaining_80pct,2837084,毛牡蠣,けがき,f184e1493t0,gloss,spiny oyster (Saccostrea kegaki),,牡蛎（Saccostrea kegaki）,Saccostrea kegaki 的规范中文物种名尚不能确认；只译为泛称牡蛎可能损失物种特异性，暂标记待核。
remaining_80pct,2838305,様似鉱,さまにこう,f186e10t0,gloss,samaniite,,样似矿,samaniite 的矿物中文规范名尚未确认，“样似矿”可能只是依日文汉字直译，暂标记待核。
remaining_80pct,2841722,トレンチャー,トレンチャー,f189e514t0,gloss,trencher,,壕沟,trencher 可指挖沟设备，也可指餐盘；日语词条本身缺少语境，现译“壕沟”很可能只覆盖词根含义，需确认该词条所指。
remaining_80pct,2847705,逆風,さかかぜ,f194e1454t0,gloss,"ascending vertical sword attack (kendo, etc.)",,上段垂直剑击（剑道等）,该剑道术语对应的具体技术名称及英语 gloss ascending vertical sword attack 尚不能可靠确认，暂保留待查。
remaining_80pct,2849414,風切り,かざきり,f196e666t3,gloss,round roof tile (for gables),,圆瓦（用于山墙）,风切り在建筑义的 round roof tile 是专业屋顶构件名，需确认其在山墙上的具体位置和规范中文译名。
remaining_80pct,2855680,雌雄性,しゆうせい,f202e650t0,gloss,sexuality,,性,雌雄性可能指生物的性别特征或性差异，英语 gloss sexuality 较宽泛；暂不贸然确定中文术语。
remaining_80pct,2867289,カキラン,カキラン,f213e760t0,gloss,Japanese stream orchid (Epipactis thunbergii),,日本流兰,Epipactis thunbergii 是否已有正式中文植物名“柿兰”尚需确认；原译“日本流兰”很可能是英文俗名的逐词直译，暂标记待核。
remaining_80pct,2871497,アイドラ,アイドラ,f217e1287t1,gloss,idler (wave),,空载波,idler wave 是电子学中较专业的波形/频率术语，现译“空载波”可能不准确，需结合具体技术领域核实。
remaining_80pct,1040500,ガルニ,ガルニ,f4e1109t0,gloss,garniture,,装饰,ガルニ／ガルニチュール常指法餐配菜，但本条无烹饪标签，需核实词典原义是否排除一般装饰义。
remaining_80pct,1040500,ガルニ,ガルニ,f4e1109t1,xref,garniture,,装饰,引用词ガルニチュール的 garniture 可能为烹饪配菜义，需核实引用原词条。
remaining_80pct,1077660,チェンジャー,チェンジャー,f7e597t0,gloss,changer,,变更者,チェンジャー可能指自动更换器等机械而非人；单个 changer 无领域限制，需核实原词条范围。
remaining_80pct,1198810,会堂,かいどう,f17e1010t3,gloss,tabernacle,,圣殿,tabernacle 可指会幕或某类礼拜堂；圣殿可能与 temple 混淆，需要结合会堂原条宗教语境核定。
remaining_80pct,1319970,失語症,しつごしょう,f29e192t1,gloss,dysphasia,,言语障碍,dysphasia 通常指失语或部分语言功能障碍，与言语障碍范围不同；需用医学术语来源核对最适合的中文称谓。
remaining_80pct,1355180,乗降車優先,じょうこうしゃゆうせん,f32e976t0,gloss,priority to pedestrians,,行人优先,日文乗降車優先似为上下车者优先，而英文为所有行人优先；需核对原条是否存在车／者误字及具体使用场景。
remaining_80pct,1393330,前審,ぜんしん,f36e703t0,gloss,preliminary trials,,预选赛,前審可能为诉讼前一审级，而 preliminary trials 被译为体育预选赛明显可疑；需核对原条究竟是预审还是原审后再定稿。
remaining_80pct,1431830,沈渣,ちんさ,f40e79t1,gloss,hypostatis,,尿沉渣,原英文 hypostatis 疑似 hypostasis 的拼写错误，且其义未必限定尿液；需医学辞书确认后决定尿沉渣是否过窄。
remaining_80pct,1513550,保護委員,ほごいいん,f47e1563t0,gloss,rehabilitation,,康复,与下一目标合起来像 rehabilitation worker（康复/更生保护相关工作人员），但仅凭当前记录无法确定日本制度下的具体职业名称；需核对 JMdict 原始英文释义或可靠词典上下文。
remaining_80pct,1513550,保護委員,ほごいいん,f47e1563t1,gloss,worker,,工作者,与上一目标合起来像 rehabilitation worker（康复/更生保护相关工作人员），但仅凭当前记录无法确定日本制度下的具体职业名称；需核对 JMdict 原始英文释义或可靠词典上下文。
remaining_80pct,1713760,ノミ屋,ノミや,f69e1763t2,gloss,trader performing (stock market) bucketing,,（股市）做市商,stock-market bucketing 是特定的经纪/交易做法，现译“做市商”可能混同合法做市；需核查该金融义项的可靠术语译名后再定。
remaining_80pct,1713760,ノミ屋,ノミや,f69e1763t3,gloss,bucket shop,,做市商,bucket shop 在证券语境下的对应中文术语需与上一义项一并核查，不能直接等同于“做市商”。
remaining_80pct,1713760,ノミ屋,ノミや,f69e1763t4,xref,bookmaking; (stock market) bucketing,,做庄；（股市）做市,xref 同时列出 bookmaking 和 stock-market bucketing；前者“做庄”可通，后者“做市”仍需按金融术语核查。
remaining_80pct,1783500,救荒作物,きゅうこうさくもつ,f76e1524t0,gloss,hardy plants,,耐旱作物,英文 hardy plants 与“耐旱作物”是否等义不确定；需核查该植物学/农学词条的原始释义及此处 hardy 所指的抗逆性质，避免把它误缩窄为耐旱。
remaining_80pct,1837220,旦那芸,だんなげい,f82e37t0,gloss,dilettantism,,业余爱好,dilettantism 带有缺乏专业能力、以业余身份涉足艺术等含义，“业余爱好”可能过于宽泛；需核对旦那芸在相关文化语境中的合适中文描述。
remaining_80pct,1837220,旦那芸,だんなげい,f82e37t1,gloss,amateurism,,业余爱好,amateurism 在该专名语境的褒贬和指涉不明确；需结合旦那芸的文化定义确认译法，避免把它泛化为普通爱好。
remaining_80pct,1946020,不能者,ふのうしゃ,f90e1267t0,gloss,impotent (person),,无能者,impotent 可指性功能障碍，也可泛指无能力；“无能者”过宽，但当前词条缺少限定语境。需核对 JMdict 原条目或医学词典后决定是否译为阳痿患者等具体说法。
remaining_80pct,2150820,シーフ,シーフ,f110e1123t1,example,I got the OK so I unthinkingly created the clichéd 'grass runner thief/bard' character.,ＯＫが出たので、思わずグラスランナーのシーフ・バードというベタなキャラを作っちゃいましたよ。,因为得到了许可，我不知不觉地制作了一个俗套的“草跑者盗贼/吟游诗人”角色。,例句中的 Grass Runner 是奇幻桌游/RPG 角色种族专名，现译“草跑者”可能是直译；需核对原作品设定采用的中文名称后再定。
remaining_80pct,2175280,篠笹,しのざさ,f113e117t0,gloss,bamboo grass,,竹草,篠笹指特定矮生竹类（如 Sasa 类），bamboo grass 的通用中文名需按植物分类确认；“竹草”不够规范，需查该物种对应的中文植物名。
remaining_80pct,2192810,唐茱萸,とうぐみ,f114e1605t0,gloss,Elaeagnus multiflora var. hortensis (variety of goumi),,夏瑞木变种（Elaeagnus multiflora var. hortensis）,Elaeagnus multiflora var. hortensis 的中文常用植物名不确定；需核对可靠植物志/标本数据库，避免误用“夏瑞木变种”。
remaining_80pct,2192810,唐茱萸,とうぐみ,f114e1605t1,xref,"goumi (species of oleaster, Elaeagnus multiflora); cherry silverberry",,夏瑞木（Elaeagnus multiflora）；樱桃银白瑞木,xref 涉及 Elaeagnus multiflora 与 cherry silverberry，植物俗名存在地区差异；需查权威植物名录确认“夏瑞木”和“樱桃银白瑞木”。
remaining_80pct,2192810,唐胡頽子,とうぐみ,f114e1606t1,xref,"goumi (species of oleaster, Elaeagnus multiflora); cherry silverberry",,胡颓子（胡颓子属植物，Elaeagnus multiflora）；樱桃银莓,xref 涉及 Elaeagnus multiflora 与 cherry silverberry，植物俗名存在地区差异；需查权威植物名录确认“胡颓子”和“樱桃银莓”。
remaining_80pct,2211390,閉鎖式,へいさしき,f116e1403t0,gloss,closed circuit,,闭循环,closed circuit 可能按电子学译为闭合电路，也可能在其他工程语境指闭路/闭环；当前词条没有提供领域信息，需核对其术语上下文后确认“闭循环”是否适用。
remaining_80pct,2277430,ちらつき防止フィルタ,ちらつきぼうしフィルタ,f123e1769t0,gloss,glare filter,,闪烁抑制滤波器,日文词头 ちらつき防止フィルタ 表示防闪烁滤镜，而英文 gloss glare filter 通常指防眩光滤镜；两种功能不同，需核查该词条来源或实际产品语境。
remaining_80pct,2329910,ホームアドレス,ホームアドレス,f127e810t0,gloss,home address,,主地址,home address 在不同网络协议中可指归属地址/主机地址等特定字段；当前无具体协议上下文，需核对后决定“主地址”是否准确。
remaining_80pct,2344210,加工データ,かこうデータ,f128e996t1,gloss,raw data,,原始数据,日文词头“加工データ”通常是处理后数据，但英文目标为 raw data、中文为原始数据，三者含义冲突；需核对来源字段再确定。
remaining_80pct,2358580,参照事項検索,さんしょうじこうけんさく,f129e1448t0,gloss,reference retrieval,,引用事项检索,reference retrieval 是信息检索领域术语，“引用事项检索”指涉不清；需核查原技术定义后确认应译为参考项/参考文献检索或其他专名。
remaining_80pct,2366100,条件記述部,じょうけんきじゅつぶ,f130e809t0,gloss,condition stub,,条件存根,condition stub 是旧式计算机术语，stub 在不同开发语境可指占位子程序或测试替身；需核对来源定义才能避免把它误译成“存根”。
remaining_80pct,2371100,相手選択接続機能,あいてせんたくせつぞくきのう,f130e1769t0,gloss,virtual call facility,,虚呼叫设施,virtual call facility 是网络通信/电信术语，“虚呼叫设施”可能是直译；需查对应协议或标准的中文术语后再定。
remaining_80pct,2379560,読取り部,よみとりぶ,f131e1362t0,gloss,read station,,读站,read station 是具体数据处理设备/站点术语；“读站”不自然，但缺少设备上下文，需核对技术定义后选用读入站、读取站等译法。
remaining_80pct,2400830,小葉擬宝珠,こばぎぼうし,f133e1241t0,gloss,Hosta sieboldii (species of plantain lily),,小叶拟宝珠,Hosta sieboldii 是特定玉簪属植物，中文植物名需核对可靠植物志；“小叶拟宝珠”可能是按汉字音义拼译，需确认通行物种名。
remaining_80pct,2400960,磯馴,そなれ,f133e1271t0,gloss,Japanese garden juniper,,矶驯,磯馴（そなれ）涉及特定园艺桧柏类植物，当前“矶驯”不像中文物种名；需核实对应拉丁学名及通用中文名。
remaining_80pct,2400960,磯馴,そなれ,f133e1271t1,gloss,dwarf Japanese garden juniper,,矮生矶驯,dwarf Japanese garden juniper 的中文植物名需结合具体栽培型确认，不能仅依英文通名直译。
remaining_80pct,2400960,磯馴,そなれ,f133e1271t2,gloss,Juniperus procumbens,,日本园柏,Juniperus procumbens 的中文通用植物名有异名差异；需核对植物志后确认“日本园柏”。
remaining_80pct,2400960,磯馴,そなれ,f133e1271t3,gloss,J. chinensis var. procumbens,,日本园柏,Juniperus chinensis var. procumbens 的中文通用植物名需核对植物志，现译“日本园柏”可能过于泛化。
remaining_80pct,2400960,磯馴,そなれ,f133e1271t4,xref,dwarf Japanese garden juniper (Juniperus chinensis var. procumbens),,矮生日本园柏（Juniperus chinensis var. procumbens）,xref 的 Juniperus chinensis var. procumbens 物种名中文应核对植物志后再定，避免俗名不一致。
remaining_80pct,2445520,シノワ,シノワ,f138e63t0,gloss,chinois,,中国风,法语 chinois 可表示“中国的/中国风格”，也可能在烹饪中指锥形滤网；当前“ 中国风 ”缺少语境，需核对原条目所指义项。
remaining_80pct,2457220,イメージオルシコン,イメージオルシコン,f139e396t0,gloss,image orthicon,,图像正置管,image orthicon 是早期电视摄像管的专门器件名；“图像正置管”疑为旧术语直译，需核查电子技术词典中的规范中文名。
remaining_80pct,2459660,カッタウェイ,カッタウェイ,f139e821t0,gloss,"cutaway (coat, jacket, etc.)",,开襟外套,cutaway coat 在服装史/版型语境指特定前襟剪裁款式，现译“开襟外套”范围过宽；需核对对应服装术语。
remaining_80pct,2460350,キネトスコープ,キネトスコープ,f139e925t0,gloss,kinetoscope,,运动镜,kinetoscope 是早期单人观看电影的设备，中文译名有历史术语差异；“运动镜”可能是字面直译，需核查影史术语。
remaining_80pct,2544740,バリナエンジェルフィッシュ,バリナエンジェルフィッシュ,f146e1299t0,gloss,Ballina angelfish (Chaetodontoplus ballinae),,巴拉纳天使鱼（Chaetodontoplus ballinae）,Ballina 是澳大利亚地名，鱼种俗名的中文音译可能有“巴利纳/巴林纳”等差异；需核对权威水族/鱼类名录后确定。
remaining_80pct,2548620,アエクィデンス属,アエクィデンスぞく,f146e1902t0,gloss,Aequidens (genus of fish),,鱼科,Aequidens 是丽鱼科的鱼属；原译“鱼科”分类层级明显不符，但属名的规范中文译名需核查鱼类分类数据库。
remaining_80pct,2559740,クロホシマンジュウダイ,クロホシマンジュウダイ,f147e1855t1,gloss,green scat,,绿单棘鲷,green scat 是 Scatophagus argus 的颜色/俗名用法，需查鱼类名录确认适用中文名称；原译“绿单棘鲷”所属科类明显不符。
remaining_80pct,2559740,クロホシマンジュウダイ,クロホシマンジュウダイ,f147e1855t2,gloss,red scat,,红单棘鲷,red scat 的中文俗名需核实；“红单棘鲷”并非可靠的 Scatophagus argus 中文种名。
remaining_80pct,2572920,地頭,じあたま,f149e203t0,gloss,wigless head,,无发髻的头,需查证“地頭”此处具体指没戴假发的头/本来发型，还是泛指光头；现有英译措辞不能据此确定自然中文对应。
remaining_80pct,2572920,地頭,じあたま,f149e203t1,gloss,head of natural hair,,自然发型的头,需查证“地頭”此处具体指没戴假发的头/本来发型，还是泛指光头；现有英译措辞不能据此确定自然中文对应。
remaining_80pct,2628090,田鼠,たねずみ,f154e1055t0,gloss,black rat,,黑鼠,"The Japanese name 田鼠 is paired with black rat/roof rat in this entry, while the Chinese common name 田鼠 usually denotes field mice/voles; this taxonomic mapping needs a Japanese zoological source."
remaining_80pct,2635250,糸引鯊,いとひきはぜ,f155e481t0,gloss,Myersina filifer (species of goby),,麦氏丝鳍鱼（一种虾虎鱼）,The Chinese common name for Myersina filifer varies across fish references; verify a specialist fish taxonomy source before fixing the transliteration.
remaining_80pct,2635250,イトヒキハゼ,イトヒキハゼ,f155e482t0,gloss,Myersina filifer (species of goby),,丝纹虾虎鱼,This duplicate entry gives a different Chinese fish name for the same Myersina filifer species; verify the accepted Chinese common name in a specialist taxonomy.
remaining_80pct,2637090,プラティ,プラティ,f155e881t0,gloss,common platy (Xiphophorus maculatus),,普通普拉提鱼（Xiphophorus maculatus）,The common platy Xiphophorus maculatus has established Chinese aquarium names that may differ from this transliteration; verify preferred standardized name.
remaining_80pct,2679950,房毛,ふさげ,f159e1445t5,gloss,penicil,,羽状毛,Penicil is a technical zoological/anatomical term for a brush-like tuft of feathers or hairs; its precise Chinese equivalent in this feathering entry needs domain verification.
remaining_80pct,2721230,寄生蜂,きせいばち,f163e1359t2,gloss,parasitic bee,,寄生蜂,“Parasitic bee” is unusual because parasitoid insects in this sense are wasps; verify whether it is an accepted broad synonym here or a source gloss error before replacing.
remaining_80pct,2745610,六塩化エタン,ろくえんかエタン,f166e4t1,gloss,perchloroethanes,,六氯乙烷,Perchloroethanes can refer to fully chlorinated ethanes; confirm whether this plural synonym is appropriate for the specific compound hexachloroethane.
remaining_80pct,2747780,パシャン,パシャン,f166e408t0,gloss,splash,,扑通,"The mimetic ぱしゃん represents a splash sound/action; “扑通” usually suggests a heavy plop, so a more precise Chinese sound imitation needs context."
remaining_80pct,2774430,鎧鼬魚,よろいいたちうお,f168e1458t0,gloss,snubnose brotula,,钝头鱼,Snubnose brotula has specialist fish-name translations that vary; verify the accepted Chinese species name before replacing the current generic rendering.
remaining_80pct,2774540,鼻髭鱓,はなひげうつぼ,f168e1483t0,gloss,ribbon eel (Rhinomuraena quaesita),,鼻须鳗,Chinese common names for ribbon eel vary; verify standard Chinese fish nomenclature before changing this rendering.
remaining_80pct,2774540,ハナヒゲウツボ,ハナヒゲウツボ,f168e1485t0,gloss,ribbon eel (Rhinomuraena quaesita),,丝带鳗,"Although “丝带鳗” is plausible for ribbon eel, verify the preferred standard Chinese fish name against a specialist taxonomy."
remaining_80pct,2818640,電解研磨,でんかいけんま,f173e475t2,gloss,electrolytic grinding,,电解研磨,Electrolytic grinding may refer to a distinct electrochemical grinding process; confirm whether the source English synonym is accurate before altering the Chinese.
remaining_80pct,2819300,メリンジョ,メリンジョ,f173e591t0,gloss,melinjo (Gnetum gnemon),,梅林乔（Gnetum gnemon）,Melinjo/Gnetum gnemon has regional transliterations and common names; verify a standard Chinese botanical name before replacing the phonetic rendering.
remaining_80pct,2830321,最終結論,さいしゅうけつろん,f178e464t1,gloss,end product,,最终产品,“End product” is an unusual gloss for 最終結論; verify whether it means the outcome/product of a process or is a source-side synonym error before changing the translation.
remaining_80pct,2833393,天が抜ける,あまがぬける,f181e321t1,gloss,to rain cats and dogs,,倾盆大雨,The English gloss “to rain cats and dogs” conflicts with the literal weather phrase and with “the skies open up”; verify whether this is a separate idiomatic sense or a source-side gloss issue.
remaining_80pct,2834950,廟宇,びょうう,f182e1385t1,gloss,(Shinto) shrine,,（神道）神社,"The entry labels 廟宇 as a Shinto shrine, while the Chinese source word usually denotes a temple; the exact intended Japanese sense needs lexical context."
remaining_80pct,2838207,小輩,しょうはい,f185e1809t1,gloss,person with a humble salary,,薪水微薄的人,“小輩” denotes a junior/low-ranking person in this context; the English gloss “person with a humble salary” is unusual and needs source verification.
remaining_80pct,2842143,死体ごっこ,したいごっこ,f189e1268t1,gloss,planking,,装死,“Planking” is a specific internet pose/meme and not necessarily the same as playing dead; verify its intended sense in this archaic/slang headword before translating.
remaining_80pct,2843947,除伐,じょばつ,f191e603t2,gloss,weeding,,除草,"In forestry, cleaning/weeding can refer to specific stand-improvement operations; verify whether 除草 captures the intended silvicultural term."
remaining_80pct,2846947,五菜,ごさい,f193e1973t0,gloss,"the five vegetables (garlic chive, Japanese leek, green onion, wasabi and mame)",,五种蔬菜（大蒜、日本韭、青葱、山葵和豆）,The list of “five vegetables” includes an unclear item rendered as mame; verify the exact traditional list and plant referents before revising this culturally specific entry.
remaining_80pct,2855816,ミラベル,ミラベル,f202e896t0,gloss,mirabelle plum (Prunus domestica ssp. syriaca),,欧洲李,Mirabelle plum is a particular plum cultivar/subspecies; verify whether a more specific Chinese cultivar name exists rather than relying on the broader 欧洲李.
remaining_80pct,2858619,島柄長,しまえなが,f205e145t1,xref,long-tailed tit (Aegithalos caudatus); long-tailed bushtit,,长尾山雀（Aegithalos caudatus）；长尾山雀属,The English alias “long-tailed bushtit” is an alternate common-name form; verify whether 长尾山雀属 is intended as the taxon or whether this should simply use the species common name.
remaining_80pct,2863604,スラット,スラット,f209e1881t0,gloss,slut,,蛋肉,This is a Japanese food name related to Eggslut/eggslut-style dishes; verify whether the headword refers to the dish/brand and choose a Chinese rendering rather than the opaque “蛋肉”.
remaining_80pct,2861958,歩三兵,ふさんびょう,f208e661t0,gloss,starting with only a king on the board and three pawns in hand (as a handicap when teaching a beginner),,棋盘上只留一个王，手中握三枚步兵（作为教初学者时的让子）,"The shogi handicap description says 王 (king), but standard shogi pieces are 玉将/王将 and “步兵” is also potentially misleading; verify technical Chinese shogi terminology."
remaining_80pct,2867652,ムキタケ,ムキタケ,f213e1477t0,gloss,Sarcomyxa edulis (edible mushroom species),,食用蘑菇（Sarcomyxa edulis）,Sarcomyxa edulis has several regional Chinese mushroom names; verify a standard taxonomic/common name before replacing the generic species description.
remaining_80pct,1009540,にいにい蝉,にいにいぜみ,f2e92t0,gloss,Kaempfer cicada (Platypleura kaempferi),,卡氏蝉（Platypleura kaempferi）,需核实 Platypleura kaempferi 的规范中文种名，卡氏蝉疑似音译。
remaining_80pct,1033460,オールインワン,オールインワン,f4e39t0,gloss,all-in-one,,一体机,all-in-one 可指一体化物品或连体服，当前一体机过窄，需查日文词条具体范围。
remaining_80pct,1043070,ギャモン,ギャモン,f4e1488t0,gloss,gammon,,胡说,gammon 可指腌猪腿或双陆棋术语，需核实ギャモン所指，不能凭英文胡说义通过。
remaining_80pct,1054000,コンポジットインデックス,コンポジットインデックス,f5e1140t0,gloss,composite index,,复合索引,需核实コンポジットインデックス是否指经济综合指数，复合索引可能误用计算机义。
remaining_80pct,1055160,サーフローラー,サーフローラー,f5e1320t0,gloss,surf roller,,冲浪卷浪,冲浪卷浪不自然，需核实 surf roller 是浪型还是设备。
remaining_80pct,1068690,スクリューボール,スクリューボール,f6e1337t0,gloss,screwball,,旋转球,棒球 screwball 是特定球路，需核实规范中文名，旋转球过泛。
remaining_80pct,1085790,トラックマン,トラックマン,f7e1769t0,gloss,trackman,,轨道工人,日语トラックマン可能为赛马记者；需核实与英语轨道工人义的冲突。
remaining_80pct,1093970,ノッチバック,ノッチバック,f8e979t0,gloss,notchback,,凹背,需核实 notchback 车身样式的中文术语，凹背疑似直译。
remaining_80pct,1103520,パ行,パぎょう,f9e376t0,gloss,"classification for Japanese verb with the dictionary form ending in ""pu""",,日语动词辞书形以“pu”结尾的分类,原英释涉及以 pu 结尾的日语动词，需核实源文分类是否错误。
remaining_80pct,1109570,フェードボール,フェードボール,f9e1348t0,gloss,fade ball,,淡球,淡球疑似误译，应核实高尔夫 fade ball 的规范译法及左右手方向限定。
remaining_80pct,1134720,モービルハム,モービルハム,f11e1116t0,gloss,mobile ham,,移动火腿,ham 此处应属业余无线电术语，需确认指移动台、移动通信或操作者，移动火腿明显不合语义。
remaining_80pct,1154450,暗号化手法,あんごうかしゅほう,f13e366t0,gloss,cryptography,,密码学,日文暗号化手法指加密方法，英文为密码学；需核实源义再定译。
remaining_80pct,1187980,仮納税,かりのうぜい,f16e1007t0,gloss,tax payment under protest,,抗议纳税,仮納税一般指暂缴税款，英文指定 under protest；需核实源词与税务术语后修改。
remaining_80pct,1244150,区検,くけん,f21e1744t0,gloss,local prosecutor,,区检察官,区検常为区检察厅简称，英文 local prosecutor 未明确机构或人，需核实。
remaining_80pct,1266960,弧度,こど,f24e330t0,gloss,degree of curvature,,曲率,弧度通常指 radian，英文却 degree of curvature；需核实该旧词义，暂不将曲率改为弧度。
remaining_80pct,1273890,公爵夫人,こうしゃくふじん,f24e1598t0,gloss,princess,,公主,公爵夫人语境下 princess 可能为亲王妃或爵位夫人，公主疑误；需查源文对应贵族称谓。
remaining_80pct,1330340,授賞,じゅしょう,f30e429t2,example,She stands a good chance of winning the prize.,彼(かの)女(じょ)が授(じゅ)賞(しょう)する見(み)込(こ)みは十(じゅう)分(ぶん)にある。,她很有希望获奖。,例句日文授賞为颁奖，英文却为获奖，需确认日文是否误写受賞。
remaining_80pct,1383350,赤貝,あかがい,f35e617t0,gloss,blood clam (Scapharca broughtonii),,血蛤（Scapharca broughtonii）,需核实 Scapharca broughtonii 的规范中文种名是否为魁蚶，血蛤可能过泛。
remaining_80pct,1558690,恋い忍ぶ,こいしのぶ,f52e28t0,gloss,to live on love,,以恋爱为生,恋い忍ぶ疑指压抑或忍受爱恋，英文 live on love 与以恋爱为生可疑；需核实日文旧义。
remaining_80pct,1583360,鼻茸,はなたけ,f54e1952t1,gloss,adenoids,,腺样体,adenoids 腺样体与鼻茸鼻息肉并非同一结构；需核实源文是否采用旧义。
remaining_80pct,1643520,老い込む,おいこむ,f62e1801t2,gloss,to become senile,,变得痴呆,老い込む通常指衰老加深，英文 senile 含歧义；需查日文是否有认知痴呆含义。
remaining_80pct,1715650,見返り資金,みかえりしきん,f70e144t1,gloss,collateral or counterpart fund,,抵押资金,見返り資金可指对外援助商品销售后形成的 counterpart fund；需核实该术语在中文经济/援助语境的规范译名，再决定是否保留‘抵押资金’。
remaining_80pct,2026060,周天,しゅうてん,f98e179t3,gloss,twelve years,,周天,周天的‘十二年’义及‘中国历法完整周期’是否对应十二年干支周期需核对该词源条目或可靠历法资料；现译重复作‘周天’无法判定具体所指。
remaining_80pct,2026060,周天,しゅうてん,f98e179t4,gloss,one full cycle of the Chinese calendar,,周天,需确认此处 one full cycle of the Chinese calendar 的周期长度及专名，再确定中文译法；不宜根据字面推断。
remaining_80pct,2061430,国緊隊,こくきんたい,f101e1222t0,gloss,Japan International Cooperation Agency,,日本国际协力基金,词头及日文引用指‘国际紧急援助队’，英语却给 Japan International Cooperation Agency；需查原始词条源或权威机构名称，确认是英文源文错配还是另有缩略义。
remaining_80pct,2083830,ミュール,ミュール,f103e1606t3,gloss,Compton's mule,,康普顿骡,Compton's mule 是历史纺织机械专名；需核实中文机械史规范译名，再决定是否将‘康普顿骡’改为专名译法。
remaining_80pct,2154000,明太,メンタイ,f110e1830t0,gloss,walleye pollack (Theragra chalcogramma),,大眼鳕（Theragra chalcogramma）,Theragra chalcogramma 的现代中文规范鱼名需要核查权威物种名录；现译‘大眼鳕’及条目内部xref的‘长尾鳕’不一致，暂不猜改。
remaining_80pct,2154000,明太,メンタイ,f110e1830t1,gloss,Alaska pollack,,阿拉斯加鳕,Alaska pollack 的中文常用/规范译名需与同一物种的权威中文名核对。
remaining_80pct,2154000,明太,メンタイ,f110e1830t2,xref,walleye pollack (Theragra chalcogramma); Alaska pollack,,长尾鳕（Theragra chalcogramma）；阿拉斯加长尾鳕,xref 对 Theragra chalcogramma 的中文名与主释义不同，需查权威物种名录确认应统一为何名。
remaining_80pct,2154000,明太,メンタイ,f110e1830t3,gloss,walleye pollack roe (generally served salted and spiced with red pepper),,大眼鳕鱼籽（通常以盐渍并加红辣椒调味食用）,鱼卵所指物种相同，名称应与物种中文规范名一致；请核对后处理。
remaining_80pct,2154000,明太,メンタイ,f110e1830t4,xref,walleye pollack roe (generally served salted and spiced with red pepper),,大眼鳕鱼籽（通常以盐渍并加红辣椒调味食用）,被引用的明太子释义也沿用该鱼名，需待物种中文规范名核实。
remaining_80pct,2179190,連勝式,れんしょうしき,f113e805t0,gloss,forecast (bet),,连胜式,赛马投注术语 forecast bet 在不同地区的中文名称不同；需核对目标词典的地区用语规范后定名。
remaining_80pct,2179190,連勝式,れんしょうしき,f113e805t1,info,bet which predicts the top 2 finishers (i.e. quinella or perfecta bet),,预测前两名完赛马匹的投注（即双圈或完美投注）,需查赛马投注权威资料确认此处 top-two forecast 的中文投注名称及‘双圈/完美’对应。
remaining_80pct,2179190,連勝式,れんしょうしき,f113e805t2,xref,perfecta (bet); exacta; straight forecast,,完美式（投注）；精确式；直连预测,perfecta/exacta/straight forecast 的中文投注术语需按当地赛马规则核实，现译‘完美式、精确式、直连预测’疑似直译。
remaining_80pct,2179190,連勝式,れんしょうしき,f113e805t3,xref,quinella (bet); dual forecast; reverse forecast,,双连式（投注）；双连预测；反向预测,quinella/dual forecast/reverse forecast 的中文术语需按当地赛马规则核实，现译未能可靠判定。
remaining_80pct,2199660,鈍甲,どんこ,f115e1057t0,gloss,"dark sleeper (species of sleeper goby, Odontobutis obscura)",,钝甲,Odontobutis obscura 的规范中文鱼名需查权威鱼类名录；‘钝甲’看似按字面译名，暂不据猜测替换。
remaining_80pct,2199660,ドンコ,ドンコ,f115e1058t0,gloss,"dark sleeper (species of sleeper goby, Odontobutis obscura)",,暗色 sleeper（sleeper goby 的一种，学名 Odontobutis obscura）,Odontobutis obscura 的中文俗名和科属译法需核验，现译 sleeper 未译。
remaining_80pct,2333280,メイト系,メイトけい,f127e1268t0,gloss,mate system,,主从系统,メイト系/mate system 是较旧的计算机冗余架构术语；需核实其是否特指主从配置，还是泛指冗余系统，避免与重复义项互相替换。
remaining_80pct,2350230,逆クリッピング,ぎゃくクリッピング,f129e89t0,gloss,shielding,,屏蔽,逆クリッピング在此领域的‘shielding’与‘reverse clipping’对应关系不清；需查原始技术词表确认是否同义或源字段错配。
remaining_80pct,2383050,非ゼロ復帰記録,ひゼロふっききろく,f131e1976t2,gloss,non-return-to-reference recording,,非归零制记录,non-return-to-reference 与 NRZ（non-return-to-zero）不是当然同义；需核对源术语后再译，现译将两者合并。
remaining_80pct,2396950,連絡盤,れんらくばん,f133e455t0,gloss,bus tie (electrical),,母线（电气）,bus tie 是连接母线分段的电气设备/联络回路，中文规范译名需按具体设备语境核实；‘母线’可能漏掉联络功能。
remaining_80pct,2419560,風に柳,かぜにやなぎ,f135e1077t0,gloss,without making waves,,不兴风作浪,風に柳的惯用义依语境可指顺势柔和应对；英语‘without making waves’较泛，需查日语辞典释义或完整用例以确认可译为‘不惹事/顺势而为’中的哪一种。
remaining_80pct,2419560,風に柳,かぜにやなぎ,f135e1077t1,gloss,softly,,轻柔地,该义‘softly’可能是柔和处事，也可能描述动作，需结合日语词典例句确认中文义项范围。
remaining_80pct,2461080,クロトン,クロトン,f139e1042t0,gloss,croton,,巴豆,croton 可指巴豆属植物，也可在园艺语境指变叶木（Codiaeum variegatum）；无拉丁学名上下文，需核实日文词条所指后再定中文名。
remaining_80pct,2479320,ブロックプラン,ブロックプラン,f141e42t0,gloss,block plan,,块计划,block plan 在建筑制图/规划中可能指区块平面图或总平面方案；需核对专业上下文以确定‘块计划’对应的具体图件。
remaining_80pct,2507150,プルテウス,プルテウス,f143e90t0,gloss,pluteus,,盘菌,pluteus 可指棘皮动物的长腕幼体，也可为真菌属名；缺少学科标签/上下文，需确认词条原义后再确定中文。
remaining_80pct,2545080,ヒメキンチャクフグ,ヒメキンチャクフグ,f146e1351t0,gloss,compressed toby (Canthigaster compressa),,压缩拟龟鱼（Canthigaster compressa）,Canthigaster compressa 的中文鱼类规范名需核实；‘压缩拟龟鱼’像机器直译而非确认过的俗名。
remaining_80pct,2546860,キオビスズメダイ,キオビスズメダイ,f146e1654t0,gloss,whitebar gregory (Stegastes albifasciatus),,白纹刺蝶鱼,Stegastes albifasciatus 的规范中文鱼名需查权威名录；‘白纹刺蝶鱼’可能误分到刺尾鱼/刺蝶鱼类。
remaining_80pct,2547200,アゾレスクロミス,アゾレスクロミス,f146e1702t0,gloss,Azores chromis (Chromis limbata),,阿佐雷斯光尾鱼,Chromis limbata 的中文鱼名需要核实，当前‘阿佐雷斯光尾鱼’可能把属名Chromis错译为光尾而非光鳃/雀鲷。
remaining_80pct,2547200,アゾレス・クロミス,アゾレス・クロミス,f146e1703t0,gloss,Azores chromis (Chromis limbata),,阿佐雷斯·克罗米斯,与同种异写条目不一致（音译与释义混用）；需确认Chromis limbata的规范中文名后统一。
remaining_80pct,2552150,アオザメ属,アオザメぞく,f147e484t0,gloss,Isurus (genus comprising the mako sharks),,Isurus（含阿氏鲨的属）,Isurus属鲭鲨类的中文属名和mako sharks范围需核对鱼类名录，当前‘阿氏鲨’不易确认。
remaining_80pct,2559410,ナインスパインバットフィッシュ,ナインスパインバットフィッシュ,f147e1763t0,gloss,ninespine batfish (Zabidius novemaculeatus),,九棘鲈（九棘鲈）,Zabidius novemaculeatus的中文俗名需核实；现译括号重复‘九棘鲈’，可能把fish name误写为鲈。
remaining_80pct,2635260,糸引鰯,いとひきいわし,f155e484t0,gloss,attenuated spider fish (Bathypterois atricolor),,拟态蛛鱼,Bathypterois atricolor 的标准中文俗名需核实；‘拟态蛛鱼’不易与英文 attenuated spider fish 对应。
remaining_80pct,2635260,イトヒキイワシ,イトヒキイワシ,f155e485t0,gloss,attenuated spider fish (Bathypterois atricolor),,丝须鱼,同一物种另一个表记当前译为‘丝须鱼’，与另一表记不一致；需查权威鱼类名录确认中文名。
remaining_80pct,2719630,ヒゲブトオサムシ科,ヒゲブトオサムシか,f163e1039t0,gloss,Paussidae (family of beetles),,长须步甲科（甲虫科）,Paussidae 的规范中文科名需核对权威昆虫名录；现译‘长须步甲科’可能误归步甲科，暂不猜改。
remaining_80pct,2736340,分離肺換気,ぶんりはいかんき,f165e58t0,gloss,differential lung ventilation,,差动肺通气,differential lung ventilation 是专门的呼吸治疗方式；‘差动肺通气’可能不是规范中文名，需核对医学术语标准后再定。
remaining_80pct,2736340,分離肺換気,ぶんりはいかんき,f165e58t1,gloss,differential pulmonary ventilation,,差动肺通气,同义的 differential pulmonary ventilation 也需按呼吸治疗中文术语标准核实。
remaining_80pct,2774440,鎧鮫,よろいざめ,f168e1460t0,gloss,kitefin shark (Dalatias licha),,燕鳍鲨,Dalatias licha 的规范中文鲨鱼名需查权威鱼类名录；‘燕鳍鲨’可能对应其他鱼类。
remaining_80pct,2774440,鎧鮫,よろいざめ,f168e1460t1,gloss,seal shark,,海豹鲨,seal shark 是该物种的英文别名，需与其规范中文名对应核验，暂不按字面翻译。
remaining_80pct,2774560,クジラウオ目,クジラウオもく,f168e1489t0,gloss,Stephanoberyciformes,,鲛形目,Stephanoberyciformes 与 Cetomimiformes 在分类修订中可能有并入/异名关系；需核查该日文目名采用的分类系统。
remaining_80pct,2774560,クジラウオ目,クジラウオもく,f168e1489t2,info,order of fishes containing the whalefishes,,包含鲸鱼的鱼类目,该信息将该鱼目描述为鲸鱼类群，但其与英文分类名称范围关系需查来源分类表。
remaining_80pct,2778260,オオバコエンドロ,オオバコエンドロ,f169e212t1,gloss,feverweed,,feverweed,feverweed 是Eryngium foetidum的地方俗名，需核实其适用的中文植物名后再翻译。
remaining_80pct,2794570,得撫草,うるっぷそう,f170e1562t0,gloss,weaselsnout (Lagotis glauca),,狼毒草（狼毒草）,Lagotis glauca 的规范中文名需核查植物名录；‘狼毒草’可能是另一个分类群。
remaining_80pct,2834361,鳴く蝉よりも鳴かぬ蛍が身を焦がす,なくせみよりもなかぬほたるがみをこがす,f182e244t0,gloss,empty vessels make the most noise,,空容器发出最大的声音,英文释义‘empty vessels make the most noise’与日文谚语及info所述‘沉默萤火虫胜过鸣蝉’意思相反；需核对英文源字段后再校定译文。
remaining_80pct,2848503,クロミスタ,クロミスタ,f195e941t0,gloss,Chromista (proposed kingdom within the superkingdom Eukaryota),,染色体界（拟议中的真核生物界）,Chromista是生物分类界名；需核对采用的中文分类系统对应‘色藻界/有色界/原藻界’何者，‘染色体界’显然可能是字面误译，暂不擅定。
remaining_80pct,2855215,ユンノリ,ユンノリ,f201e1834t0,gloss,yut nori (Korean board game),,云里（韩国棋类游戏）,Yut nori 是韩国传统掷棒棋；需核对中文约定译名（常见译法可能为柶戏/尤特棋），不宜音译成‘云里’。
remaining_80pct,2855215,ユンノリ,ユンノリ,f201e1834t1,gloss,yunnori,,云里,yunnori 为该游戏的罗马字名称，现译‘云里’看起来只是按英文拼音音译；应核对中文译名。
remaining_80pct,2855215,ユンノリ,ユンノリ,f201e1834t2,gloss,nyout,,云里,nyout 是其英语名称的变体，当前统一作‘云里’可能误导，暂标待核。
remaining_80pct,2864758,リシン,リシン,f211e61t0,gloss,lysin,,赖氨酸,英文源项明列 lysin 而非 lysine；赖氨酸对应 lysine，lysin通常指溶菌素/溶菌酶类物质，需确认此日语条目是否混淆拼写或术语，暂不擅自纠正。
remaining_80pct,2867291,ホタルカズラ,ホタルカズラ,f213e765t0,gloss,Lithospermum zollingeri (violet species),,石蓝,Lithospermum zollingeri 的中文植物名需查对植物志/权威分类资料；‘石蓝’可能不是稳定规范名，暂不猜改。
remaining_80pct,1058290,サンクチュアリ,サンクチュアリ,f5e1767t1,gloss,Sanctuary (faction of the Constitutional Democratic Party of Japan),,圣所（日本立宪民主党派系）,Sanctuary 为派系专名，需核查是否有既定中文译名，直译圣所可能不妥
remaining_80pct,1062150,シュポシュポ,シュポシュポ,f6e362t0,gloss,pump-pump,,扑通扑通,シュポシュポ 是泵或蒸汽机等拟声，扑通扑通可能误义；需核实具体用法后选择中文拟声
remaining_80pct,1063310,シルバーマーケット,シルバーマーケット,f6e558t0,gloss,silver market,,银色市场,シルバーマーケット通常可能指老年人消费市场，需核对条目用法是否应译银发市场
remaining_80pct,1097680,バイオホロニクス,バイオホロニクス,f8e1499t0,gloss,bioholonics,,生物全息学,bioholonics 中 holonics 与 holography 不同，需核实生物整体系统学相关中文术语，现译生物全息学存疑
remaining_80pct,1153300,圧排,あっぱい,f13e152t0,gloss,exclusion,,排斥,压排的医学义涉及压迫、排开组织，exclusion 译排斥可能不当，需核对原医学语境
remaining_80pct,1334980,十二単,じゅうにひとえ,f30e1244t1,gloss,ajuga (Ajuga nipponensis),,紫草,Ajuga nipponensis 属筋骨草属而非紫草属，需查植物志确定该种规范中文名
remaining_80pct,1334980,十二単,じゅうにひとえ,f30e1244t2,gloss,bugle,,紫草属植物,bugle 对应 Ajuga 筋骨草类植物，现译紫草属存疑；需与同条拉丁学名核对
remaining_80pct,1382760,石斑魚,うぐい,f35e508t0,gloss,Japanese dace (Tribolodon hakonensis),,日本石斑鱼（Tribolodon hakonensis）,Tribolodon hakonensis 是雅罗鱼类而非石斑鱼，需核查规范中文种名（可能为珠星三块鱼）
remaining_80pct,1425330,中判,ちゅうばん,f39e896t1,gloss,cabinet size (in photography),,（摄影）中判尺寸,cabinet size 与现代摄影中判（中画幅）概念可能不同，需核查原词典关于照片尺寸的指称
remaining_80pct,1483910,皮剥ぎ,かわはぎ,f45e187t0,gloss,thread-sail filefish (Stephanolepis cirrhifer),,丝帆锯鲑（Stephanolepis cirrhifer）,Stephanolepis cirrhifer 是单棘鲀类而非锯鲑，需核查规范中文种名后修正
remaining_80pct,1915420,蘭栽培法,らんさいばいほう,f87e1693t0,gloss,orchidology,,兰花栽培法,日文词头直指兰花栽培法，英文释义 orchidology 指兰学/兰科植物学；现有中文遵从词头但与英文冲突，需核实 JMdict 源条目的 intended sense。
remaining_80pct,2059600,光造形,ひかりぞうけい,f101e799t0,gloss,rapid prototyping (machine),,快速原型机,日文光造形指光造形/光固化成形，英文分别给 rapid prototyping (machine) 和 laser etching (machine)，与该术语并不完全对应；需核对源条目是否把工艺、设备混为一谈。
remaining_80pct,2156170,アクリロイド,アクリロイド,f111e218t0,gloss,acryloid,,丙烯醇,Acryloid 可能是专有商品/树脂名称；‘丙烯醇’看似把专名误拆成化学醇类，但需核对该日语外来语在原词典中的产品/材料所指，再决定保留音译还是译作树脂。
remaining_80pct,2281060,アプライアンスサーバ,アプライアンスサーバ,f124e211t0,gloss,appliance server,,应用服务器,appliance server 指为特定用途配置的专用服务器设备；当前‘应用服务器’容易误解为 application server。需确认本地术语表偏好后选用‘专用服务器’或‘应用设备服务器’。
remaining_80pct,2489250,マーキーズ,マーキーズ,f141e1437t0,gloss,marquise,,女公爵,marquise 可指女公爵，也可指宝石的船形/马眼形切割；词头片假名不足以判定此条意项，需核对日文原始条目语域或专业分类后再定译。
remaining_80pct,2624560,芋粥,いもがゆ,f154e338t1,gloss,gruel with ivy broth and finely minced Japanese yam served at large Imperial banquets,,葛汤粥（在大型宫廷宴会上供应，内含葛汤和细碎薯类）,历史义的 ivy broth 可能涉及薯蕷/山药类的古称或汤汁；现译‘葛汤’未能从日文词头芋粥确认，需查证原典所指食材再确定中文菜名。
remaining_80pct,2628040,脱錫,だっしゃく,f154e1046t1,gloss,removal of tin and copper,,去除锡和铜,日文脱錫表示脱锡，英文释义却说去除锡和铜；需核实该术语是否指含铜废料的联合脱除工艺，现译遵从英文但与词头范围冲突。
remaining_80pct,2719640,クビボソゴミムシ科,クビボソゴミムシか,f163e1040t0,gloss,Brachinidae (family of beetles),,短颈甲科（甲虫科）,Brachinidae 的中文科名存在‘短颈步甲科/炮甲科’等译法，当前‘短颈甲科’不够规范；需按所用动物分类名录确认优选科名后统一。
remaining_80pct,2755330,クレス,クレス,f166e1801t0,gloss,cress,,水芹,cress 可泛指多种芥菜类嫩叶，具体范围随语境变化；当前‘水芹’容易指向 celery，需确认此无修饰词条是否专指 watercress 后再定。
remaining_80pct,2813300,人似猿,ひとにざる,f172e1325t2,gloss,pongid,,猿猴,pongid 是历史分类名称，中文可能对应猩猩科/猩猩类，现译‘猿猴’过于宽泛；需确认词典采用的旧分类对应关系后确定。
remaining_80pct,2829825,架空鉄道,かくうてつどう,f177e1411t0,gloss,elevated railway,,高架铁路,日文架空鉄道通常可指虚构铁路，但英文释义及现译指高架铁路；需核实 JMdict 原条目是否有误或是否为另一专业义项。
remaining_80pct,1014090,アイソタイプ,アイソタイプ,f2e993t0,gloss,isotype,,等型体,isotype 有免疫学、图形符号等多义，需确认本条领域后判断等型体。
remaining_80pct,1039720,ガードケーブル,ガードケーブル,f4e998t0,gloss,guard cable,,保护电缆,疑指道路防护缆索而非电缆，需核实日文用语范围。
remaining_80pct,1043250,ギンガム,ギンガム,f4e1517t0,gloss,gingham,,条纹布,gingham 通常指格子棉布，也有历史条纹织物义；需核实该日文词条所指。
remaining_80pct,1081230,データクラフト,データクラフト,f7e1098t0,gloss,data craft,,数据工艺,data craft 具体日语行业含义不明，需核实是否确为数据工艺。
remaining_80pct,1091160,ニッカーズ,ニッカーズ,f8e551t0,gloss,knickers,,内裤,日语通常指膝下灯笼裤，英语 knickers 也可指内裤；需核实本条采用的日语义。
remaining_80pct,1092960,ネッキング,ネッキング,f8e840t0,gloss,necking,,颈部,necking 可能为亲吻爱抚或工程缩颈，颈部明显过于泛化；需确认日语本条义项。
remaining_80pct,1109620,フェアキャッチ,フェアキャッチ,f9e1356t0,gloss,fair catch,,公平接球,fair catch 是橄榄球受保护接球规则，需核定中文术语是否采用安全接球或公平接球。
remaining_80pct,1118290,ヘザー,ヘザー,f10e661t0,gloss,"heather (color, colour)",,Heather色,Heather色未译色名，但石南紫与混色织物义可能不同，需核实具体色义。
remaining_80pct,1134750,モーメント項,モーメントこう,f11e1126t0,gloss,momentum,,动量,日文有項，英文只有momentum；需核实是否应译动量项及其专业语境。
remaining_80pct,1220830,機械警備,きかいけいび,f19e1330t0,gloss,card-key system,,卡片钥匙系统,日文機械警備范围通常广于英文card-key system，需核对源词条是否误窄化。
remaining_80pct,1244890,駆虫剤,くちゅうざい,f21e1964t0,gloss,insecticide,,杀虫剂,日文駆虫剤通常指驱除寄生虫的药剂，英文insecticide可能偏义；需核对源词条范围。
remaining_80pct,1295350,斎,とき,f26e1467t0,gloss,meals exchanged by parishioners and priests,,教区信徒与神父互赠的餐食,斎（とき）疑为佛教斋饭，英文parishioners and priests不宜径译教区信徒与神父；需核实宗教语境和供食方向。
remaining_80pct,1439700,天草,てんぐさ,f40e1487t0,gloss,any red algae in the family Gelidiaceae (esp. Gelidium crinale),,红藻科（特别是 Gelidium crinale）的红色藻类,Gelidiaceae 疑为石花菜科而非红藻科，需核对中文分类名；同批另有テングサ平行条。
remaining_80pct,1439700,テングサ,テングサ,f40e1488t0,gloss,any red algae in the family Gelidiaceae (esp. Gelidium crinale),,红藻科（特别是 Gelidium crinale）的红藻,Gelidiaceae 疑为石花菜科而非红藻科，需核对中文分类名。
remaining_80pct,1542010,誘電率,ゆうでんりつ,f50e700t2,gloss,conductivity,,电导率,英文 conductivity 与日文誘電率及同义释义 permittivity 不一致；应核对源义项，不能只据日文覆盖英文字段。
remaining_80pct,1718240,蝦夷菊,えぞぎく,f70e588t0,gloss,China aster (Callistephus chinensis),,中国菊（Callistephus chinensis）,Callistephus chinensis 通常中文为翠菊，需核对中国菊是否可接受别名。
remaining_80pct,1718240,蝦夷菊,えぞぎく,f70e588t1,gloss,Chinese aster,,中国菊,同条植物疑应为翠菊，需核实中文别名。
remaining_80pct,1718240,蝦夷菊,えぞぎく,f70e588t2,gloss,annual aster,,一年生菊,annual aster 应同指翠菊，需核实中文名。
remaining_80pct,1753610,延滞税,えんたいぜい,f73e1224t0,gloss,taxes in arrears,,欠税,日文延滞税一般指逾期附加税款而非拖欠税款本身，源英释可能不准确。
remaining_80pct,1753610,延滞税,えんたいぜい,f73e1224t1,gloss,delinquent tax,,拖欠税款,延滞税与英文delinquent tax范围疑不一致，需核实源条。
remaining_80pct,1753610,延滞税,えんたいぜい,f73e1224t2,gloss,overdue tax,,逾期税款,延滞税可能应为税收滞纳金，但英文overdue tax指逾期税款，需核实源条。
remaining_80pct,1925930,アメリカねずこ,アメリカねずこ,f88e1343t0,gloss,redwood,,红杉,美洲鼠尾草树（アメリカネズコ）对应的中文标准植物名需核实；现译红杉可能混淆不同属种。
remaining_80pct,1970530,葵貝,あおいがい,f92e1133t0,gloss,eggcase (shell) of the greater argonaut,,大阿龟的卵壳,greater argonaut eggcase 的中文名称需核实，现译大阿龟疑为误译；应确认该贝壳/卵壳的通用名。
remaining_80pct,1918650,励弧,れいこ,f88e223t0,gloss,excitation,,激励,励弧为专业电气术语，需核实具体技术语境是否指励磁/激励，暂不贸然改译。
remaining_80pct,2013050,放りっぱなし,ほうりっぱなし,f96e1877t2,gloss,unscathed,,安然无恙,原英释 unscathed 与日文放りっぱなし（搁置不管）语义冲突；需核实源条，暂不把安然无恙强行改成同义词。
remaining_80pct,2039130,セルビッチ,セルビッチ,f99e762t0,gloss,selvage (traditional method of denim weaving),,selvage（传统牛仔布织法）,selvage 在牛仔布语境可译布边/赤耳，需确认此条是否专指赤耳丹宁及其中文术语。
remaining_80pct,2218970,関電,かんでん,f117e1311t0,gloss,electrode,,电极,関電读作かんでん通常可指关西电力，但本条英文却为electrode，日英词头对应疑有源条问题；需核实该同形词来源后再决定。
remaining_80pct,2291800,ガスパネル,ガスパネル,f124e1435t1,gloss,gas panel,,气体面板,本条将ガスパネル对应gas panel，但同条首义又对应plasma panel；需查明术语所指是等离子显示面板还是另一种气体面板。
remaining_80pct,2331590,マウス移動感度,マウスいどうかんど,f127e1027t0,gloss,acceleration,,鼠标移动灵敏度,日文词头是鼠标移动感度，英释却是acceleration，中文现译贴近日文；需核实该旧计算机术语是否指鼠标加速度设置。
remaining_80pct,2344170,加減演算子,かげんえんざんし,f128e991t0,gloss,adding operator,,加减运算符,日文加減演算子可指加减运算符，但英文仅列adding operator；需核实这条专指加法还是一般加减运算符。
remaining_80pct,2370270,前景画像,ぜんけいがぞう,f130e1641t1,gloss,dynamic image,,动态图像,日文词头前景画像和首个英释均指前景图像，第二个英释却是dynamic image；需核实源条中第二义是否误配。
remaining_80pct,2364130,順序性,じゅんじょせい,f130e507t1,gloss,alignment,,对齐,日文順序性对应ordering，但英释另列alignment，需核实该旧计算机术语的语境再判断‘对齐’是否正确。
remaining_80pct,2426050,五倍子の木,ふしのき,f136e389t0,gloss,Chinese sumac (Brucea javanica),,五倍子树（Brucea javanica）,日文词头五倍子の木通常指盐肤木Rhus chinensis，而英释所列Brucea javanica是鸦胆子；源条物种信息冲突，需核对后再定中文物种名。
remaining_80pct,2426050,五倍子の木,ふしのき,f136e389t1,xref,Chinese sumac (Brucea javanica),,五倍子树（Brucea javanica）,xref与当前源条同样将Brucea javanica标作Chinese sumac，与日文五倍子树词头冲突；需核实被引用物种条目。
remaining_80pct,2428310,北洋軍閥,ほくようぐんばつ,f136e912t0,gloss,Beiyang Army,,北洋军阀,日文北洋軍閥与中文‘北洋军阀’一致，但英释Beiyang Army指北洋军队；需核实源条是否应为军阀或军队。
remaining_80pct,2486020,ギルトトップ,ギルトトップ,f141e995t0,gloss,gilt-top,,金顶,gilt-top 可指书籍上书口烫金等专门装帧术语，需确认日文ギルトトップ具体物项后再定中文译名。
remaining_80pct,2508780,ラクトゲン,ラクトゲン,f143e388t0,gloss,lactogen,,乳因子,lactogen 的中文术语可能依具体语境指乳生成素/催乳素相关因子，需核实源文所指后再调整。
remaining_80pct,2540440,リーキー,リーキー,f146e595t0,gloss,leaky,,漏的,leaky 需要依对象译为漏水、漏气或泄漏的；此条未给对象，需补充词条语境才能选定自然中文。
remaining_80pct,2546890,ゴールデングレゴリー,ゴールデングレゴリー,f146e1656t0,gloss,golden gregory (Stegastes aureus),,金色格雷戈里鱼,golden gregory 是Stegastes aureus的鱼类俗名，需核对通行中文物种名；现有音译不够可靠。
remaining_80pct,2580450,貴,むち,f149e1704t0,gloss,lord,,领主,古语/敬语后缀むち可指神明或高位者，lord在此可能作敬称而非‘领主’；需核实具体中文称谓习惯。
remaining_80pct,2785740,カウンターポイズ,カウンターポイズ,f169e1728t0,gloss,counterpoise,,反平衡,counterpoise 可指配重、平衡重物或天线平衡导体；该条无领域上下文，需确认所指后选用中文术语。
remaining_80pct,2814210,一文字笠,いちもんじがさ,f172e1487t0,gloss,flat sedge hat,,一文字笠,一文字笠是历史帽型专名，flat sedge hat 未提供具体编织材料与形制，需核对中文文物/服饰术语。
remaining_80pct,2835363,ナイトロミン,ナイトロミン,f183e206t0,gloss,nitromin,,硝胺,Nitromin 是历史药品商品名，需核实其成分及通用中文药名，不能据词形直译为硝胺。
remaining_80pct,2835195,減肉,げんにく,f182e1879t0,gloss,pipe wall thinning,,减肉,減肉在管道工程中指pipe wall thinning，但中文行业惯用术语需核实是否为壁厚减薄/管壁减薄。
remaining_80pct,2838768,血管疾患,けっかんしっかん,f186e909t1,gloss,valvular disease,,瓣膜疾病,‘瓣膜疾病’与vascular disease血管疾病并非同义，疑为英文释义异常，需核实词条是否意在valvular disease。
remaining_80pct,2841195,錐体,すいたい,f188e1555t3,gloss,petrosa,,乳突,petrosa是解剖学术语，‘乳突’通常对应mastoid；需查明此处锥体的具体解剖结构再决定中文名。
remaining_80pct,2843086,お焼き,おやき,f190e1075t1,info,fried round wheat or buckwheat flour cake with various fillings,,用小麦粉或荞麦粉制成、内含各种馅料的油炸圆饼,oyaki在长野通常为烤制/煎烤的带馅面饼，而本条释义称油炸，且词条标注东北/北海道；需要核实当地此处具体食品类型。
remaining_80pct,2844746,ＫＳＫ,ケー・エス・ケー,f192e119t0,gloss,(please) marry me,,（请）嫁给我,KSK作为求婚短语缩写，对应请和我结婚；原译‘嫁给我’可能不保留日文语气但意思近似，是否需改为‘请和我结婚’可再核。
remaining_80pct,2848717,お父さんっ子,おとうさんっこ,f195e1349t0,gloss,daddy's girl,,爸爸的女儿,daddy's girl含亲昵或强烈亲父意味，直译‘爸爸的女儿’较生硬；需确认该词通常对应‘爸爸的乖女儿’还是‘爸爸控’。
remaining_80pct,2848717,お父さんっ子,おとうさんっこ,f195e1349t2,xref,daddy's girl; daddy's boy,,爸爸的小棉袄,xref将daddy's girl / boy合并译成‘爸爸的小棉袄’，只适用于女儿且遗漏男孩义，需考虑中性合译方式。
remaining_80pct,2857137,副生成物,ふくせいせいぶつ,f203e1290t1,gloss,residual product,,残余产物,副生成物的英文residual product与by-product是否为同义词取决于化学语境，需确认是否该译为残余产物、副产物或残留物。
remaining_80pct,2854759,オートシートフィーダ,オートシートフィーダ,f201e927t0,gloss,cut-sheet feeder,,单张纸送纸器,cut-sheet feeder中文设备术语需视打印机/复印机具体机构核实，当前‘单张纸送纸器’基本直译但可能非行业惯用名。
remaining_80pct,2859919,最後方,さいこうほう,f206e806t1,gloss,outermost,,最外层的,outermost与日语最後方（最靠后）语义不一致，可能是释义错置，需核实是否应保留或删除。
remaining_80pct,2858654,マルキー,マルキー,f205e216t0,gloss,Morkie (Maltese and Yorkshire terrier mix),,马尔基犬（马尔济斯犬和约克夏梗的混血犬）,Morkie常指Maltese与Yorkshire Terrier的混种，现中文译名音译可用，但应核实是否存在稳定中文犬种名。
remaining_80pct,2863582,選択薬,せんたくやく,f209e1847t1,gloss,selective drug,,选择性药物,selective drug意为选择性药物，drug of choice意为首选药物，二者并非同义；需核实日语詞条多义或源英文是否错置。
remaining_80pct,2867293,スミレサイシン,スミレサイシン,f213e770t0,gloss,Viola vaginata (violet species),,紫罗兰细辛,Viola vaginata对应中文植物名需查可靠植物志；此处仅以属级分类修正原错误俗名。
remaining_80pct,2869140,ポン抜き囲碁,ポンぬきいご,f215e210t0,gloss,ponnuki go,,扑杀围棋,ponnuki go为先提子获胜的围棋变体，中文棋类术语可能是‘吃子围棋’或特定规则译名，需核实。
remaining_80pct,2872387,あらばこそ,あらばこそ,f218e1070t0,gloss,if only there were ...,,要是有的话……,あらばこそ在惯用句中常表‘哪有……/根本没有……’，与if only there were表面意义相反，需根据源条目辨析该释义是否翻译颠倒。
remaining_80pct,2872296,名目論,めいもくろん,f218e895t1,gloss,terminism,,术语主义,terminism与nominalism存在哲学上的关联但并非总是完全同义，需核实该日语释义对应的具体学派含义。
remaining_80pct,1086740,トリビューン,トリビューン,f7e1891t0,gloss,tribune,,看台,tribune可指演讲台、护民官或报纸名称；日语词条缺少上下文，需核实具体义项，暂不由看台擅改。
remaining_80pct,1103190,パンタグラフ,パンタグラフ,f9e332t0,gloss,pantograph,,pantograph,英文未译；pantograph在日英均可指缩放绘图仪或受电弓，需核实此JMdict单义项具体覆盖范围后译。
remaining_80pct,1140810,リーボック,リーボック,f11e1944t0,gloss,grey rhebok (Pelea capreolus),,灰色岩羚,Pelea capreolus疑为短角羚而非岩羚，需权威中文动物名录核定。
remaining_80pct,1140810,リーボック,リーボック,f11e1944t1,gloss,rhebok,,岩羚,同义rhebok疑应为短角羚，需权威中文名录核实。
remaining_80pct,1140810,リーボック,リーボック,f11e1944t2,gloss,reebok,,岩羚,同义reebok疑应为短角羚，需权威中文名录核实。
remaining_80pct,1140810,リーボック,リーボック,f11e1944t3,gloss,rhebuck,,岩羚,同义rhebuck疑应为短角羚，需权威中文名录核实。
remaining_80pct,1271160,語長,ごちょう,f24e1173t1,gloss,word size,,词的大小,word size在计算机语境应为字长；此条没有领域标签，需核定語長是否仅指计算机字长。
remaining_80pct,1301320,三徳,さんとく,f27e603t8,gloss,"small pouch with separate pockets for a handkerchief, notes and toothpicks (popular during the Edo period)",,分格手帕袋（江户时代流行，用于存放手帕、便签和牙签）,历史三徳袋所装notes可能为纸币或怀纸，便签疑不准确，需原始物品说明核实。
remaining_80pct,1351485,アヤメ,アヤメ,f32e283t1,gloss,Siberian iris (Iris sanguinea),,西伯利亚鸢尾,Iris sanguinea通常对应溪荪，而Siberian iris也可能指Iris sibirica；需植物名录核定所指与标准中文名。
remaining_80pct,1367990,人取り,ひととり,f33e1601t0,gloss,prisoner's base (children's game),,囚人基地（儿童游戏）,prisoner's base是儿童分队追逐游戏，囚人基地为生硬直译；需核实中文游戏称谓或日文规则后给描述性译法。
remaining_80pct,1338000,出し違う,だしちがう,f30e1811t0,gloss,to miss sending,,错过发送,现有英译“to miss sending”无法判定是未能寄出还是寄错；未找到可独立核实该罕见词义的日语国语辞典释义或用例，需核对原始日语词典。
remaining_80pct,1338000,出し違う,だしちがう,f30e1811t1,gloss,to miss delivering,,错过投递,现有英译“to miss delivering”无法判定是未能投递还是投递错误；目前查到的在线条目仅重复JMdict英译，需查可靠日语辞典/例句后再定。
remaining_80pct,1499710,楓子香,ふうしこう,f46e932t0,gloss,galbanum (gum resin from fennel),,茴香脂,galbanum一般指某些阿魏属植物的树脂，与fennel和现译茴香脂的对应需药材权威名录核实。
remaining_80pct,1829120,赤松,あかまつ,f81e290t1,gloss,Japanese umbrella pine,,日本伞松,英文附列Japanese umbrella pine，但日文词头赤松及同组拉丁名Pinus densiflora指日本赤松；该英文名通常对应完全不同的Sciadopitys verticillata。需核对原词典英文义项是否误植。
remaining_80pct,2064220,鯱瓦,しゃちほこがわら,f101e1746t1,xref,① shachihoko; shachi,,① 鯱鉾；鯱,鯱鉾（shachihoko）是日本城郭屋脊上的鱼虎形装饰物，暂未找到稳定通行的中文专名；需确认项目采用的专名译法，避免生造。
remaining_80pct,2375340,超過送信,ちょうかそうしん,f131e682t0,gloss,jabber,,乱码,jabber在计算机网络中是超长或异常持续发送的数据帧，现译“乱码”不符；需确认本词典采用的中文标准术语（如超长帧、异常发送）。
remaining_80pct,2392900,連文節変換,れんぶんせつへんかん,f132e1697t0,gloss,group paragraph conversion,,段落转换,連文節変換是日语输入法的多文节连续转换，英文group paragraph conversion和中文“段落转换”似有术语偏差；需核对原条目所指输入法功能并确认标准译法。
remaining_80pct,2401230,刈萱,かるかや,f133e1334t2,gloss,Cymbopogon tortilis var. goeringii (variety of grass closely related to lemongrass),,柠檬草（柠檬草属植物）,Cymbopogon tortilis var. goeringii为植物分类名，尚不能确认规范中文名与原译“柠檬草”是否恰当；需查中文植物志或植物数据库核实。
remaining_80pct,2429600,テタニー,テタニー,f136e1151t0,gloss,tetany,,强直症,tetany的中文临床术语可能为手足搐搦症或强直症；需确认本词条采用的具体医学定义及规范译名。
remaining_80pct,2501530,グラウンドスマッシュ,グラウンドスマッシュ,f142e1143t0,gloss,ground smash (tennis),,地击,ground smash是网球术语，原译“地击”明显不自然；需确认其指落地后的扣杀、落地击球还是其他技术动作，再选规范中文。
remaining_80pct,2545910,記録欠缺の主張,きろくけんけつのしゅちょう,f146e1491t0,gloss,alleging diminution,,主张记录减少,alleging diminution在法律语境可能指主张案卷记录有所遗漏或缩减，现译“记录减少”含义不明；需核实其特定诉讼术语及准确中文。
remaining_80pct,2559470,アマシイラ属,アマシイラぞく,f147e1776t0,gloss,Luvarus (genus of perciform fish whose only member is the luvar),,甘鲷属（甘鲷属）,Luvarus是单种的鲹形目鱼属，现译“甘鲷属”疑为不同鱼类；需核对该属的规范中文分类名。
remaining_80pct,2584990,アンチグラム,アンチグラム,f150e581t0,gloss,antigram,,抗图,antigram是语言游戏/词汇学中的特殊术语，现译“抗图”不成中文；需确认具体定义及项目采用的术语译名后再修。
remaining_80pct,2706240,上層方言,じょうそうほうげん,f162e448t0,gloss,acrolect,,上层方言,acrolect在社会语言学中通常指高阶语言变体/上层变体，未必是方言；需核定该专业概念的标准中文术语。
remaining_80pct,2856190,単元論,たんげんろん,f202e1524t0,gloss,singularism,,一元论,singularism在哲学中可能指唯名论、个体主义或单一性理论等不同概念；当前译“一元论”与monism易混，需结合本词日文原始辞典定义核定。
remaining_80pct,2858511,スカウティング,スカウティング,f204e1949t0,gloss,scouting,,侦察,scouting可指球探寻访、人才选拔考察或侦察；该日文词条未提供领域信息，现译“侦察”可能过窄，暂不定稿。
remaining_80pct,1023920,インナートリップ,インナートリップ,f3e447t0,gloss,inner trip,,内部行程,inner trip疑指精神或内心体验，需核查日语词源用法后替换“内部行程”。
remaining_80pct,1050330,コックドール,コックドール,f5e614t0,gloss,coq d'or,,金鸡奖,法语coq d'or可能为金鸡/特定餐饮称谓，现译金鸡奖缺少奖项依据，需核查词典释义。
remaining_80pct,1052120,コンシューマーインターポール,コンシューマーインターポール,f5e867t0,gloss,Consumer Interpole,,消费者中间商,Consumer Interpole疑为消费者信息协作组织，并非中间商，需核查机构含义及中文译名。
remaining_80pct,1074180,ズートスーツ,ズートスーツ,f7e126t0,gloss,zoot suit,,齐套西装,zoot suit为特定宽大西装款式，“齐套西装”疑误；需核实服装术语译名。
remaining_80pct,1087760,ドーミーホール,ドーミーホール,f8e40t0,gloss,hole at which a player becomes dormie,,打平洞（高尔夫球赛中使选手达到打平状态的洞）,dormie似指领先洞数等于剩余洞数而非打平，需核查高尔夫比洞赛定义与中文表述。
remaining_80pct,1121730,ホーミング,ホーミング,f10e1193t0,gloss,homing,,归家,已复核旧提示：归家过泛，但源文homing未列领域，需查原词典确定归巢或自动寻的含义。
remaining_80pct,1106480,ピギーバック,ピギーバック,f9e870t0,gloss,piggyback (system),,搭便车,piggyback system在运输中常指驮背运输；本条未给领域，需查日文惯用定义，不能据英文泛义断定为搭便车。
remaining_80pct,1448990,当該人物,とうがいじんぶつ,f41e1374t0,gloss,the appropriate person,,适当的人,当該人物通常为有关人员，而英文appropriate person容易误解为合适人选；需核查原词条具体义后定稿。
remaining_80pct,1448990,当該人物,とうがいじんぶつ,f41e1374t1,gloss,competent person,,主管人员,当該人物与英文competent person含义不完全相符，需核实是否应为相关人员而非主管人员。
remaining_80pct,1449830,統制線,とうせいせん,f41e1532t0,gloss,phase line,,相位线,統制線/phase line疑为军事阶段线，现译相位线是物理义；需核查领域及标准术语。
remaining_80pct,1641480,目立て,めたて,f62e1393t0,gloss,setting (of a saw),,锯齿的齿距,setting of a saw 指锯齿的拨齿/外张调整，现译作齿距可能不准确；建议核对木工术语后确定中文定译。
remaining_80pct,1667620,囲い込み,かこいこみ,f65e641t0,gloss,enclosure,,圈地,该词可指历史上的圈地，也可泛指围隔；其所列 example 谈民族群体构成，现有“圈地”可能把义项限缩为土地运动，需结合例句来源语境核实。
remaining_80pct,1880450,指掌紋,ししょうもん,f85e1221t0,gloss,hand print,,指纹,日文“指掌紋”可指指纹与掌纹，英文 hand print 又可指手印；需核对源词条的专业定义后确定是否应补充掌纹义。
remaining_80pct,1922400,砂下ろし,すなおろし,f88e824t0,gloss,cleaning dirt or sand out of the digestive system,,清除消化道内的污垢或沙粒,砂下ろし看起来是旧式疗法/民俗说法，英文直译称清除消化道污垢或沙粒，具体治疗行为与中文定名需查医学史资料。
remaining_80pct,1955880,黄鶲,きびたき,f91e975t0,gloss,narcissus flycatcher (Ficedula narcissina),,黄头鸲,该鸟种的中文标准名需要按学名 Ficedula narcissina 核对权威鸟类名录后再决定是否修正“黄头鸲”。
remaining_80pct,2202300,四国稗,しこくびえ,f115e1607t0,gloss,finger millet (Eleusine coracana),,指稗（Eleusine coracana）,finger millet（Eleusine coracana）的中文常见名和“指稗”是否为规范异名需核对权威作物名录后定稿。
remaining_80pct,2215070,カナダバルサム,カナダバルサム,f117e550t0,gloss,Canada balsam (resin obtained from balsam fir),,加拿大松香（取自云杉的树脂）,Canada balsam 来自 balsam fir，中文树种名和树脂商品名需要植物/材料术语核对，现译“加拿大松香（云杉树脂）”可能把树种与树脂名混淆。
remaining_80pct,2294180,クロスチェックファン,クロスチェックファン,f124e1786t0,gloss,cross-checked fan,,交叉检查扇,cross-checked fan 是特定计算机硬件术语，当前“交叉检查扇”显然不自然；需要查对应设备/技术文档确认其风扇类型再定译。
remaining_80pct,2312830,デスピュー,デスピュー,f126e411t0,gloss,despew,,脱出,despew 是罕见计算机术语，当前“脱出”不能说明具体功能；需查术语表/原文文档后再定译。
remaining_80pct,2422540,二遺伝子雑種,にいでんしざっしゅ,f135e1688t0,gloss,dihybrid,,双杂交,dihybrid 是遗传学中的双因子杂种/双杂合体，中文定名随教材术语有差异；建议核对所用学科词表后选择统一译名。
remaining_80pct,2456560,アンヒューマ,アンヒューマ,f139e263t0,gloss,amphiuma,,两栖动物,amphiuma 是北美有足螈科的水生蝾螈类群，中文规范类群名需查两栖动物名录；“两栖动物”范围过宽。
remaining_80pct,2476410,セミホウボウ,セミホウボウ,f140e1603t0,gloss,Oriental flying gurnard (Dactyloptena orientalis),,东方飞鲪鱼（Dactyloptena orientalis）,Dactyloptena orientalis 的中文鱼名需查鱼类权威名录；现译“飞鲪鱼”可能不是该种通名。
remaining_80pct,2478030,アニマティズム,アニマティズム,f140e1853t0,gloss,animatism,,动画主义,animatism 是人类学宗教概念（认为无生命物体具有非人格超自然力量），中文术语需要学科词典核实；“动画主义”明显错误。
remaining_80pct,2493070,ポーラーメソッド,ポーラーメソッド,f141e1951t0,gloss,polar method,,极值法,polar method 是特定数学/工程方法名称，中文“极值法”是否对应需查该术语所在学科定义。
remaining_80pct,2464200,千鳥草,ちどりそう,f139e1581t0,gloss,fragrant orchid (Gymnadenia conopsea),,香蜂草（香蜂草属植物）,Gymnadenia conopsea 的中文名为手参；现译“香蜂草”显然是另一种植物。需核对词条是否存在源词/分类关联错误再确认是否直接改名。
remaining_80pct,2464200,千鳥草,ちどりそう,f139e1581t1,xref,fragrant orchid (Gymnadenia conopsea),,香蜂草（香蜂草属植物）,Gymnadenia conopsea 的中文名应为手参；现译“香蜂草”与学名不符，需核对该日本俗名和源词对应后定稿。
remaining_80pct,2559480,アマシイラ科,アマシイラか,f147e1778t0,gloss,Luvaridae (family containing one extant species of perciform fish similar to a surgeonfish),,甘鲷科（甘鲷科）,Luvaridae 的中文科名需核对鱼类分类名录；现译“甘鲷科”且括号重复，可能将鱼类科名误套。
remaining_80pct,2563550,信濃金梅,しなのきんばい,f148e524t0,gloss,"Trollius riederianus var. japonicus (Japanese variety of the Kamchatka globeflower, Trollius riederianus)",,日本金梅（日本变种，学名：Trollius riederianus var. japonicus）,中文植物种名仍待权威植物资料核实；学名已保留，旧提示建议暂缓定译，需查植物志/权威名录。
remaining_80pct,2605080,つぶ貝,つぶがい,f152e514t0,gloss,whelk (esp. Neptunea and Buccinum spp.),,法螺（尤其是Neptunea属和Buccinum属动物）,whelk 尤其指 Neptunea 与 Buccinum 属海螺；“法螺”通常是另一类可作号角的贝类，需查物种级中文名后决定是否改为海螺/峨螺。
remaining_80pct,2605080,つぶ貝,つぶがい,f152e514t1,xref,① whelk (esp. Neptunea and Buccinum spp.),,① 法螺（尤其是Neptunea属和Buccinum属动物）,同组 xref 的 whelk 也被译为“法螺”，物种级中文名需核对后统一。
remaining_80pct,2698040,セムラ,セムラ,f161e817t0,gloss,semla (Scandinavian Lenten pastry),,半拉（斯堪的纳维亚地区斋月糕点）,semla 是北欧四旬斋期间的点心；中文常用名称不统一，现“半拉”是音译且不够说明食物类别，需查烘焙资料确定是否采用“瑞典奶油杏仁面包”等描述性译名。
remaining_80pct,2781260,アルゴドン鉱,アルゴドンこう,f169e853t0,gloss,algodonite,,阿尔贡矿,algodonite 是罕见矿物名，中文音译“阿尔贡矿”可能有漏音或对应矿种不准确，需核对矿物学词典后定名。
remaining_80pct,1032700,オーバープルーフ,オーバープルーフ,f3e1912t0,gloss,overproof,,超量证明,超量证明明显按 proof 误译；需核对该日语外来词是否专指酒精度超过标准浓度。
remaining_80pct,1066640,ジンジャントロプス,ジンジャントロプス,f6e1014t0,gloss,Zinjanthropus (early man),,早期人类,仅译早期人类遗漏 Zinjanthropus 专名，需核定规范中文名东非人及历史分类。
remaining_80pct,1082230,ディファレンシエーション,ディファレンシエーション,f7e1254t0,gloss,differentiation,,微分,differentiation 可指微分或差异化，需查日语外来词具体适用义。
remaining_80pct,1091350,ニューアカデミズム,ニューアカデミズム,f8e573t0,gloss,new academism,,新古典主义,new academism 与新古典主义不同，需核定日本ニューアカデミズム思潮的规范中文名称。
remaining_80pct,1091350,ニューアカデミズム,ニューアカデミズム,f8e573t1,xref,new academism,,新古典主义,引用的新 academism 亦误译新古典主义，需核对规范中文名称。
remaining_80pct,1123950,ボックスストア,ボックスストア,f10e1548t0,gloss,box store,,盒式商店,box store 疑指仓储式折扣商店，需核对日语商业术语所指。
remaining_80pct,1141230,リグ,リグ,f12e1t0,gloss,rig,,桁架,rig 常指索具或钻机，桁架是否为该日语外来词义需要核查。
remaining_80pct,1279940,洪積,こうせき,f25e568t0,gloss,diluvial epoch,,洪水期,地质学 diluvial epoch 应核对洪积世或更新世，洪水期疑为字面误译。
remaining_80pct,1310310,支脈,しみゃく,f28e338t0,gloss,spur,,支线,支脉通常指山脉分支，spur 译支线可能混入交通义，需核对原词源义项。
remaining_80pct,1310310,支脈,しみゃく,f28e338t1,gloss,feed,,馈线,feed 与日文支脉的对应不清，需核对是否为矿脉、山脉或其他技术义。
remaining_80pct,1389560,占地,しめじ,f35e1860t2,gloss,"euagaric fungus (in grocery stores, usu. refers to cultivated field mushrooms, etc.)",,euagaric 真菌（在杂货店中，通常指栽培的田蘑菇等）,euagaric 真菌保留未译专业分类名，需核实分类术语及 cultivated field mushrooms 在该义中的所指。
remaining_80pct,1586090,鮎魚女,あいなめ,f55e720t0,gloss,fat greenling (Hexagrammos otakii),,油鱼（Hexagrammos otakii）,油鱼疑误指别种，Hexagrammos otakii 需核对规范中文名大泷六线鱼。
remaining_80pct,1594360,羊歯,しだ,f56e1816t1,gloss,fernery,,蕨类植物,fernery 英语常指蕨园，但日文羊歯可能仅指蕨类群落；需核对源义范围。
remaining_80pct,2235250,旭日小綬章,きょくじつしょうじゅしょう,f119e772t0,gloss,"Order of the Sacred Treasure, Gold Rays with Rosette",,旭日小绶章,"日文旭日小綬章及中文‘旭日小绶章’对应 Order of the Rising Sun, Gold Rays with Rosette；英文却写 Order of the Sacred Treasure（瑞宝章）。需核实英文源条目是否误标，中文本身与日文词头相符。"
remaining_80pct,2315090,ドロップアウトカラー,ドロップアウトカラー,f126e730t0,gloss,drop-out colour,,掉色,‘掉色’通常指褪色，与 computing 中的 drop-out colour 不符；需要确认该术语指扫描/OCR 中被滤除的颜色还是显示处理中的消隐颜色，再确定规范译名。
remaining_80pct,2315900,ネガティブ表示,ネガティブひょうじ,f126e828t0,gloss,negative expression,,负值表示,‘negative expression’语义不够明确，现译‘负值表示’可能对也可能把显示模式误作数值语义；需查看该词在原技术来源中的具体上下文。
remaining_80pct,2367450,水平方向奇偶検査,すいへいほうこうきぐうけんさ,f130e1096t0,gloss,LRC,,水平方向奇偶校验,同一条目把 LRC 译为‘水平方向奇偶校验’，并将 Longitudinal Redundancy Check 译为‘纵向冗余校验’；需核对源术语的行列方向约定后统一中文。
remaining_80pct,2457900,水がかかる,みずがかかる,f139e521t0,gloss,to pour water on,,浇水,日语水がかかる是不及物结构，表示某物被水溅到或沾上水；英文 to pour water on 偏主动，现译‘浇水’也容易理解成主动浇灌。需核实应按日语义译成‘被水淋到’还是英文描述的浇水行为。
remaining_80pct,2552840,トガリドチザメ,トガリドチザメ,f147e580t0,gloss,"slender smooth-hound (Gollum attenuatus, species of finback catshark from the Southwest Pacific)",,细长平滑猫鲨（Gollum attenuatus，分布于西南太平洋的鳍背猫鲨）,英文主释义称 slender smooth-hound，但括注又称 finback catshark；Gollum attenuatus 的分类与通行英文名存在冲突，且尚需核实该物种的规范中文名后再定译。
remaining_80pct,2603920,彼方方,あなたがた,f152e284t0,gloss,that way,,那边,词头读作あなたがた（通常指‘你们’），英文却给出 that way/over there，且同条目后续义项是 that person/him/her；需核对日文读音、义项分组与英文映射后再确定。
remaining_80pct,2603920,彼方方,あなたがた,f152e284t1,gloss,over there,,那边,词头读作あなたがた（通常指‘你们’），英文 over there 与该读音及同条目代词义不吻合；需核对日文读音、义项分组与英文映射。
remaining_80pct,2637910,柔婉,じゅうえん,f155e1055t0,gloss,simple,,质朴,柔婉通常指柔和婉约，而英文 simple 与词头义不符；需核对英文义项是否串条后再译。
remaining_80pct,2637910,柔婉,じゅうえん,f155e1055t1,gloss,plain,,朴素,柔婉通常指柔和婉约，而英文 plain 与词头义不符；需核对英文义项是否串条后再译。
remaining_80pct,2637910,柔婉,じゅうえん,f155e1055t2,gloss,honest,,诚实,柔婉通常指柔和婉约，而英文 honest 与词头义不符；需核对英文义项是否串条后再译。
remaining_80pct,2637910,柔婉,じゅうえん,f155e1055t3,gloss,unaffected,,无矫饰,柔婉通常指柔和婉约，而英文 unaffected 与词头义不符；需核对英文义项是否串条后再译。
remaining_80pct,2637910,柔婉,じゅうえん,f155e1055t4,gloss,frank,,坦率,柔婉通常指柔和婉约，而英文 frank 与词头义不符；需核对英文义项是否串条后再译。
remaining_80pct,2637910,柔婉,じゅうえん,f155e1055t5,gloss,unpretentious,,不卖弄,柔婉通常指柔和婉约，而英文 unpretentious 与词头义不符；需核对英文义项是否串条后再译。
remaining_80pct,2675530,ペールエール,ペールエール,f159e570t1,example,Pale ale is a low-alcohol beer.,ペールエールはアルコール含(がん)有(ゆう)量(りょう)の少(すく)ないビールだ。,淡色艾尔啤酒是酒精含量较低的啤酒。,日文和英文原句都称 pale ale 是低酒精啤酒，但常见 pale ale 属普通酒精度；需确认此处是否指某种低酒精款式或源句本身有误，当前译文只保留其原文含义。
remaining_80pct,2732890,エナンチオトロピー,エナンチオトロピー,f164e1403t0,gloss,enantiotropy,,对映异构,当前译文可能混淆晶型可逆转变与立体化学的对映异构；在确认规范术语前不擅自替换。
remaining_80pct,2734470,色出し,いろだし,f164e1695t0,gloss,saddening (dye),,媒染剂,日文义项、英文词和信息描述互有出入，需核对可靠染色术语来源才能判断‘媒染剂’是否正确。
remaining_80pct,2749210,外釜,そとがま,f166e679t2,gloss,outdoor bathwater heater,,户外浴水加热器,英文释义与对照词内釜暗示设备内外位置，但无法据此确认确切设备名称。
remaining_80pct,2779290,裸木,はだかぎ,f169e412t3,gloss,Prunus zippeliana (East Asian species of prunus),,Prunus zippeliana（东亚李属植物）,只发现中文物种俗名可能不确定，没有证据表明现有保守译法有误。
remaining_80pct,2792640,ＴＯＰＳ,トップス,f170e1186t0,gloss,thermoelectric outer planet spacecraft,,热电力外行星飞船,现有‘热电力外行星飞船’可直译构词但不确定该缩写所指航天器的正式中文名。
remaining_80pct,2800430,平行いとこ,へいこういとこ,f171e800t1,gloss,ortho-cousins,,正表兄弟,‘正表兄弟’可能是逐词直译，但不足以确认其亲属学含义。
remaining_80pct,2826878,視正午,ししょうご,f174e1770t0,gloss,apparent noon,,视正午,现有‘视正午’可能是缩略术语，但未足以确定需要修改；apparent noon 与真太阳时有关。
remaining_80pct,2833650,連装,れんそう,f181e859t0,gloss,coaxial mounting,,同轴安装,多个 gloss 暗示泛指安装配置，但缺少上下文，‘同轴安装’和‘多重安装’可能各指不同专门用法。
remaining_80pct,2842779,プレソーラー粒子,プレソーラーりゅうし,f190e508t0,gloss,presolar grain,,太阳前颗粒,presolar grain 指太阳系形成前的星际尘粒，需核天文学中文规范术语（如“前太阳颗粒/前太阳系颗粒”）后确定译名。
remaining_80pct,2843394,トポス,トポス,f190e1623t0,gloss,topos,,图普斯,topos 是源自希腊语的哲学/修辞术语，词条兼列音译和 place，需核本词具体术语传统后确定“托波斯/论题”等对应。
remaining_80pct,2853054,四国艦隊下関砲撃事件,しこくかんたいしものせきほうげきじけん,f199e1778t0,gloss,Shimonoseki campaign (1863-1864),,马关战役（1863-1864）,Shimonoseki campaign 常见中文译作下关战役/下关炮击，现有“马关战役”或为历史地名异译；需核历史专名规范后确定。
remaining_80pct,2855404,アセトン酸,アセトンさん,f202e146t0,gloss,acetonic acid,,丙酮酸,acetonic acid 与 acetone acid 的中文化学名称及其与丙酮酸的关系需核化学辞典，暂不凭相似词形改动“丙酮酸”。
remaining_80pct,2859034,物神崇拝,ぶっしんすうはい,f205e965t0,gloss,fetishism,,恋物癖,fetishism 在社会学/宗教语境可译物神崇拜，在心理语境也可指恋物癖；需核此词条实际领域后确定。
remaining_80pct,2859133,紅金剛鸚哥,べにこんごういんこ,f205e1179t2,gloss,scarlet macaw,,猩红金刚鹦鹉,拉丁学名 Ara chloropterus 对应绿翅金刚鹦鹉/红绿金刚鹦鹉，但英文列出 scarlet macaw（通常另一物种）；源同义项有冲突，需查鸟类名录。
remaining_80pct,2859830,トピ,トピ,f206e633t0,gloss,topi (Damaliscus lunatus),,topi（Damaliscus lunatus）,topi（Damaliscus lunatus）的中文物种名需要核权威动物名录；现译仅保留外文名。
remaining_80pct,2860449,トランスコンパイラ,トランスコンパイラ,f206e1845t0,gloss,transcompiler,,转译编译器,transcompiler 是把一种编程语言转换为另一种的编译器，中文行业常称转译器/源到源编译器，需核本项目术语表后统一。
remaining_80pct,2865746,釘打ち機,くぎうちき,f211e1901t0,gloss,riveting machine,,铆接机,词头釘打ち機通常是钉枪/打钉机，但英文源释义 riveting machine 指铆接设备；日英冲突需核源词条后决定。
remaining_80pct,2869045,コシナガ,コシナガ,f215e21t1,gloss,northern bluefin tuna,,北方蓝鳍金枪鱼,Thunnus tonggol 的常见英文名为 longtail tuna；词条另列 northern bluefin tuna，疑与另一种金枪鱼混淆，需核分类来源后确定是否删除/改写该同义释义。
remaining_80pct,2872302,キャビネ判写真,キャビネはんしゃしん,f218e911t0,gloss,cabinet photograph,,卡比内照片,cabinet photograph 是特定历史肖像照尺寸/形式，中文音译“卡比内照片”需核摄影史常用译名后再确定。
remaining_80pct,1040780,キーストーンコンビネーション,キーストーンコンビネーション,f4e1152t0,gloss,keystone combination,,拱心石组合,疑为棒球二垒手与游击手配合术语，需核对日文专业释义，不能直译拱心石组合
remaining_80pct,1048420,ゲームオール,ゲームオール,f5e308t0,gloss,game all,,全场,game all疑为比赛局数打平，需核对具体运动及日文释义
remaining_80pct,1079490,テクノカット,テクノカット,f7e866t0,gloss,techno cut,,技术式发型,技术式发型疑为techno的字面误译，需核实该日本发型的中文名称
remaining_80pct,1085000,トッパー,トッパー,f7e1654t0,gloss,topper,,顶饰,トッパー可能指女式短大衣；英文topper义项不明，需核对源词条
remaining_80pct,1131440,ミニピル,ミニピル,f11e617t0,gloss,minipill,,迷你药片,minipill为避孕药术语，迷你药片是字面误译，需核对仅含孕激素制剂的标准中文名称
remaining_80pct,1140290,ランニングストック,ランニングストック,f11e1872t0,gloss,running stock,,运行库存,running stock原译运行库存可疑，需核对日文是周转库存还是铁路车辆等含义
remaining_80pct,1217600,雁爪,がんづめ,f19e713t1,gloss,coal-trimming rake,,煤矸耙,coal-trimming rake疑为平煤耙，原译煤矸耙混淆作业对象，需核对专业中文名
remaining_80pct,1334090,住所録,じゅうしょろく,f30e1099t3,example,I ran across his telephone number in an old address book of mine.,古(ふる)い住(じゅう)所(しょ)録(ろく)で偶(ぐう)然(ぜん)、彼(かれ)の電(でん)話(わ)番(ばん)号(ごう)を見(み)せた。,我在旧地址簿中偶然看到了他的电话号码。,日文見せた为给人看，英文及中文是看到了；疑日文例句误写，需核原例句，暂不擅改中文
remaining_80pct,1398820,双十節,そうじゅうせつ,f36e1632t1,gloss,October 10th Chinese national holiday,,10月10日中国国庆节,双十节指中华民国国庆日，原译中国国庆节易误指10月1日；英文同样含混，需核实体称谓后统一
remaining_80pct,1554170,凌ぎ,しのぎ,f51e1227t4,gloss,food offered to attendants of a funeral,,提供给葬礼招待者的食物,attendants此处可能指葬礼参加者而非招待人员，需核对非時的日文民俗释义
remaining_80pct,1554170,凌ぎ,しのぎ,f51e1227t5,xref,③ food offered to attendants of a funeral,,③提供给葬礼招待者的食物,被引词非時的用餐对象需核实是参礼者或葬礼助手
remaining_80pct,1858660,一飛,いちひ,f84e382t0,gloss,first fly,,第一飞,“一飛”及英文first fly的具体棒球义项不明确，需查证该词条源定义后再定译文
remaining_80pct,1860560,裏扉,うらとびら,f84e618t0,gloss,back leaf,,后门,back leaf在出版术语中的具体部位不明确，现译“后门”明显不合义，需核实是否指封底内页或书末叶
remaining_80pct,2026930,活じめ,いきじめ,f98e312t0,gloss,fresh-frozen (e.g. fish),,急冻（例如鱼）,活じめ通常涉及鱼鲜活状态下的处理方式，英文fresh-frozen与中文急冻可能都误导；需核实此处所指处理流程及源义
remaining_80pct,2026930,活じめ,いきじめ,f98e312t1,gloss,quickly frozen,,迅速冷冻,quickly frozen与日文活じめ的对应关系不清楚，需核实词条源义究竟指鲜鱼处理法还是快速冷冻
remaining_80pct,2223610,厨,ちゅう,f118e449t4,gloss,fag,,（网络用语）恶搞者；网络喷子,英文fag是带强烈冒犯性的同性恋蔑称，与本词条日文网络贬称厨可能并不对应；需核实源义及目标译法，不能沿用troll译文
remaining_80pct,2474720,１０モード,テンモード,f140e1301t0,gloss,ten mode,,十调,“10モード/ten mode”可能是日本汽车油耗认证的10工况模式，但此处缺少领域上下文；需确认术语后再定“十调”的改法
remaining_80pct,2480710,シャルトリューズ,シャルトリューズ,f141e242t0,gloss,chartreuse,,沙特尔,Chartreuse可指法国利口酒、颜色或其他专名；需确认本词条所指对象后选择中文译名，沙特尔目前看似误译
remaining_80pct,2492430,フォトプレーヤー,フォトプレーヤー,f141e1874t0,gloss,photoplayer,,光播放器,photoplayer是历史设备或表演者等多义词，缺少定义上下文，需确认具体对象后再定译法
remaining_80pct,2515470,エンテレケイア,エンテレケイア,f143e1636t0,gloss,entelechy,,完满,entelechy是亚里士多德哲学术语，中文有多种译法；需核对该条所采术语体系再替换“完满”
remaining_80pct,2642020,警察医,けいさつい,f155e1927t0,gloss,police surgeon,,警察外科医生,police surgeon是特定国家的警务医疗职务，需确认日语警察医的制度语境后选择中文职称
remaining_80pct,2642020,警察医,けいさつい,f155e1927t1,gloss,police medical officer,,警察医疗官,police medical officer可指不同制度中的警务医疗官，需核实该日本职务对应关系
remaining_80pct,2664710,すだ椎,すだじい,f158e408t0,gloss,Castanopsis sieboldii (species of chinquapin),,日本栗（一种栗属植物）,Castanopsis sieboldii的中文植物通名可能为日本栲/椎等，需核实目标地区采用的标准植物名；“日本栗”疑不准确
remaining_80pct,2703620,黒海亀,くろうみがめ,f161e1949t0,gloss,East Pacific green turtle (Chelonia mydas agassizii),,东太平洋绿海龟（Chelonia mydas agassizii）,日文黑海龟、学名Chelonia mydas agassizii与英文East Pacific green turtle使用不同俗名；需核实中文采用东太平洋黑龟还是绿海龟
remaining_80pct,2719930,極偏東風,きょくへんとうふう,f163e1086t1,gloss,polar Hadley cells,,极地哈德莱环流,polar Hadley cells与polar easterlies在气象学上似为不同概念，需核实日文词条来源是否把该短语作为同义释义
remaining_80pct,2751990,喉黒千鳥,のどぐろちどり,f166e1174t0,gloss,shore dotterel (Thinornis novaeseelandiae),,岸鹬,Thinornis novaeseelandiae的中文种名需要核实；现译“岸鹬”与同条的“岸鸻”不一致，需确认标准中文鸟名
remaining_80pct,2751990,喉黒千鳥,のどぐろちどり,f166e1174t1,gloss,shore plover,,岸鸻,shore plover的标准中文种名需核实后统一，不应与t0使用不一致的岸鸟名称
remaining_80pct,2768310,偽袋鼯鼠,にせふくろももんが,f168e316t0,gloss,feathertail possum (Distoechurus pennatus),,飞尾袋鼯鼠（Distoechurus pennatus）,Distoechurus pennatus的标准中文名及possum分类译法需核实；现译“飞尾袋鼯鼠”可能混淆袋鼯类
remaining_80pct,2768310,ニセフクロモモンガ,ニセフクロモモンガ,f168e317t0,gloss,feathertail possum (Distoechurus pennatus),,羽尾袋鼯（Distoechurus pennatus）,Distoechurus pennatus的标准中文名及possum分类译法需核实；现译“羽尾袋鼯”可能混淆袋鼯类
remaining_80pct,2792660,破れ傘,やぶれがさ,f170e1187t2,gloss,shredded umbrella plant (Syneilesis palmata),,裂叶植物（Syneilesis palmata）,Syneilesis palmata的标准中文物种名尚未核实；现译“裂叶植物”过于泛化，需查证后替换并保留学名
remaining_80pct,2807500,螻羽,けらば,f172e110t0,gloss,edge of a gabled roof,,戽脊,建筑术语verge在山墙屋顶上的标准中文名称需核实；需确认“戽脊”是否适用于此构件
remaining_80pct,2807500,螻羽,けらば,f172e110t1,gloss,verge,,戽脊,建筑术语verge在山墙屋顶上的标准中文名称需核实；需确认“戽脊”是否适用于此构件
remaining_80pct,2819050,アカマチ,アカマチ,f173e541t0,gloss,queen snapper (Etelis coruscans),,红点鳃,Etelis coruscans及queen/ruby/flame snapper的标准中文鱼名需核实；“红点鳃”疑为错误直译
remaining_80pct,2819050,アカマチ,アカマチ,f173e541t1,gloss,ruby snapper,,红点鳃,Etelis coruscans的ruby snapper中文鱼名需核实，现译“红点鳃”不自然
remaining_80pct,2819050,アカマチ,アカマチ,f173e541t2,gloss,flame snapper,,红点鳃,Etelis coruscans的flame snapper中文鱼名需核实，现译“红点鳃”不自然
remaining_80pct,2819050,アカマチ,アカマチ,f173e541t3,xref,queen snapper (Etelis coruscans); ruby snapper; flame snapper,,红点鳃（Etelis coruscans）；红宝石鳃；火焰鳃,该xref列出Etelis coruscans多个俗名，需核实各自标准中文鱼名后再统一修正
remaining_80pct,2838301,毛鉱,もうこう,f186e1t0,gloss,jamesonite,,詹姆斯矿,jamesonite的标准中文矿物名需核对矿物词典；现译“詹姆斯矿”像音译，需确认应采用的规范名
remaining_80pct,2838301,毛鉱,もうこう,f186e1t1,gloss,feather ore,,羽毛矿,feather ore是jamesonite的旧称或俗名，需核实对应的规范中文矿物名，避免直译为羽毛矿
remaining_80pct,2842216,櫛板,くしいた,f189e1401t1,gloss,comb plate,,梳板,tenter在织机/纺织语境中有特定器具义，需核实中文行业术语后判断“张网器”是否正确
remaining_80pct,1028000,エクスチェンジオーダー,エクスチェンジオーダー,f3e1238t0,gloss,exchange order,,委托单,exchange order可能指票券兑换凭证；现有词条无领域，需核对日语原始辞典释义，不能确认委托单。
remaining_80pct,1079470,テクネトロニック,テクネトロニック,f7e864t0,gloss,technetronic,,锝电子学,technetronic来自technology与electronic，锝电子学明显可疑；需确认词头作为名词的中文术语及定义，保留待核。
remaining_80pct,1089040,ドリフター,ドリフター,f8e247t0,gloss,drifter,,漂移者,drifter可能是流浪者、漂流者或凿岩机；源文无领域，需核对日语义项后替换不自然的漂移者。
remaining_80pct,1106560,ピケ,ピケ,f9e879t0,gloss,pique,,红心,法语来源且标牌类游戏，pique可能涉及皮克牌游戏或黑桃；红心明显可疑，需核对词条源义。
remaining_80pct,1154490,暗黒期,あんこくき,f13e375t0,gloss,eclipse period (in viral lifecycle),,潜伏期（病毒生命周期中）,病毒学eclipse period通常区别于latent period，潜伏期可能应为隐蔽期；需专业术语来源核对。
remaining_80pct,1154490,暗黒期,あんこくき,f13e375t1,gloss,eclipse phase,,潜伏阶段,同义项eclipse phase的专业译名需与潜伏期区分，核实隐蔽阶段。
remaining_80pct,1217610,雁皮紙,がんぴし,f19e714t0,gloss,"traditional Japanese paper made from the fibre of plant species Diplomorpha sikokiana (high quality, glossy)",,用四数木纤维制成的传统日本纸（高品质，有光泽）,Diplomorpha sikokiana为雁皮的学名，四数木疑为不同植物；需权威植物志核对中文名后替换。
remaining_80pct,1217610,雁皮紙,がんぴし,f19e714t1,xref,① Diplomorpha sikokiana (species of flowering plant),,① 四数木（一种开花植物）,xref所指雁皮的学名为Diplomorpha sikokiana，四数木可能错种；需核对植物中文名。
remaining_80pct,1297810,作戦オーバーレー,さくせんオーバーレー,f26e1879t0,gloss,operation overlay,,作战叠加,operation overlay疑指军事地图上的作战要图或透明覆盖图，作战叠加不自然；需军事制图术语来源。
remaining_80pct,1416800,たら子,たらこ,f38e1264t0,gloss,"cod roe (roe of any fish from family Gadidae, esp. salted walleye pollack roe)",,鳕鱼籽（鳕科鱼类的鱼籽，特指腌制的长尾鳕鱼籽）,walleye pollack通常译狭鳕，长尾鳕疑错种；需权威鱼类来源核对。
remaining_80pct,1416800,たら子,たらこ,f38e1264t1,xref,"① gadid (any fish of the family Gadidae, incl. cod, haddock, whiting and pollack)",,① 鳕鱼（鳕科鱼类，包括鳕鱼、黑线鳕、白线鳕和长尾鳕等）,xref列出的whiting、pollack译作白线鳕、长尾鳕疑有物种错配，需鱼类分类来源。
remaining_80pct,1416800,たら子,たらこ,f38e1264t2,xref,walleye pollack (Theragra chalcogramma); Alaska pollack,,长尾鳕（Theragra chalcogramma）；阿拉斯加长尾鳕,Theragra chalcogramma（现多归Gadus）通常为狭鳕，原译长尾鳕疑错误，需权威来源核对。
remaining_80pct,1475430,白鱚,しろぎす,f44e554t0,gloss,Japanese whiting (Sillago japonica),,日本白姑鱼（Sillago japonica）,Sillago japonica应属于鱚科，日本白姑鱼疑误配石首鱼科名称；需核对标准中文名。
remaining_80pct,2235280,開発経緯,かいはつけいい,f119e779t0,gloss,features (e.g. of a product),,特性（如产品的）,日文词头‘开发经过/开发历程’与英文释义 features（产品特性）不对应，需核对此 JMdict 英文释义的来源或同义词条；中文暂不定改。
remaining_80pct,2256950,篶,すず,f121e1464t0,gloss,Sasamorpha borealis (species of bamboo grass unique to Japan),,苏苏笹（日本特有的竹类植物，学名 Sasamorpha borealis）,给定学名 Sasamorpha borealis 的资料显示分布于日本、朝鲜半岛和库页岛，而英文称其日本特有；请核对词条所指分类/分布并确认规范中文名。目前‘苏苏笹’也疑似不自然音译。
remaining_80pct,2294210,クロスフッティング,クロスフッティング,f124e1790t0,gloss,crossfooting,,交叉脚注,crossfooting 是会计/电子表格中的横向、纵向交叉合计核对，需核实本计算机术语的推荐中文译法；原译‘交叉脚注’看似误解 crossfooting，但暂留待专业术语核对。
remaining_80pct,2327110,プリントスルー,プリントスルー,f127e400t0,gloss,print through,,打印直通,print through 在印刷/计算机语境可能指透印现象或打印直通功能；需查看此条目的技术上下文后确定中文术语，原译‘打印直通’含义不明。
remaining_80pct,2357960,最大作動正規電圧,さいだいさどうせいきでんあつ,f129e1339t0,gloss,maximum operating normal mode voltage,,最大工作正常模式电压,maximum operating normal mode voltage 是特定电气/通信术语，需查对应标准确认 normal mode 的术语义；当前‘最大工作正常模式电压’很像逐词拼接，暂不贸然改写。
remaining_80pct,2471460,オフィスランドスケープ,オフィスランドスケープ,f140e794t0,gloss,office landscape,,办公景观,office landscape 可能指开放式办公室的景观化布局，也可能指办公室环境设计；需核对专业语境以选择中文术语，‘办公景观’目前含义不明。
remaining_80pct,2563940,空気酸化,くうきさんか,f148e598t3,gloss,smoothering,,窒息,英文 gloss 写作 smoothering（非标准拼写），疑为 smothering；虽可对应中文‘窒息’，但需核实是否确为该词而非其它术语，先保留待上游确认。
remaining_80pct,2674370,椎間孔狭窄,ついかんこうきょうさく,f159e322t0,gloss,vertebral canal stenosis,,椎管狭窄,日文词条椎間孔狭窄明确指椎间孔狭窄，但英文写 vertebral canal stenosis（椎管狭窄）；中文现译也跟英文而非日文，需要上游确认字段映射。
remaining_80pct,2734640,了解心理学,りょうかいしんりがく,f164e1722t0,gloss,comprehensive psychology,,综合心理学,日文词头意为理解/了解心理学，但英语 comprehensive psychology 与 t1 comprehension psychology 彼此不一致；无法仅据现有释义判断是否为同一学科，先标待核。
remaining_80pct,2782170,アクアオーラ,アクアオーラ,f169e1004t0,gloss,aqua aura,,水光,aqua aura 可能是特定商品名/处理水晶名，现译‘水光’无法确认其所指，需查语境或术语来源。
remaining_80pct,2826893,先行き不安,さきゆきふあん,f174e1799t2,example,That outfit is running a fly-by-night operation.,あの会(かい)社(しゃ)は先(さき)行(ゆ)き不(ふ)安(あん)な商(しょう)売(ばい)をしています。,那家公司经营着一门前途未卜的生意。,日文例句说该公司的生意前景不确定，中文也如此；所配英文却是 fly-by-night operation（可指不可靠/短命经营），与日文词面不完全一致，需核对来源映射。
remaining_80pct,2837203,豚バラ,ぶたバラ,f184e1736t1,gloss,boned pork rib,,去骨猪肋排,English boned pork rib 与中文‘去骨猪肋排’可能存在 boned 一词方向歧义（带骨或去骨）；需查该词条所依据的英文源词/食材语境，暂不改。
remaining_80pct,2841816,慶長の役,けいちょうのえき,f189e683t1,xref,Imjin War (1592-1597); Hideyoshi's invasions of Korea,,万历朝鲜战争（1592年至1597年）；丰臣秀吉入侵朝鲜,英文 xref 将 Imjin War 年份写为1592–1597，而史实通常记至1598年；当前中文跟随英文年份，建议核对该历史年代源数据。
remaining_80pct,2852443,継続語,けいぞくご,f199e513t0,gloss,continuative,,接续词,grammar 中 continuative 可能指动词连用形、接续形或持续体，现译‘接续词’将其当作词类，需结合具体语法体系核实。
remaining_80pct,2869047,ハンプバック,ハンプバック,f215e24t0,gloss,"humpback (whale, fish)",,座头鲸（鲸、鱼）,"humpback 可指座头鲸，也可指多种鱼类俗名；当前英文括注 whale, fish 语义宽泛而中文只给鲸名，需核对该日语词条的具体鱼类所指。"
remaining_80pct,1002180,お食い初め,おくいぞめ,f1e493t1,gloss,weaning ceremony,,断乳仪式,okuizome为百日开食仪式，英文weaning ceremony却译作断乳；需核实源词典的仪式说明后决定是否修正英文源义。
remaining_80pct,1020180,アンダープルーフ,アンダープルーフ,f2e1870t0,gloss,underproof,,不足量,underproof通常指酒精浓度低于标准，原译不足量疑错；需查该日语外来词的酒精浓度专义。
remaining_80pct,1040800,キータッチ,キータッチ,f4e1155t0,gloss,key-touch,,按键,key-touch可能指键盘按键手感或击键方式，需核实日语用法；按键疑过宽。
remaining_80pct,1043370,クーリングダウン,クーリングダウン,f4e1538t0,gloss,cooling down,,冷却,クーリングダウン可能专指运动后整理活动，需核实源词在此是否兼含普通冷却。
remaining_80pct,1062390,ショートスケール,ショートスケール,f6e403t0,gloss,short-scale,,短刻度,short-scale可能为乐器短弦长或计数短级差，短刻度疑错；需查该外来词具体领域。
remaining_80pct,1071020,ストックカー,ストックカー,f6e1680t0,gloss,stock car,,量产车,stock car可能为由量产车改装的赛车；需核实日语词典是否含普通量产车义。
remaining_80pct,1085060,トップグループ,トップグループ,f7e1661t0,gloss,top group,,顶级集团,top group可能为比赛领先集团，顶级集团疑泛化；需核实源词的常用上下文。
remaining_80pct,1095390,ハイピッチ,ハイピッチ,f8e1185t0,gloss,high pitch,,高音调,日语ハイピッチ也可指高速快节奏，需核实源词仅列high pitch时是否主要为音高义。
remaining_80pct,1106570,ピケット,ピケット,f9e880t0,gloss,picket,,警戒,picket可能指罢工纠察队或哨兵，警戒不足以表义；需核实该外来词领域。
remaining_80pct,1108640,ファンシーストア,ファンシーストア,f9e1198t0,gloss,fancy store,,花哨商店,ファンシーストア通常指销售装饰小商品的店，花哨商店疑误译；需核实日语商业术语范围。
remaining_80pct,1127150,マウスピース,マウスピース,f11e21t0,gloss,mouthpiece,,话筒,mouthpiece在日语常为乐器吹口或护齿，话筒义可能不适用；需核实词典本义范围。
remaining_80pct,1145830,レフェリーポジション,レフェリーポジション,f12e661t0,gloss,referee's position (in wrestling),,（摔跤中的）裁判位置,referee’s position在摔跤中可能为运动员的指定起始姿势，需查规则术语以排除裁判站位误译。
remaining_80pct,1156390,尉,じょう,f13e702t0,gloss,inspector (third highest of the four administrative ranks of the ritsuryō system),,（律令制）检（律令制四行政等级中第三高）,原译检明显残缺；需核实律令制尉与判官的官制对应和中文名称。
remaining_80pct,1156390,尉,じょう,f13e702t1,xref,② 3rd grade official (ritsuryō system); assistant district officer; inspector,,② 律令制三等官；助县官；检,xref末尾检残缺，需核实判官条目中assistant district officer、inspector的中文官职称谓。
remaining_80pct,1162640,一昨,いっさく,f13e1847t0,gloss,one previous,,前一日,源文one previous未限定日，前一日过窄；需核实一昨词条作为前缀的准确释义。
remaining_80pct,1201760,海鳴り,うみなり,f17e1615t2,gloss,mistpouffer,,海雾,mistpouffer指类似海鸣的神秘爆鸣现象，海雾疑错；需核实该自然现象的中文术语。
remaining_80pct,1301140,三曹,さんそう,f27e575t0,gloss,sergeant (JGSDF),,曹（陆上自卫队）,词头三曹与曹的等次不够明确；需查陆上自卫队三等陆曹的标准中文军衔名称。
remaining_80pct,1301140,三曹,さんそう,f27e575t1,xref,sergeant (JGSDF); sergeant second class,,曹（陆上自卫队）；二等曹,引用三等陸曹却译二等曹，英文sergeant second class与日文官阶系统不一；需核实标准对应。
remaining_80pct,1376330,星気体,せいきたい,f34e1140t0,gloss,astral body,,天体,星気体疑为神秘学astral body（星光体或星灵体），不是普通天体；需核实日语本词专业语境与中文译名。
remaining_80pct,1430440,勅撰,ちょくせん,f39e1863t1,gloss,emperor's literary production,,天皇的著作,勅撰通常为奉敕编纂，并非天皇亲自著作；英文emperor’s literary production也含糊，需核对源词义。
remaining_80pct,1507490,平政,ひらまさ,f47e419t0,gloss,"yellowtail amberjack (species of fish, Seriola lalandi)",,黄鳍金枪鱼（鱼类品种，Seriola lalandi）,Seriola lalandi为鰤属鱼，原译黄鳍金枪鱼明显不属同一类；需核实黄条鰤等标准中文种名。
remaining_80pct,1550900,離魂病,りこんびょう,f51e545t3,gloss,autoscopy,,自动观察,autoscopy指看到自身形象的幻视，不是自动观察；需核实自体幻视或自窥症等医学中文名称。
remaining_80pct,1550900,離魂病,りこんびょう,f51e545t4,xref,autoscopy,,自动观察,被引自己像幻視对应autoscopy，原译自动观察错误；需核实专业中文译名。
remaining_80pct,1637010,海松貝,みるがい,f62e459t0,gloss,"mirugai clam (Tresus keenae, species of gaper clam)",,海松贝（Tresus keenae，蛤属的一种）,gaper clam未直接指定蛤属，Tresus keenae的中文种名和属名需核实。
remaining_80pct,1637010,海松貝,みるがい,f62e459t1,xref,"mirugai clam (Tresus keenae, species of gaper clam)",,海松贝（Tresus keenae，蛤属的一种）,被引海松食的Tresus keenae应核实标准种属名称，蛤属的一种可能错分。
remaining_80pct,1637010,みる貝,みるがい,f62e461t0,gloss,"mirugai clam (Tresus keenae, species of gaper clam)",,镜蛤（Tresus keenae，一种镜蛤属的蛤类）,镜蛤及镜蛤属与Tresus keenae疑不对应，需查中文种属名。
remaining_80pct,1637010,みる貝,みるがい,f62e461t1,xref,"mirugai clam (Tresus keenae, species of gaper clam)",,镜蛤（Tresus keenae，一种镜蛤属的蛤类）,被引海松食的镜蛤属分类疑错，需查Tresus keenae的中文种属名。
remaining_80pct,1716850,彫刻室座,ちょうこくしつざ,f70e368t0,gloss,Sculptor (constellation),,雕刻家座,Sculptor通常标准中文星座名为玉夫座，需查权威星座名称确认后替换雕刻家座。
remaining_80pct,1727330,皆伝,かいでん,f71e304t0,gloss,initiation into an art or discipline,,入门（某种技艺或学科）,皆伝为全部技艺传授或掌握，英文initiation被译成入门可能反转程度；需核实源词及英文修订。
remaining_80pct,1750380,青蠅,あおばえ,f73e459t0,gloss,bluebottle fly,,蓝瓶蝇,bluebottle fly的蓝瓶蝇疑逐词直译，需核实丽蝇等标准昆虫名称。
remaining_80pct,1818070,色情狂,しきじょうきょう,f80e42t1,gloss,erotomania,,性癖,erotomania在现代医学为钟情妄想，旧用法也可能为性欲亢进；需核实日文色情狂所采用的英文义。
remaining_80pct,1818070,色情狂,しきじょうきょう,f80e42t4,gloss,erotomaniac,,性癖,erotomaniac的旧义和现代钟情妄想患者义冲突，需与同词条erotomania核实；现译性癖未表达人物。
remaining_80pct,1842520,雪割り草,ゆきわりそう,f82e1089t0,gloss,hepatica (Hepatica nobilis var. japonica),,铁筷里（Hepatica nobilis var. japonica）,铁筷里不是可靠中文名称，需核实Hepatica nobilis var. japonica对应獐耳细辛属品种名称。
remaining_80pct,1842520,雪割り草,ゆきわりそう,f82e1089t1,gloss,liverleaf,,铁筷里,liverleaf原译铁筷里疑损坏，需与本义Hepatica植物名核实。
remaining_80pct,1842520,雪割り草,ゆきわりそう,f82e1089t2,gloss,liverwort,,铁筷里,此处liverwort与hepatica同指开花植物，原铁筷里疑损坏，需核实中文译名而非苔类义。
remaining_80pct,1842520,雪割り草,ゆきわりそう,f82e1089t3,xref,hepatica (Hepatica nobilis var. japonica); liverleaf,,铁筷里（Hepatica nobilis var. japonica）；铁筷里,xref三角草的铁筷里名称疑错，需核实Hepatica nobilis var. japonica。
remaining_80pct,1842520,雪割り草,ゆきわりそう,f82e1089t4,xref,hepatica (Hepatica nobilis var. japonica f. variegata); liverleaf,,铁筷里（Hepatica nobilis var. japonica f. variegata）；铁筷里,xref州浜草的铁筷里名称疑错，需核实Hepatica nobilis var. japonica f. variegata。
remaining_80pct,1870310,興味が薄い,きょうみがうすい,f84e1920t0,gloss,uninteresting,,不感兴趣,英文uninteresting与日文興味が薄い的不感兴趣主体可能不同，需核实应为乏味还是兴趣淡薄。
remaining_80pct,1870310,興味が薄い,きょうみがうすい,f84e1920t1,xref,uninteresting,,不感兴趣,被引興味の薄い同样有英文uninteresting与中文不感兴趣的主客体冲突，需核实源义。
remaining_80pct,1890530,太閤,たいこう,f86e570t1,info,"title for a regent, later for the grand chancellor, also for the father of an Imperial adviser (advisor) who passed the role to his son",,摄政的称号，后用于大宰相，也用于将职位传给儿子的天皇顾问（顾问）的父亲,太阁历史官称说明的英文关系从句歧义较大；原中文父子传位关系不清，需核实摄政、太政大臣和关白让位后的称号。
remaining_80pct,2139240,素首落とし,そくびおとし,f109e741t0,gloss,head chop down,,斩首,相扑技法素首落とし的具体招式名宜核实相扑专业资料；字面‘斩首’显然不适合作为技法译名，暂不猜改。
remaining_80pct,2172980,チャブ,チャブ,f112e1664t0,gloss,chub (Leuciscus cephalus),,欧鲈（Leuciscus cephalus）,Leuciscus cephalus 的规范中文鱼名需查核；现译‘欧鲈’可能是另一物种名，暂不猜改。
remaining_80pct,2174130,姫雨燕,ひめあまつばめ,f112e1907t0,gloss,house swift (Apus nipalensis),,家雨燕（Apus nipalensis）,Apus nipalensis 的规范中文鸟名需查核，‘家雨燕’疑为直译，暂不猜改。
remaining_80pct,2182120,むつ,むつ,f113e1335t0,gloss,gnomefish (Scombrops boops),,黑头鱼（Scombrops boops）,Scombrops boops 的规范中文鱼名需查核；暂不依据直译擅改‘黑头鱼’。
remaining_80pct,2216390,泡吹,あわぶき,f117e833t0,gloss,Meliosma myriantha,,多花油果（Meliosma myriantha）,Meliosma myriantha 的规范中文植物名需查证；不确定‘多花油果’是否为可靠通名，暂不猜改。
remaining_80pct,2264900,野老葛,ところずら,f122e1172t0,gloss,Dioscorea tokoro (species of wild yam),,野老葛（Dioscorea tokoro）,Dioscorea tokoro 的规范中文植物名需查证；现译‘野老葛’可能是按日文名直译。
remaining_80pct,2307070,タックシール,タックシール,f125e1595t0,gloss,tack seal,,钉封,计算机/印刷语境的 tack seal 具体器件需核实，现译‘钉封’无法确认。
remaining_80pct,2332300,マルチソケット,マルチソケット,f127e1136t0,gloss,"multi-socket (spanner set, drill set, power strip, etc.)",,多插座,multi-socket 在扳手/钻头套装与电源排插中含义可能不同，单一‘多插座’未必覆盖工具义，需核实该词条的产品语境。
remaining_80pct,2356650,高帯域ネットワーク,こうたいいきネットワーク,f129e1140t0,gloss,wide area network,,广域网,日文高帯域网络指高带宽网络，而英文释义称 wide area network（广域网），源文冲突，需核对词条来源。
remaining_80pct,2407150,ベッコウタケ,ベッコウタケ,f134e512t0,gloss,Fomitella fraxinea,,Fomitella fraxinea,Fomitella fraxinea 的规范中文真菌名需核实，目前只显示学名，不能可靠给出中文名。
remaining_80pct,2443490,口渇,こうかつ,f137e1649t2,gloss,-dipsia,,-dipsia,医学后缀 -dipsia 的恰当中文词尾形式需核实；暂不保留无解释的英文后缀或猜译。
remaining_80pct,2473510,シープシャンク,シープシャンク,f140e1110t0,gloss,sheep shank,,羊头扣,sheep shank 结的中文约定名称不确定；现译‘羊头扣’疑似译名需查证。
remaining_80pct,2491900,パトグラフィー,パトグラフィー,f141e1804t0,gloss,pathography,,病理摄影术,pathography 在人文医学语境中指病理传记/疾病传记研究；中文定名需查证，现译‘病理摄影术’与词义不符，暂不猜改。
remaining_80pct,2545360,インドヒメジ,インドヒメジ,f146e1397t0,gloss,bicolor goatfish (Parupeneus barberinoides),,印度副羊鱼（Parupeneus barberinoides）,Parupeneus barberinoides 的规范中文鱼名需核实；‘印度副羊鱼’可能是音义混合译名，暂不猜改。
remaining_80pct,2619710,ホワイトチップリーフシャーク,ホワイトチップリーフシャーク,f153e1384t0,gloss,"whitetip reef shark (Triaenodon obesus, species of Indo-Pacific requiem shark)",,白鳍礁鲨（Triaenodon obesus，印度-太平洋地区的哀悼鲨科物种）,requiem shark 的中文分类名需确认；‘哀悼鲨科’明显是直译，但应采用标准中文科名。暂不猜改。
remaining_80pct,2635410,ウミテング,ウミテング,f155e525t0,gloss,short dragonfish (Eurypegasus draconis),,短尾龙鱼,Eurypegasus draconis 的规范中文鱼名与异体条目不一致，需核实；暂不猜改。
remaining_80pct,2675640,トモバラ,トモバラ,f159e589t0,gloss,cut of meat comprising the plate and the flank,,牛腩肉（含胸肉与腹肉）,plate and flank 是特定牛肉分割部位组合，现译‘牛腩肉（含胸肉与腹肉）’是否符合中文肉品分割名需核查。
remaining_80pct,2692480,ブルバレン,ブルバレン,f160e1774t0,gloss,bullvalene,,牛瓣烯,bullvalene 的规范中文化学名称需查证，现译‘牛瓣烯’可能是未经规范的字面音义拼合。
remaining_80pct,2693830,大葉柳,おおばやなぎ,f161e15t0,gloss,Salix urbaniana (species of willow),,Salix urbaniana（柳属植物的一种）,Salix urbaniana 的规范中文植物名需查证，目前只提供学名，暂不猜定名。
remaining_80pct,2774730,運動率,うんどうりつ,f168e1519t1,gloss,moment,,动量,運動率本义为运动率，但英文另列 moment、中文现译动量，疑为词条/英文义项冲突；需核实语料语境。
remaining_80pct,2782400,わさび菜,わさびな,f169e1050t0,gloss,wasabi greens,,山葵叶,wasabi greens 可能指山葵菜（芥菜栽培种）而非山葵叶，需核实具体植物后再定名。
remaining_80pct,2826414,短さ,みじかさ,f174e838t1,gloss,shortness,,短,shortness 可能指长度短、简洁或缺陷，缺少语境以确定名词译法；暂不沿用单字‘短’也不猜定。
remaining_80pct,2829331,大領,おおくび,f177e516t0,gloss,gusset,,袖衩,和服部件语境中的 gusset 对应具体裁片部位，中文工艺名称需核实；‘袖衩’可能限定错误。
remaining_80pct,2830953,白髭海栗,しらひげうに,f178e1695t0,gloss,collector urchin (Tripneustes gratilla),,收集海胆（华丽海胆）,Tripneustes gratilla 的中文标准海胆名需核实；‘收集海胆’是误译，暂不猜定名。
remaining_80pct,2832072,レトロニム,レトロニム,f179e1868t0,gloss,retronym,,回语,retronym 在中文有‘逆向命名’等译法，现译‘回语’不明；需查术语规范后定名。
remaining_80pct,2832883,デルマドローム,デルマドローム,f180e1385t0,gloss,dermadrome,,皮肤瘤,dermadrome 的医学专义不明确，现译‘皮肤瘤’可能误将皮肤表现/征象译成肿瘤，需查专业来源。
remaining_80pct,2837549,なろう系,なろうけい,f185e546t0,gloss,Mary Sue novel,,玛丽苏小说,なろう系是特定网络小说风格，英文 Mary Sue novel 可能过度缩窄；中文若采用‘网络爽文’又可能泛化，需结合日本文学术语核实。
remaining_80pct,2845547,コーチ屋,コーチや,f192e1496t0,gloss,tipster,,内幕消息提供者,コーチ屋所指 tipster 多为赛事/赛马预测或博彩消息提供者，现译‘内幕消息提供者’可能过窄；需核实其具体语境。
remaining_80pct,2855949,水元草,みつもとそう,f202e1144t0,gloss,Potentilla cryptotaeniae (species of flowering plant),,委陵菜属植物（开花植物的一种）,Potentilla cryptotaeniae 的规范中文种名需查证；现译仅到委陵菜属，无法确认是否有正式种名。
remaining_80pct,2851766,台板,だいいた,f198e974t0,gloss,bedplate,,床板,bedplate 的具体机械中文术语依设备而异，‘床板’可能过于直译，需核实机械语境。
remaining_80pct,2865706,ピオーネ,ピオーネ,f211e1812t0,gloss,pione (grape variety),,皮翁（葡萄品种）,Pione（葡萄品种）的规范中文名称可能存在地区性译名；现译“皮翁”音译依据不足，需词种名资料核实。
remaining_80pct,2869575,シラー,シラー,f215e1062t0,gloss,scilla (plant),,雪葱属植物,Scilla 是植物属名，其规范中文属名及对应具体物种译名需对照植物分类资料核实；“雪葱属植物”可能不准确。
remaining_80pct,1000310,馬酔木,あせび,f1e39t0,gloss,Japanese andromeda (Pieris japonica),,日本吊钟花（Pieris japonica）,需核实Pieris japonica规范中文植物名，疑应马醉木而非日本吊钟花
remaining_80pct,1000310,馬酔木,あせび,f1e39t1,gloss,lily-of-the-valley,,铃兰,源词lily-of-the-valley常指铃兰，但词头及学名为马醉木，需核原词条义项
remaining_80pct,1015530,アクロマチックレンズ,アクロマチックレンズ,f2e1231t1,xref,apochromat; achromatic lens,,消色差透镜,被引词アポクロマート通常涉及复消色差，需核实源xref中achromatic lens范围
remaining_80pct,1062430,ショートタイム,ショートタイム,f6e410t0,gloss,reduced-period procedure,,缩短时间程序,需查日语ショートタイム第一义具体是否指缩短工时，现译程序不清
remaining_80pct,1062430,ショートタイム,ショートタイム,f6e410t1,gloss,curtailed operation,,缩短操作,需查curtailed operation在本词的生产或工作语境
remaining_80pct,1062430,ショート・タイム,ショート・タイム,f6e411t0,gloss,reduced-period procedure,,缩短工期,需核实此义是工时还是工期
remaining_80pct,1062430,ショート・タイム,ショート・タイム,f6e411t1,gloss,curtailed operation,,缩短工期,需核实curtailed operation是缩短工时还是减量运转
remaining_80pct,1080380,テレシネ,テレシネ,f7e976t0,gloss,telecine,,电影电视放映机,需核telecine规范技术译名，电影电视放映机可能误解为投影播放设备
remaining_80pct,1085940,トラブルショット,トラブルショット,f7e1791t0,gloss,trouble shot,,故障镜头,疑为高尔夫困难位置击球，故障镜头不合词义，需核日语定义
remaining_80pct,1104540,ビームライダー,ビームライダー,f9e517t0,gloss,beam rider,,冲浪者,beam rider疑为波束制导导弹，冲浪者不合字面与常见专业义，需核词条
remaining_80pct,1106590,ピコット,ピコット,f9e882t0,gloss,picot,,皮科,picot疑为针织小环边饰，需核规范中文名称
remaining_80pct,1108680,ファンジェット,ファンジェット,f9e1204t0,gloss,fan-jet,,风扇喷射器,fan-jet可能指涡扇发动机或飞机，需核此条具体指称
remaining_80pct,1116490,プレーニング,プレーニング,f10e406t0,gloss,planing,,刨平,planing可为刨削也可为水面滑行，需核日语本条使用领域
remaining_80pct,1120700,ペアオール,ペアオール,f10e1053t0,gloss,pair-oar,,双桨,pair-oar疑指双人单桨艇而非双桨，需核船型
remaining_80pct,1131480,ミニム,ミニム,f11e621t0,gloss,minim,,极小值,minim可指二分音符或液量单位，并非minimum极小值，需核日语所取义
remaining_80pct,1139400,ラバーシルク,ラバーシルク,f11e1748t0,gloss,rubber silk,,橡胶丝绸,rubber silk为面料名，需核是橡胶丝还是涂胶丝绸
remaining_80pct,1171760,羽子板,はごいた,f14e1711t1,example,The feathered balls you hit with a battledore are the seeds of a large tree called 'soapberry'.,羽子板で突く羽の玉は「むくろじ」という大木の種です。,用羽子板击打的羽毛球是“肥皂树”这种大树的种子。,むくろじ疑为无患子，肥皂树可能混同，需核植物名称
remaining_80pct,1182890,ぼた餅,ぼたもち,f16e85t2,example,His bread is buttered on both sides.,牡(ぼ)丹(た)餅(もち)で腰(こし)打(う)つ。,用牡丹饼来练腰力。,日文为谚语，现译练腰力错误，需核其惯用含义后整句重译
remaining_80pct,1189460,伽羅,きゃら,f16e1343t0,gloss,aloes wood (Taxus cuspidata var. nana),,罗汉木（Taxus cuspidata var. nana）,伽羅及aloes wood指沉香类，但括注Taxus cuspidata var. nana为红豆杉类，源文冲突需核
remaining_80pct,1189460,伽羅,きゃら,f16e1343t1,gloss,aloes-wood perfume,,罗汉木香水,与首义植物源文冲突相关，需核伽羅香料中文名称后改罗汉木
remaining_80pct,1189460,伽羅,きゃら,f16e1343t2,gloss,aloes-wood incense,,罗汉木香,需核伽羅对应沉香名称，罗汉木香疑错
remaining_80pct,1225400,擬宝珠,ぎぼし,f20e403t3,gloss,leek flower,,韭花,本义为葱的花，英文leek存在韭葱/葱旧用法，需核是否应统一葱花
remaining_80pct,1273780,公試,こうし,f24e1584t0,gloss,national examinations,,公务员考试,national examinations比公务员考试范围宽，需核公試的具体旧义
remaining_80pct,1309760,指結び,ゆびむすび,f28e257t0,gloss,possum,,袋鼯,possum通常为袋貂，袋鼯可能过窄，需核指結び的动物分类
remaining_80pct,1309760,指結び,ゆびむすび,f28e257t1,gloss,phalanger,,袋鼯,phalanger与袋鼯的科属范围需核实
remaining_80pct,1348700,小鰭,こはだ,f31e1688t0,gloss,mid-sized konoshiro gizzard shad (i.e. about 15 cm in size),,中等大小的小鲥鱼（即体长约15厘米）,Konosirus punctatus疑为斑鰶而非小鲥鱼，需核规范鱼名
remaining_80pct,1348700,小鰭,こはだ,f31e1688t1,xref,konoshiro gizzard shad (Konosirus punctatus),,小鲥鱼（Konosirus punctatus）,需核Konosirus punctatus中文分类名
remaining_80pct,1348700,小肌,こはだ,f31e1689t0,gloss,mid-sized konoshiro gizzard shad (i.e. about 15 cm in size),,中等大小的鲥鱼（即体长约15厘米）,konoshiro gizzard shad与鲥鱼可能异种，需核学名对应
remaining_80pct,1348700,小肌,こはだ,f31e1689t1,xref,konoshiro gizzard shad (Konosirus punctatus),,鲥鱼（Konosirus punctatus）,需核Konosirus punctatus中文名，鲥鱼疑错
remaining_80pct,1358420,食管法,しょっかんほう,f32e1618t0,gloss,law governing food quality,,食品质量法,食管法通常为食粮管理法简称，英文food quality可能源义错误，需核原文法律名称
remaining_80pct,1437250,滴定量,てきていりょう,f40e1054t0,gloss,titer,,滴定量,titer通常为滴定度，日文为滴定量，需核专业原义后确定中文
remaining_80pct,1437250,滴定量,てきていりょう,f40e1054t1,gloss,titre,,滴定量,titre与titer同义，需核是否应改滴定度
remaining_80pct,1606410,歴々,れきれき,f59e424t6,note,たる adjective,,“～だ”形容词,note 的 たる adjective 是日语语法类别，现译“～だ形容词”是否符合中文语法术语需查证；暂不改。
remaining_80pct,1629840,女性名詞,じょせいめいし,f61e990t0,gloss,feminine noun,,阴性名词,女性名词对应 feminine noun，但中文语法术语通常称阴性名词；需结合目标词典的术语规范，暂予保留。
remaining_80pct,1672280,無利息債務,むりそくさいむ,f65e1508t0,gloss,passive debt,,无息债务,English passive debt 与日文词头 無利息債務（无息债务）不吻合；中文遵循日文，但需核对上游英文 gloss。
remaining_80pct,1695170,油然,ゆうぜん,f67e1995t0,gloss,gushingly,,涌出地,油然表示情感或事物自然而然涌现，现有“涌出地”搭配生硬；合适的词条式副词译法需查证。
remaining_80pct,1709420,従属国,じゅうぞくこく,f69e1013t1,gloss,appanage,,属国,appanage 通常指附属领地或采邑，与日文従属国并不完全对应；需核对英文源释义，暂不改动。
remaining_80pct,1733480,以遠権,いえんけん,f71e1296t0,gloss,(aeronautical) beyond right,,（航空）越界权,航空术语 beyond right 在航权体系中的标准中文译名需核实；“越界权”可能误导，暂不擅改。
remaining_80pct,1817740,司法書士,しほうしょし,f79e1988t1,gloss,judicial clerk,,司法书记,司法書士是日本专门资格，英语 judicial clerk 容易令人误解为法院书记员；需确认该英文释义是否源文简化，暂保留既有中文译法。
remaining_80pct,1807840,目打ち,めうち,f79e226t3,gloss,needle punch,,针冲,needle punch 的工具中文名需结合具体工艺核对；现译“针冲”可能不够规范，暂不改。
remaining_80pct,1826800,遊動円木,ゆうどうえんぼく,f80e1873t0,gloss,swinging log,,秋千,遊動円木是旧式游乐器械，swinging log 与“秋千”关系需查其结构；暂不确定具体中文器械名。
remaining_80pct,1875180,庚申,かのえさる,f85e579t4,gloss,kōshin-machi (religious wake),,庚申夜（宗教守夜）,庚申待是庚申信仰中的守夜集会，religious wake 对应中文术语需查证；现译“庚申夜”暂保留。
remaining_80pct,1890600,大正琴,たいしょうごと,f86e579t2,gloss,Japanese harp with two to five strings,,日本筝,大正琴的英文解释 Japanese harp with two to five strings 可能是旧式说明；需核实乐器结构及规范中文名称，暂保留“日本筝”。
remaining_80pct,1921450,転移性,てんいせい,f88e671t0,gloss,displacement,,位移,転移性 在语境不足时可对应迁移性、转移性等，英语 displacement 无法确定术语域；需核查原条背景。
remaining_80pct,2040070,準ミリ波,じゅんミリは,f99e942t0,gloss,near millimeter wave,,近毫米波,near millimeter wave 与 submillimeter wave 两条英文释义所指频段可能冲突，需确认词条定义及中文术语标准。
remaining_80pct,2066620,向上進化,こうじょうしんか,f102e200t0,gloss,anagenesis,,同型进化,anagenesis 的专业中文名可能为直系进化/渐进进化；现译“同型进化”需查生物学术语规范，暂不改。
remaining_80pct,2075750,男たらし,おとこたらし,f102e1888t2,gloss,man-eater,,美艳女子,man-eater 在此指善于迷惑或玩弄男性的女性；现译“美艳女子”含义不够明确，需核实适当中文习语。
remaining_80pct,2145490,啓蒙主義,けいもうしゅぎ,f110e75t0,gloss,illuminism,,启蒙主义,日文 啓蒙主義 与英文 illuminism 的含义不完全相同，需查证源释义是否误把 Enlightenment 写作 illuminism。
remaining_80pct,2159750,インターネットプロバイダ,インターネットプロバイダ,f111e895t0,gloss,Internet service provider,,互联网服务提供商,affiliate 可指附属机构、关联方，也可指网络联盟营销中的合作方；该孤立词条缺少上下文，现译需核目标语境。
remaining_80pct,2179700,軒忍,のきしのぶ,f113e895t0,gloss,weeping fern (Lepisorus thunbergianus),,对开蕨,Lepisorus thunbergianus 的规范中文名需核实；“对开蕨”是否匹配该物种不能仅从英语俗名确定。
remaining_80pct,2179930,忍,しのぶ,f113e956t1,gloss,Lepisorus thunbergianus (species of fern),,垂石蕨（Lepisorus thunbergianus）,Lepisorus thunbergianus 的中文植物名存在不同译法，现有“垂石蕨”需查植物分类数据库确认。
remaining_80pct,2179930,荵,しのぶ,f113e957t1,gloss,Lepisorus thunbergianus (species of fern),,Lepisorus thunbergianus（蕨类植物）,Lepisorus thunbergianus 的规范中文名需查植物分类数据库；现译为拉丁学名加类属说明。
remaining_80pct,2194310,太陽蝶,たいようちょう,f114e1865t0,gloss,"sunset morpho (butterfly, Morpho hecuba)",,日落大闪蝶（Morpho hecuba）,Morpho hecuba 的标准中文蝶名需核实；“日落大闪蝶”可能是直译俗名，暂不改。
remaining_80pct,2215200,ディヴェルティスマン,ディヴェルティスマン,f117e573t0,gloss,divertissement,,divertissement,法语 divertissement 在音乐中按具体体裁有嬉游曲、娱乐段等译法；需查该条具体音乐体裁，暂保留原文。
remaining_80pct,2276400,権利譲渡,けんりじょうと,f123e1547t1,gloss,demise,,权利转让,demise 是普通英语中的死亡义，也可作地产法术语指财产授予/租赁；与“权利转让”关系需结合该词条源义核对。
remaining_80pct,2276400,権利譲渡,けんりじょうと,f123e1547t2,gloss,quitclaim deed,,权利转让,quitclaim deed 是特定法律文书（放弃权利契据/产权转让契据），现译泛为“权利转让”；需确认目标法域术语。
remaining_80pct,2352290,経時優先,けいじゆうせん,f129e434t0,gloss,elapsed aging,,经过优先,elapsed aging 是计算机调度/队列术语，可能指按等待经过时间提升优先级；需查具体算法定义后再定中文。
remaining_80pct,2390200,名前字句群,なまえじくぐん,f132e1243t0,gloss,name token group,,名称记号群,name token group 属编译/词法术语，名称记号组、名称词元组等译法均可能；需查对应标准定义。
remaining_80pct,2401000,ドウダンツツジ,ドウダンツツジ,f133e1277t0,gloss,Enkianthus perulatus (species of flowering plant),,杜鹃花属植物,Enkianthus perulatus 是杜鹃花科灯台树属植物，现译误归杜鹃花属；需查植物数据库确定标准中文种名。
remaining_80pct,2464940,烏帽子鳥,えぼしどり,f139e1754t1,gloss,touraco,,touraco,touraco 是蕉鹃的英语变体名；是否需采用可查证的中文物种名（克尼斯纳蕉鹃）需核。
remaining_80pct,2498710,テクニカルフォール,テクニカルフォール,f142e747t0,gloss,technical fall,,技术性摔倒,technical fall 可能是摔跤中的技术优势获胜，也可能指职业摔角技术性判胜；需核对运动语境，现译“技术性摔倒”可能误导。
remaining_80pct,2521550,疳,かん,f144e957t0,gloss,infantile neurosis characterized by crying at night and convulsions,,小儿夜哭病,疳是中医/日语旧病名，所描述夜啼及抽搐的标准中文诊断名需查证；“小儿夜哭病”未涵盖抽搐。
remaining_80pct,2536420,根保証,ねほしょう,f145e1789t2,gloss,revolving guarantee,,循环保证,根保証的 revolving guarantee 是日本特定金融/担保概念，需核适用法域的规范中文名；现译“循环保证”暂不改。
remaining_80pct,2543250,レモンチョウチョウウオ,レモンチョウチョウウオ,f146e1079t1,gloss,decorated butterflyfish,,装饰蝴蝶鱼,decorated butterflyfish 是该鱼的英文俗名，规范中文鱼名需核实；现译“装饰蝴蝶鱼”可能是直译。
remaining_80pct,2543250,レモンチョウチョウウオ,レモンチョウチョウウオ,f146e1079t2,gloss,golden butterflyfish,,金色蝴蝶鱼,golden butterflyfish 的标准中文鱼名需查鱼类数据库，暂保留描述性译名。
remaining_80pct,2550820,ゴマハギ,ゴマハギ,f147e274t0,gloss,twotone tang (Zebrasoma scopas),,双条汤加鱼,Zebrasoma scopas 的中文俗名需核；现译“双条汤加鱼”存在明显词形问题，需查分类数据库后定名。
remaining_80pct,2558310,マンジュウダイ属,マンジュウダイぞく,f147e1558t0,gloss,Ephippus (genus of spadefish),,鲂鱼属（剑鱼属）,Ephippus 属鲳科（spadefish）鱼类，现译将其称作“剑鱼属”明显不符；具体规范中文属名需核鱼类数据库。
remaining_80pct,2571350,牽牛子,けんごし,f148e1964t1,xref,① Japanese morning glory (Ipomoea nil); picotee morning glory; ivy morning glory,,① 日本牵牛花（Ipomoea nil）； picotee 牵牛花；常春藤牵牛花,picotee morning glory 是花瓣具镶边色的牵牛花品种；x̌ref 混入未译英文品种名，标准中文名需查植物资料。
remaining_80pct,2604220,波貝,なみがい,f152e357t0,gloss,Japanese geoduck (Panopea japonica),,日本蛤（Panopea japonica）,Panopea japonica 的规范中文物种名需查贝类分类资料；“日本蛤”过于笼统，暂保留并待核。
remaining_80pct,2637020,琵琶鰉,びわひがい,f155e870t0,gloss,Biwa oily gudgeon (Sarcocheilichthys variegatus microoculus),,琵琶鰉,Sarcocheilichthys variegatus microoculus 的标准中文名需查鱼类分类数据库；现有“琵琶鰉”可能是日文汉字直搬。
remaining_80pct,2637020,ビワヒガイ,ビワヒガイ,f155e871t0,gloss,Biwa oily gudgeon (Sarcocheilichthys variegatus microoculus),,琵琶湖油餐,该学名的中文鱼名需核；现译“琵琶湖油餐”存在疑似错字，暂待鱼类数据库确认后统一。
remaining_80pct,2698300,キイロマングース属,キイロマングースぞく,f161e852t0,gloss,Cynictis (genus containing the yellow mongoose),,鬣狗獴属,Cynictis genus 的中文属名需核对动物分类数据库；“鬣狗獴属”可能是生硬混译。
remaining_80pct,2826807,ステンカラー,ステンカラー,f174e1631t0,gloss,convertible collar,,可翻折领,convertible collar 指可翻折/开合的衣领，但日语 sten collar 源自 souten collar；具体服装款式术语需查证。
remaining_80pct,2831232,碾磑,てんがい,f179e221t0,gloss,water-powered millstone,,水力磨石,水力驱动的古代碾磨设备可称水磨或水碓，需结合其构造确定规范中文名；现译“水力磨石”不自然。
remaining_80pct,2831126,Ｂスイッチ,ビースイッチ,f179e28t2,gloss,two-way switch (US),,两向开关（美国）,two-way switch 的中美电工术语对应可能不同，需核对具体电路接法；暂保留“两向开关”。
remaining_80pct,2845706,リフトアップ,リフトアップ,f192e1756t0,gloss,"lift-up (seat, bra, etc.)",,可升降的（座椅、文胸等）,“lift-up”用于座椅与文胸时可能分别指可抬升结构、提托型文胸；需查该日语词条实际用例后确认能否统一译为“提托/抬升型”。
remaining_80pct,2846272,狐臭,こしゅう,f193e779t0,gloss,foxy odor (of wine),,葡萄酒的狐臭,葡萄酒术语 foxy odor 的专业中文译法需核对酿酒学词汇；“狐臭”容易被误解为人体气味。
remaining_80pct,2847164,ハネケン,ハネケン,f194e439t0,gloss,one three-of-a-kind and one pair (in a dealt hand),,一副三同和一副对子（牌型）,花札手役的特定组合术语需对照可靠规则资料核实，“一副三同”目前不够明确。
remaining_80pct,2847164,ハネケン,ハネケン,f194e439t1,xref,scoring combination in one's dealt hand (i.e. at the start of a game); meld in a starting hand,,① 在发牌中（即游戏开始时）的计分组合；起手牌中的顺子,此处 meld in a starting hand 对应花札起手役的术语，需核实该玩法中具体组合如何称呼，现译“顺子”可能过度限定。
remaining_80pct,2855848,棚雲,たなぐも,f202e963t0,gloss,shelf cloud,,架墙云,shelf cloud 属于特定云属/云形术语，现译“架墙云”疑似不规范；需对照气象学中文术语表确认“弧状云/棚状云”等标准名称。
remaining_80pct,2865415,イボテン酸,イボテンさん,f211e1283t0,gloss,ibotenic acid,,异博来酸,ibotenic acid 的中文化学名存在不同译写；需用化学术语权威来源核对“异博来酸”是否可用及推荐译名。
remaining_80pct,2866751,アンブリゴナイト,アンブリゴナイト,f212e1749t0,gloss,amblygonite,,晕石,amblygonite 的规范矿物中文名称需核对矿物学权威词表；“晕石”可能不是通行译名。
remaining_80pct,2867638,地動儀,ちどうぎ,f213e1458t1,gloss,loxocosm,,loxocosm,loxocosm 是较生僻的 tellurion 同义术语，需核实其中文专名译法后再译。
remaining_80pct,2870961,エージェント型ＡＩ,エージェントがたエーアイ,f217e182t0,gloss,agentic AI,,代理型AI,agentic AI 的中文术语译法仍在形成；需核实项目采用“智能体型 AI”还是“代理型 AI”的术语规范。
remaining_80pct,1035430,オムニバス,オムニバス,f4e328t0,gloss,omnibus,,公共汽车,需核实日语オムニバス此处是合集/多段式作品义还是公共汽车义；英文单词有歧义
remaining_80pct,1039880,ガイスト,ガイスト,f4e1025t0,gloss,spirit,,幽灵,需核实德语 Geist 借词在此处为精神还是幽灵，现有英文 spirit 无法消歧
remaining_80pct,1055300,サーモコンクリート,サーモコンクリート,f5e1342t0,gloss,thermoconcrete,,热混凝土,需核实 thermoconcrete 的材料定义及规范中文，避免将绝热材料按字面译为热混凝土
remaining_80pct,1064630,ジゴレット,ジゴレット,f6e748t0,gloss,gigolette (female equiv. of gigolo),,女招待,需核实 gigolette 的具体职业义及适当中文，女招待可能遗漏有偿陪伴含义
remaining_80pct,1089110,ドルシフト,ドルシフト,f8e256t0,gloss,dollar shift,,美元变动,需核实 dollar shift 和制术语的资金流向定义，美元变动疑过泛
remaining_80pct,1093110,ネットワーキング,ネットワーキング,f8e861t0,gloss,networking,,网络,需核实 networking 在此借词的主要领域，是联网还是建立人脉；网络漏掉活动含义
remaining_80pct,1105540,ビデオメーター,ビデオメーター,f9e706t0,gloss,video meter,,视频表,需核实ビデオメーター具体仪器及规范译名，视频表疑为机械直译
remaining_80pct,1120710,ペアオキュペーション,ペアオキュペーション,f10e1054t0,gloss,pair occupation,,成对占据,需核实 pair occupation 和制术语定义，成对占据无法说明所指
remaining_80pct,1133710,メトリック,メトリック,f11e980t0,gloss,metric,,公制,源语德语 Metrik 常指韵律/度量，需核实此条 metric 是否真为公制义
remaining_80pct,1137270,ユニットドレス,ユニットドレス,f11e1452t0,gloss,unit dress,,单元裙,需核实 unit dress 服装款式及通用译名，单元裙疑为字面翻译
remaining_80pct,1314110,事前後,じぜんご,f28e1189t0,gloss,subsequently,,事前事后,事前後字面与 subsequently 不符，需核实源条释义及是否字形错误
remaining_80pct,1314110,事前後,じぜんご,f28e1189t1,gloss,additionally,,事前事后,事前後字面与 additionally 不符，需核实源条释义及是否字形错误
remaining_80pct,1374450,畝間,うねま,f34e838t1,gloss,room with ridged roof,,屋顶呈波浪形的房间,room with ridged roof 与畝間词头的田垄间义不符，需核实源条及是否另有建筑义
remaining_80pct,1843910,風力計,ふうりょくけい,f82e1365t1,gloss,wind gauge,,风压计,请核实风速计/风压计哪个中文术语对应 wind gauge；同条的 anemometer 已译为风速计。
remaining_80pct,1923830,ジュンロン,ジュンロン,f88e1049t0,gloss,"Junlon (synthetic fibre, fiber)",,聚砜（合成纤维）,Junlon 是产品名，当前译为‘聚砜’且标注合成纤维；东亚合成官网显示ジュンロン为交联聚丙烯酸类增稠剂，而无法确认该词典词头是否指另一同名纤维。请核对源词条或原始产品资料后确定是否保留音译‘Junlon’及材料说明。证据：https://www.toagosei.co.jp/products/polymer/acryl/gel/index.html
remaining_80pct,2033830,木糖醇,もくとうじゅん,f98e1692t0,gloss,xylose,,木糖,词头木糖醇（もくとうじゅん）指 xylitol，英文两项却是 xylose/wood sugar，当前中文木糖只对应 xylose。请核实日英源条目是否错配后再定译文。
remaining_80pct,2062340,キャピトル,キャピトル,f101e1375t0,gloss,capital,,资本,英文 capital 可指首府、首都、资金等，现译‘资本’仅适用于金融义；请核对该日语外来语的原始义项 intended sense 后确定。
remaining_80pct,2200480,針金虫,はりがねむし,f115e1229t0,gloss,any horsehair worm of class Gordioidea,,马鬃线虫（Gordioidea纲的任何一种）,请核实 horsehair worms 的中文规范类群名及 Gordioidea 的分类阶元；当前英释称 class、x反释称 phylum，而译文混用马鬃线虫/线虫。
remaining_80pct,2200480,ハリガネムシ,ハリガネムシ,f115e1230t0,gloss,any horsehair worm of class Gordioidea,,马鬣虫纲动物,请核实 horsehair worms 的中文规范类群名及 Gordioidea 的分类阶元；当前英释称 class、xref 称 phylum，译文称马鬣虫纲动物。
remaining_80pct,2262640,傷害致死,しょうがいちし,f122e693t0,gloss,manslaughter,,过失致人死亡,manslaughter 在不同法律体系中可指非预谋杀人或过失杀人；目前‘过失致人死亡’可能过窄。请按本词条预期法系确认规范译名，并与 t1 bodily injury resulting in death 区分。
remaining_80pct,2324640,フォトブラシ,フォトブラシ,f127e29t0,gloss,photo brush,,照片级真实感,photo brush 在计算机图形语境的具体工具/效果未能仅凭英文确定；现译‘照片级真实感’似乎与 brush 无关，请核对原技术标准。
remaining_80pct,2324640,フォト・ブラシ,フォト・ブラシ,f127e30t0,gloss,photo brush,,照片润饰,photo brush 在计算机图形语境的具体工具/效果未能仅凭英文确定；现译‘照片润饰’与同组另一译法不一致，请核对原技术标准。
remaining_80pct,2325510,フロアノード,フロアノード,f127e167t0,gloss,floor node,,地板节点,旧提示指出 floor node 可能是字面误译，但未提供对应标准或计算机领域上下文；需确认该术语所指节点后才能确定译名。
remaining_80pct,2480760,チェックプロテクター,チェックプロテクター,f141e253t0,gloss,check protector,,支票保护器,check protector 可能指支票压字/防伪设备；请核对该产品类别的原始技术语境，再定中文名称。
remaining_80pct,2488020,ケノトロン,ケノトロン,f141e1256t0,gloss,kenotron,,肯特罗恩,kenotron 是早期电子管术语，音译‘肯特罗恩’不确定；请核实其规范中文名称或确认保留音译。
remaining_80pct,2505900,エンカウンターグループ,エンカウンターグループ,f142e1877t0,gloss,encounter group,,遭遇小组,encounter group 是心理学团体训练术语；‘遭遇小组’可能为直译，请核对心理学语境中的规范译名。
remaining_80pct,2523570,飾緒,しょくしょ,f144e1360t0,gloss,aiguillette (ornamental braided cord),,绶带（装饰性编织绳）,aiguillette 是军服肩部装饰绳/穗带；现译‘绶带’可能混淆为奖章或勋章用带，请核实服饰术语。
remaining_80pct,2560740,紬糸,つむぎいと,f148e33t0,gloss,tsumugi silk yarn,,縻丝纱线,紬糸/t sumugi silk yarn 是具体丝织术语；现译‘縻丝纱线’疑有错字，但需核实规范中文纺织名称后再替换。
remaining_80pct,2558330,マンジュウダイ,マンジュウダイ,f147e1560t0,gloss,"orbfish (Ephippus orbis, species of Indo-West Pacific spadefish)",,鲂鱼（Ephippus orbis，分布于印度-西太平洋的剑鱼）,Ephippus orbis 的中文通名需核对鱼类名录；现译‘鲂鱼’可能指不同鱼类，暂请确认规范名称。
remaining_80pct,2616730,放射能量,ほうしゃのうりょう,f153e760t0,gloss,amount of radioactivity,,放射性能量,放射能量可能指放射性/放射能的量或辐射能量，英文 amount of radioactivity 与现译‘放射性能量’不一致；请核实专业概念和标准中文术语。
remaining_80pct,2622290,パネトーネ,パネトーネ,f153e1889t0,gloss,panettone,,潘托涅,Panettone 是意大利节庆面包；当前‘潘托涅’音译不确定，建议核对食品名称后确定规范译名。
remaining_80pct,2728030,使用済み燃料プール,しようずみねんりょうプール,f164e616t1,gloss,SPF,,乏燃料池,EN 缩写给作 SPF，但 spent fuel pool 通常缩写 SFP；请核实源词条缩写是否倒置。中文释义‘乏燃料池’本身无误。
remaining_80pct,2852240,パイルバンカー,パイルバンカー,f199e117t0,gloss,pile bunker (fictional weapon),,桩堡（虚构武器）,Pile bunker is a fictional weapon with specialized fandom renderings; verify the established Chinese name because 桩堡 reads as a fort rather than a pile-driving weapon.
remaining_80pct,2865995,クイックシュー,クイックシュー,f212e364t1,gloss,hot shoe,,热靴,The quick release plate and hot shoe are distinct camera accessories; verify whether the source groups them as separate senses or whether hot shoe is an erroneous gloss.
remaining_80pct,1057150,サファリラリー,サファリラリー,f5e1605t0,gloss,safari rally,,狩猎拉力赛,Safari Rally 可能为赛事专名，需核实官方中文译名后替换狩猎拉力赛。
remaining_80pct,1072130,スパット,スパット,f6e1844t0,gloss,spot,,斑点,スパット 可能是保龄球瞄准标记，需核对原词源与用例以确定是否能译斑点。
remaining_80pct,1092080,ニューローラー,ニューローラー,f8e690t0,gloss,new roller,,新滚石乐队,源文仅 new roller，未找到可靠上下文；新滚石乐队疑为实体臆译，需核实日语具体所指。
remaining_80pct,1103400,パンドル,パンドル,f9e363t0,gloss,paint,,油漆,词源 peindre 为法语绘画动词，需核对パンドル在日语中的实际词性与含义，不能仅凭 paint 判定为油漆。
remaining_80pct,1136420,ヤングタウン,ヤングタウン,f11e1324t0,gloss,young town,,年轻小镇,young town 所指可能为节目或特定概念，需查日语权威词典确认是否可按普通名词直译。
remaining_80pct,1136420,ヤング・タウン,ヤング・タウン,f11e1325t0,gloss,young town,,年轻·小镇,同词另一写法，需核实 young town 的实体或概念；中点也疑似照搬日语分隔符。
remaining_80pct,1140390,ランレングス,ランレングス,f11e1890t0,gloss,run length,,运行长度,run length 通常为游程长度，但本条无专业标签，需核对适用领域后定译。
remaining_80pct,1183500,温点,おんてん,f16e205t0,gloss,heat spot,,热点,温点疑指皮肤温觉点而非普通热点，需核对日语生理学用法后统一本组术语。
remaining_80pct,1183500,温点,おんてん,f16e205t1,gloss,warm spot,,暖点,需确认温点是否专指温觉感受点，暖点可能不够明确。
remaining_80pct,1183500,温点,おんてん,f16e205t2,gloss,hot spot,,热区,hot spot 若指皮肤温觉点，热区为误译；需核对术语。
remaining_80pct,1183500,温点,おんてん,f16e205t3,gloss,hot point,,热点,需核对温点的生理学术语，避免误为一般热点。
remaining_80pct,1183500,温点,おんてん,f16e205t4,xref,cold point; cold spot,,冷点；冷区,所引冷点可能为冷觉点，需核对引用原条。
remaining_80pct,1240420,極低温科学,きょくていおんかがく,f21e1073t0,gloss,cryonics,,冷冻学,日文极低温科学通常对应 cryogenics，英文为 cryonics；需核实源条是否混淆人体冷冻保存与低温科学。
remaining_80pct,1245750,空相場,からそうば,f22e117t0,gloss,fictitious transaction,,虚报交易,空相場/空取引涉及不交割实物的差额交易；虚报交易可能误指虚假申报，需核对金融专义。
remaining_80pct,1245750,空相場,からそうば,f22e117t1,xref,fictitious transaction; paper transaction,,虚报交易；纸面交易,xref 的 fictitious/paper transaction 需核实空取引的准确中文术语。
remaining_80pct,1363710,真向き,まむき,f33e691t1,gloss,singlehanded,,单手的,英文 singlehanded 与真向き的认真义可能不符，单手的也疑误；需核查源词条是否应为专心或独力。
remaining_80pct,1459040,内部仕様,ないぶしよう,f42e1518t0,gloss,internal method,,内部方法,内 部仕様字面可理解为内部规格/内部规范，但英文释义给 internal method，与词头有冲突；需核查来源英语是否误配。
remaining_80pct,1466010,入漁者,にゅうぎょしゃ,f43e811t0,gloss,fishing-lot fisherman,,入渔者,fishing-lot fisherman 是特定渔场/渔区的渔民，入渔者虽直译但中文术语是否合适需核查渔业语境。
remaining_80pct,1479670,半長,はんなが,f44e1395t0,gloss,fairly high shoes,,半高鞋,半長所指鞋类具体款式不明，fairly high shoes 的英释也较含糊；需查日语词源/实物类别。
remaining_80pct,1510990,変形ゴマ,へんけいゴマ,f47e1027t0,gloss,arbitrary panel layout,,任意版面布局,变形ゴマ是印刷版面术语，任意版面布局可能偏泛；需查日文印刷术语对该布局的具体定义。
remaining_80pct,1566770,忝くも,かたじけなくも,f52e1733t0,gloss,graciously,,感激地,忝くも是谦逊/感激的古典副词，graciously 与“感激地”不能完全对应；需核查具体语用和古典辞书释义。
remaining_80pct,1595460,上提,じょうてい,f57e209t2,gloss,departure on a journey,,启程,上程是提交议案/法案审议的用语，‘departure on a journey’ 与日文词头明显不符；需核查英文源字段是否误配，中文启程不宜按现有英文保留。
remaining_80pct,1699990,翠嵐,すいらん,f68e834t0,gloss,"the sense of being engulfed in a green, mountainous atmosphere",,被绿色山峦氛围包围的感觉,翠嵐是较文学化的词，英文释义描述被青翠山景氛围包围的感觉，需查辞书/文学用例确认具体是山岚、山风还是山色。
remaining_80pct,1714110,加算税,かさんぜい,f69e1859t0,gloss,penalty tax,,罚税,加算税是日本税制中的处罚性附加税种，需核对中文法律术语后确定“罚税/附加税/加处罚款”的准确对应。
remaining_80pct,1714110,加算税,かさんぜい,f69e1859t1,gloss,tax penalty,,罚税,tax penalty 对应日本加算税，需核对正式中文法律术语后统一翻译。
remaining_80pct,1718360,家付きの娘,いえつきのむすめ,f70e617t0,gloss,daughter of the home,,本家女儿,家付きの娘是与家产/家业继承和婚入夫相关的旧称，“本家女儿”可能失去继承语义，需查日语辞典完整定义后选定中译。
remaining_80pct,1788930,特別機,とくべつき,f77e525t0,gloss,special plane,,特别飞机,特別機可能指专用/特殊用途飞机或特定专机，英文 special plane 和中文特别飞机都不够具体；需结合航空语境确定。
remaining_80pct,1853850,小弟,しょうてい,f83e1619t6,xref,② you,,② 你,xref 的大兄用于书信中称呼对方，语气可能是兄台/仁兄等；仅凭简略英释 you 无法确定最合适的中文敬称。
remaining_80pct,1880090,識語,しきご,f85e1181t0,gloss,preface,,序,識語在书籍中可指编者识语、题识或跋语，英译同时给 preface/editor's note/postscript；需按中文古籍目录学术语核查具体范围。
remaining_80pct,1901730,弾け豆,はじけまめ,f86e1999t0,gloss,pop beans,,爆豆,弾け豆字面可指爆裂/迸开的豆类，但 pop beans 英译含义过宽；需核对该词所指豆种或具体烹调方式。
remaining_80pct,1918350,空中落下,くうちゅうらっか,f88e165t0,gloss,air pluviation,,空中落粒,air pluviation 是岩土工程中制备砂土的方法，现有“空中落粒”是否为该术语的标准译名需查专业文献。
remaining_80pct,1946370,分隊長,ぶんたいちょう,f90e1327t1,gloss,divisional officer,,分队长,divisional officer 可能是军队/海军编制职务称谓，与分队长是否等同需核对具体军事体系。
remaining_80pct,1997000,税制中立,ぜいせいちゅうりつ,f95e604t0,gloss,revenue neutrality,,收入中性,revenue neutrality 是税制改革的公共财政术语，收入中性可能是直译；需核对中文财政学规范译法后决定是否调整。
remaining_80pct,2140790,椀盛り,わんもり,f109e1101t0,gloss,food cooked by boiling or stewing,,通过煮沸或炖煮方式烹制的菜肴,椀盛り是关东料理中的料理名，英释描述煮/炖制食物，但需核实是否特指盛于椀中的炖煮菜以及适当中文菜名。
remaining_80pct,2160530,コガネグモ,コガネグモ,f111e1052t0,gloss,Argiope amoena (species of orb-weaving spider),,金蛛（Argiope amoena，一种圆网蛛）,Argiope amoena 的中文俗名可能为悦目金蛛等，金蛛过于宽泛；需核查该物种的规范中文名。
remaining_80pct,2260120,小室,こむろ,f122e130t5,gloss,areole,,乳晕,生物学 areole 依具体解剖对象可译小室或其他结构，乳晕通常是人体解剖义；需核实该日语词条所指生物学结构。
remaining_80pct,2260120,小室,こむろ,f122e130t6,gloss,areola,,乳晕,areola 在不同生物学语境有不同中文术语，乳晕可能过窄；需核实原词条的具体学科语境。
remaining_80pct,2263950,サウンディング,サウンディング,f122e974t0,gloss,sounding,,探地,sounding 可指水深测量、地质探测或探测/测量，当前条目缺少领域语境，需确认具体术语后定译。
remaining_80pct,2291240,カットアウト,カットアウト,f124e1355t0,gloss,cutout,,切口,计算机语境的 cutout 可能指剪切/遮罩/挖空效果，需核对对应软件或标准术语，切口不足以确定。
remaining_80pct,2297810,コンピュータマイクログラフィックス,コンピュータマイクログラフィックス,f125e322t0,gloss,computer micrographics,,计算机微图形,computer micrographics 是细微图形生成/微缩图形等术语，需查该计算机领域的具体用法后确定中文。
remaining_80pct,2315150,ドロップディレクトリ,ドロップディレクトリ,f126e741t0,gloss,drop directory,,丢弃目录,drop directory 可能是文件投递目录或拖放目录，需依具体软件功能确认，丢弃目录像直译。
remaining_80pct,2333040,ミニセットアップ,ミニセットアップ,f127e1231t0,gloss,mini-Setup,,迷你设置,Mini-Setup 可能是产品/配置程序专名，也可能指小型设置程序；仅从词头和译文无法确定是否应翻译。
remaining_80pct,2371250,相対編成,そうたいへんせい,f130e1804t0,gloss,relative organization,,相对组织,relative organization 是计算机文件组织术语，中文“相对组织”含义不明；需核查其数据记录/索引语境后确定译法。
remaining_80pct,2382010,八進細分記号,はちしんさいぶんきごう,f131e1751t0,gloss,octave device,,八进制设备,octave device 似乎与八进制/八位组编码有关，但缺少该项具体标准上下文，需核对术语定义。
remaining_80pct,2388880,補数演算子,ほすうえんざんし,f132e981t0,gloss,complement operator,,补数运算符,complement operator 在计算机中可能是取反/补码运算符，需确认具体运算类型后选中文名。
remaining_80pct,2446390,笹牛の舌,ささうしのした,f138e308t0,gloss,bamboo sole (Heteromycteris japonica),,竹鲽（Heteromycteris japonica）,Heteromycteris japonica 的中文规范物种名需查权威鱼类名录；“竹鲽”是否对应此种尚不确定。
remaining_80pct,2472130,プレーンノット,プレーンノット,f140e897t0,gloss,plain knot,,普通结,plain knot 在日语语境可能特指领带平结，但英文不足以确认是否为一般普通结；需核对服饰/领带上下文后决定。
remaining_80pct,2482720,デッキプレート,デッキプレート,f141e531t0,gloss,deck plate,,甲板板,deck plate 可指建筑楼承板或甲板结构板，需核对语境才能确定中文术语。
remaining_80pct,2504100,藤五郎鰯,とうごろういわし,f142e1546t0,gloss,flathead silverside (Hypoatherina valenciennei),,藤五郎沙丁鱼,Hypoatherina valenciennei 的标准中文鱼名需核对权威鱼类名录；现译为藤五郎沙丁鱼似乎未体现英文 flathead silverside。
remaining_80pct,2504100,頭五郎鰯,とうごろういわし,f142e1547t0,gloss,flathead silverside (Hypoatherina valenciennei),,头五郎沙丁鱼,Hypoatherina valenciennei 的标准中文鱼名需核对权威鱼类名录；头五郎沙丁鱼疑为词头直译。
remaining_80pct,2536050,交流人口,こうりゅうじんこう,f145e1717t0,gloss,nonresident population,,流动人口,交流人口在日本地方政策中常指到访、交流的人口，与流动人口概念不完全一致；需结合具体政策术语确定中文。
remaining_80pct,2571210,耳介リンパ節,じかいリンパせつ,f148e1939t0,gloss,auricular lymph node,,耳后淋巴结,auricular lymph node 可能泛指耳周淋巴结，但现译限定为耳后；需核查具体解剖位置后确定译名。
remaining_80pct,2547010,コガネスズメダイ,コガネスズメダイ,f146e1672t0,gloss,yellow chromis (Chromis analis),,黄光鱼,Chromis analis 的标准中文鱼名需要核对鱼类名录，黄光鱼是否为规范俗名不确定。
remaining_80pct,2603320,屈性,くっせい,f152e186t1,xref,nasty (i.e. nastic movement of a plant),,向性（即植物的向性运动）,xref 中 nastic movement 与 tropism 是不同植物运动类型；当前英文疑似误写为 nasty，需核查源词条和该运动的规范中文名。
remaining_80pct,2604250,羽箒貝,はぼうきがい,f152e365t0,gloss,Pinna bicolor (species of pen shell),,双色蛤（Pinna bicolor，一种蛤类）,Pinna bicolor 的规范中文物种名需查海洋贝类名录，现有双色蛤可能不准确。
remaining_80pct,2626700,黄耆,おうぎ,f154e783t1,gloss,Hedysarum root,,黄芪属根,Hedysarum root 与 Astragalus 黄芪根可能对应不同药材，黄芪属根不是规范药材名；需核对具体 Hedysarum 物种及中药名。
remaining_80pct,2635440,薄葉剥,うすばはぎ,f155e532t0,gloss,unicorn leatherjacket (Aluterus monoceros),,独角鱼皮夹克,Aluterus monoceros 的中文规范物种名需查鱼类名录，独角鱼皮夹克是误把 leatherjacket 当服装；尚不确定应译作单角革鲀还是其他俗名。
remaining_80pct,2635440,ウスバハギ,ウスバハギ,f155e534t0,gloss,unicorn leatherjacket (Aluterus monoceros),,独角革鲽,Aluterus monoceros 的中文规范物种名需查鱼类名录，独角革鲽可能是误把 leatherjacket 当皮夹克/鲽鱼。
remaining_80pct,2718890,サエズリガエル科,サエズリガエルか,f163e936t0,gloss,Arthroleptidae (family of frogs),,Arthroleptidae（蛙科）,Arthroleptidae 的规范中文科名需查两栖动物分类名录；目前保留拉丁名比直接写蛙科更稳妥。
remaining_80pct,2748320,語るに足る,かたるにたる,f166e503t1,gloss,to be worth confiding in,,值得倾诉,語るに足る通常表示值得谈论/叙述，但英释“worth confiding in”可能是源字段误配；需核查该日语用法是否可表达倾诉对象。
remaining_80pct,2833041,化性,かせい,f180e1708t0,gloss,voltinism,,伏期,voltinism是昆虫一年内繁殖世代数/世代周期类型；现译‘伏期’疑似不对应，需查生物学规范术语。
remaining_80pct,2848213,探索反射,たんさくはんしゃ,f195e398t0,gloss,rooting reflex,,觅食反射,rooting reflex通常指新生儿寻乳反射；需核对‘觅乳反射/觅食反射’的中文医学规范名称。
remaining_80pct,2850190,防材,ぼうざい,f197e48t0,gloss,boom (navigational barrier),,防波堤（航行障碍）,boom作航行障碍物的专门海事译名需核查；‘防波堤’似不符但需确认对应浮障术语。
remaining_80pct,2851471,会議体,かいぎたい,f198e413t0,gloss,meeting,,会议,会議体在日语行政/组织语境多指会议组织或议事机构，EN简释meeting过于宽泛；需核对此词条预期具体义。
remaining_80pct,2853549,ヨイク,ヨイク,f200e736t0,gloss,joik (traditional Sami song),,约克（萨米传统歌曲）,joik/yoik为萨米传统歌唱形式，‘约克’易误认城市名；需核查通行中文音译。
remaining_80pct,2864790,ストレートチップ,ストレートチップ,f211e123t0,gloss,straight tip (shoe),,直尖头（鞋）,straight tip作为鞋型术语可能指直头/直纹鞋头或cap-toe款式，需核对行业中文标准译名。
remaining_80pct,2869920,関東ローム層,かんとうロームそう,f215e1832t0,gloss,Kantō loam formation,,关东黄土层,Kantō loam是关东火山灰质土层的专名，‘黄土层’可能误导；需核对地质学通行中文译法。
remaining_80pct,2867377,五味子,ごみし,f213e986t1,gloss,magnolia berry,,木兰果实,magnolia berry是schisandra果实的英文俗名，不宜直译成‘木兰果实’；需确认中文规范名或改回五味子。
remaining_80pct,2872194,指図人,さしずにん,f218e679t2,gloss,order (as in payable to order),,指示,order (as in payable to order)属于票据法/支付凭证术语，现译‘指示’不完整；需查明中文法律金融规范表达。
remaining_80pct,1065750,ジャンクアクセサリー,ジャンクアクセサリー,f6e885t0,gloss,junk accessories,,垃圾配饰,ジャンクアクセサリー的服饰用义可能指廉价仿制饰品，垃圾配饰疑为直译；需核实日文时尚术语。
remaining_80pct,1074400,セイラー,セイラー,f7e162t0,gloss,sailer,,水手,英文给出 sailer（帆船），中文为水手（sailor）；日文片假名可混淆，需核查该词条来源确认对象。
remaining_80pct,1089150,ドルチッシモ,ドルチッシモ,f8e263t0,gloss,dolcissimo,,dolcissimo,音乐术语 dolcissimo 未翻译；需核对中文音乐术语的规范译法。
remaining_80pct,1127230,マカダム,マカダム,f11e32t0,gloss,Macadam,,麦克亚当,Macadam 在日语通常可能指碎石铺路法或路面，现译为人名；需查原词条确定所指。
remaining_80pct,1133280,メタノール,メタノール,f11e920t2,gloss,methylated spirits,,甲醇,methylated spirits 指变性酒精，与词头甲醇有源文冲突，需核查原义项而非直接替换。
remaining_80pct,1136430,ヤングトラディショナル,ヤングトラディショナル,f11e1326t0,gloss,young traditional,,年轻传统,young traditional 疑为年轻人传统服装风格术语，年轻传统语义不明，需核查日文时尚定义。
remaining_80pct,1136430,ヤング・トラディショナル,ヤング・トラディショナル,f11e1327t0,gloss,young traditional,,年轻·传统,与无中点拼写同条目，年轻·传统语义不明，需核查时尚术语含义。
remaining_80pct,1254000,欠除,けつじょ,f22e1858t2,gloss,lusting,,渴望,欠除的第二义英文为 lusting，疑与日文词头不合；需核对 JMdict 原义来源，不能仅凭英文改写。
remaining_80pct,1268690,五稜堡,ごりょうほ,f24e665t1,gloss,Pentagon,,五角形,第二义英文 Pentagon 首字母大写，可能指五角大楼而非几何五角形；需核查五稜堡此义来源。
remaining_80pct,1402190,葬送行進曲,そうそうこうしんきょく,f37e507t0,gloss,funeral journey,,送葬行列,词头是葬送进行曲，英文 funeral journey 与中文送葬行列均偏离音乐义；需核对源条目是否误释。
remaining_80pct,1450650,陶磁,とうじ,f41e1686t0,gloss,clay,,陶土,陶磁词头通常指陶瓷而英文只给 clay，需核查源条目，现译陶土可能跟随源文错义。
remaining_80pct,1529160,民団,みんだん,f49e349t0,gloss,foreign-settlement corporation,,民团,“民团”可能对应特定历史或机构实体，而英文仅作 foreign-settlement corporation；需核查该词条来源和实际所指机构后确定规范中文名称。
remaining_80pct,1581350,俗名,ぞくみょう,f54e1385t3,gloss,bad reputation,,恶名,“俗名”对应 bad reputation 的依据不明确，可能涉及异义词或源条目问题；需核查该 JMdict 义项及词源后再决定中文。
remaining_80pct,1626810,被膜,ひまく,f61e400t3,gloss,capsule,,荚膜,anatomy/botany 的 capsule 可能分别对应囊、蒴果等术语；“荚膜”范围较窄，需按词条所指结构核实。
remaining_80pct,1693640,逆縁,ぎゃくえん,f67e1581t0,gloss,bad deed which ultimately results in the creation of a good Buddhist,,最终导致佛教徒形成的恶行,逆縁的佛教义涉及恶行反而成为与佛结缘的因缘；当前译文意思含混，建议由熟悉佛教术语者核定规范译法。
remaining_80pct,1681820,含み資産,ふくみしさん,f66e1349t0,gloss,hidden assets,,隐性资产,含み資産指未在账面充分体现的潜在增值资产；“隐性资产”可能有特定会计含义，需核对该领域规范译名。
remaining_80pct,1706050,実力行為,じつりょくこうい,f69e142t0,gloss,using force,,武力行动,実力行為可指以实力或强制手段采取的行动；是否应限于武力或暴力须结合该词条来源语境核对。
remaining_80pct,1719570,広縁,ひろえん,f70e853t2,gloss,eaves,,屋檐,広縁通常指宽廊或宽阔缘廊，而英文 eaves 指屋檐；需核实英文义项与源条目是否错配。
remaining_80pct,1737100,水杯,みずさかずき,f71e1888t0,gloss,farewell cups of water,,送别的水杯,水盃是日本送别仪式中以水代酒的临别共饮；“送别的水杯”可能误指器皿，需查证合适中文民俗译名。
remaining_80pct,1748440,宝物殿,ほうもつでん,f73e37t1,gloss,(shrine) sanctuary,,（神社）宝物殿,宝物殿通常指神社的宝物收藏建筑，但英文 sanctuary 与“宝物殿”不完全对应；需核对源条目义项。
remaining_80pct,1752530,名跡,みょうせき,f73e991t0,gloss,family name,,家名,名跡在传统表演艺术中还指承袭的家名或艺名；英文 family name 可能是专门语境义，需查该义的使用背景后确定。
remaining_80pct,1772490,海上法,かいじょうほう,f75e1028t0,gloss,maritime law,,海商法,海上法的英文 maritime law 范围可能包括海事法和海商法；现译“海商法”是否过窄，需依源词条具体法律领域核验。
remaining_80pct,1778140,寄せ木造り,よせぎづくり,f76e260t0,gloss,joined block construction of a statue,,拼接块构造,寄せ木造り是雕像的木块拼接构造法；现译“拼接块构造”过于直译，需由佛教造像或雕塑术语来源确认规范中文。
remaining_80pct,1768250,細大,さいだい,f75e120t1,gloss,in detail,,详细地,細大有“细节与大事”及“全部、无一遗漏”等义；此处 in detail 具体搭配语境缺失，建议确认后采用“详细”或“事无巨细”。
remaining_80pct,1918010,せん断抵抗角,せんだんていこうかく,f88e69t0,gloss,angle of shearing resistance,,剪切阻力角,土木/岩土工程中的 angle of shearing resistance 通常需按标准规范术语核定，可能对应“内摩擦角”或“抗剪强度角”；现译直译不足以确认。
remaining_80pct,1974120,下染め,したぞめ,f92e1911t2,xref,second dyeing; topping; overlay,,二次染色；顶染；覆盖层,second dyeing、topping、overlay 在染整领域需结合工序判断，“二次染色；顶染；覆盖层”可能有误；建议核对专业术语。
remaining_80pct,2016910,探針,たんしん,f97e565t3,gloss,sound,,听诊器,医学 sense 的 sound 是用于探查体腔的探条或探子，不是听诊器；需结合具体医疗器械术语核定。
remaining_80pct,2033870,うんすんかるた,うんすんかるた,f98e1697t0,gloss,unsun karuta,,五目骨牌,Unsun karuta 是日本传统五花色纸牌，中文“ 五目骨牌”是否为其规范名称不确定；需查可靠牌戏资料。
remaining_80pct,2066740,あさだ,あさだ,f102e224t0,gloss,Japanese hop hornbeam,,日本鹅耳枥,Ostrya japonica 的规范中文植物名可能为日本铁木或其他名称；现译“日本鹅耳枥”需查植物志确认。
remaining_80pct,2067100,水目,みずめ,f102e328t0,gloss,Japanese cherry birch,,日本樱桃桦,Betula grossa 的规范中文名可能与日文别名水目相关，现译“日本樱桃桦”需查植物分类资料确认。
remaining_80pct,2067100,水目,みずめ,f102e328t1,gloss,betula grossa,,日本樱桃桦,Betula grossa 的规范中文名需植物分类资料核实。
remaining_80pct,2067100,水目,みずめ,f102e328t2,xref,Japanese cherry birch (Betula grossa),,日本樱桃桦（Betula grossa）,引用所指同为 Betula grossa；建议先核实其规范中文植物名。
remaining_80pct,2067100,ミズメ,ミズメ,f102e329t0,gloss,Japanese cherry birch,,日本樱桃桦,Betula grossa 的规范中文名需植物分类资料核实。
remaining_80pct,2067100,ミズメ,ミズメ,f102e329t1,gloss,betula grossa,,Betula grossa,拉丁学名可保留；英文 common name 的规范中文译名仍需核验。
remaining_80pct,2067100,ミズメ,ミズメ,f102e329t2,xref,Japanese cherry birch (Betula grossa),,日本樱桃桦（Betula grossa）,引用所指同为 Betula grossa；建议先核实其规范中文植物名。
remaining_80pct,2067290,大裏白の木,おおうらじろのき,f102e371t0,gloss,malus tschonoskii,,大里白苹果（Malus tschonoskii）,Malus tschonoskii 的规范中文植物名和英文别名 white angel 均需植物志确认，当前直译“大里白苹果”可能不规范。
remaining_80pct,2067290,大裏白の木,おおうらじろのき,f102e371t2,xref,white angel; malus tschonoskii,,白天使；大里白苹果（Malus tschonoskii）,引用列出的两个英语名称中 white angel 的中文对应及树种规范名需植物资料核定。
remaining_80pct,2088780,クリップボード,クリップボード,f104e599t0,gloss,clipboard,,剪贴板,clipboard 可指实体夹板或计算机剪贴板，条目缺少领域标签；需结合源词条用例确定。
remaining_80pct,2062630,船外,せんがい,f101e1426t1,gloss,outboard,,外侧的,outboard 在船舶语境可能指舷外机，也可能表示船外；需依据该词条具体例证核定。
remaining_80pct,2164300,戻入,れいにゅう,f111e1888t0,gloss,"reversal of monies, funds, commissions",,资金、佣金等的回转,"reversal of monies, funds, commissions 的财务语境与“回转”是否对应退款、冲销或资金返还有关，需按来源例证核定。"
remaining_80pct,2145550,千寿蘭,せんじゅらん,f110e89t0,gloss,variegated Spanish violet,,斑叶西班牙紫罗兰,Yucca aloifolia 的规范中文植物名与 variegated Spanish violet 对译需要植物志核实。
remaining_80pct,2145550,千寿蘭,せんじゅらん,f110e89t1,gloss,Yucca Aloifolia,,剑丝兰,Yucca aloifolia 的规范中文植物名需要植物分类资料核实。
remaining_80pct,2180800,発頭,ほっとう,f113e1115t1,gloss,promotion,,晋升,発頭可表示起始、发端或发起；英文 promotion 的具体语义需结合该罕见用例核对。
remaining_80pct,2209050,沼虎の尾,ぬまとらのお,f116e967t0,gloss,Lysimachia fortunei (species of loosestrife),,沼虎尾（Lysimachia fortunei，虎尾的一种）,Lysimachia fortunei 的规范中文植物名需植物志确认；当前“沼虎尾”可能为逐字译名。
remaining_80pct,2325560,フロプティカルディスク,フロプティカルディスク,f127e176t0,gloss,floptical disk,,磁光盘,floptical disk 是结合软盘和光学定位技术的历史存储介质；“磁光盘”通常指 magneto-optical disk，需核对该旧式产品的规范中文名称。
remaining_80pct,2341530,一様参照,いちようさんしょう,f128e462t0,gloss,uniform referencing,,统一引用,uniform referencing 是较专门的计算机术语，需结合具体标准或例证确认应译“统一引用”还是其他术语。
remaining_80pct,2344800,会議資料,かいぎしりょう,f128e1145t0,gloss,records,,记录,日文词头会指会议资料，而英文 records 与中文“记录”可能指另一数据义；需核对源词条具体技术上下文。
remaining_80pct,2344800,会議資料,かいぎしりょう,f128e1145t1,gloss,transactions,,交易,transactions 与日文“会议资料”语义不合，可能是来源义项错配；需核查原始术语定义。
remaining_80pct,2388890,補数回路,ほすうかいろ,f132e983t0,gloss,complementer,,补数电路,computing 中 complementer 可能指补码器、补数器或逻辑反相电路；需查源标准上下文后决定中文术语。
remaining_80pct,2401070,金葉手毬,きんばでまり,f133e1298t0,gloss,Viburnum plicatum var. plicatum,,金叶手球,Viburnum plicatum var. plicatum 的规范中文名需植物分类资料确认；暂保留学名并待核中文通名。
remaining_80pct,2406650,レース草,レースそう,f134e401t0,gloss,"lace-leaf plant (Ouvirandra fenestralis, Aponogeton madagascariensis)",,"蕾丝叶植物（Ouvirandra fenestralis, Aponogeton madagascariensis）",两种学名对应的 lace-leaf plant 中文植物名需查植物志核实；“蕾丝叶植物”可能只是直译。
remaining_80pct,2406650,レース草,レースそう,f134e401t1,gloss,lattice-leaf plant,,格状叶植物,lattice-leaf plant 的规范中文名需依据 Aponogeton madagascariensis 的植物分类资料核实。
remaining_80pct,2411020,即自,そくじ,f134e1334t0,gloss,in itself,,自身,哲学术语 in itself 可能对应自在、自体或自身，需结合其哲学学派与上下文确定。
remaining_80pct,2446400,婆婆鰈,ばばがれい,f138e310t0,gloss,slime flounder (Microstomus achne),,滑石鲽（Microstomus achne）,Microstomus achne 的规范中文鱼名需核对鱼类名录；现译“滑石鲽”可能是直译。
remaining_80pct,2461020,クルムホルン,クルムホルン,f139e1034t0,gloss,krummhorn,,弯曲号,Krummhorn 是文艺复兴时期的簧片乐器，中文名称译音需核查音乐辞典；“弯曲号”是字面译名。
remaining_80pct,2531010,応用編,おうようへん,f145e795t0,gloss,set of problems (e.g. in a textbook) in which previously learned skills are applied to real world situations,,应用题,応用編可能指教材中的应用篇或应用练习单元；英文描述为一组应用练习题，需结合教材结构确定译法。
remaining_80pct,2536260,三の鼓,さんのつづみ,f145e1761t0,gloss,hourglass drum used in Nara-period court music,,三度鼓,三の鼓是奈良时代雅乐的特定鼓类；“三度鼓”的规范中文乐器名需查雅乐乐器资料确认。
remaining_80pct,2542080,餛飩,こんとん,f146e852t0,gloss,steamed manjū,,蒸馒头,古语餛飩在不同辞书中可能指蒸馒头或蒸年糕；需查可靠古典辞书或源条目后确认各义。
remaining_80pct,2543420,ゴマアイゴ,ゴマアイゴ,f146e1104t0,gloss,goldlined spinefoot (Siganus guttatus),,金线刺尾鱼（Siganus guttatus）,Siganus guttatus 的中文规范鱼名需核对鱼类名录；“金线刺尾鱼”可能是直译。
remaining_80pct,2543490,サンゴアイゴ,サンゴアイゴ,f146e1113t0,gloss,"blue-spotted spinefoot (Siganus corallinus, species of Indo-West Pacific rabbitfish)",,蓝斑刺尾鲀（Siganus corallinus，印度-西太平洋刺尾鲀的一种）,Siganus corallinus 的中文规范鱼名需查鱼类名录确认。
remaining_80pct,2543490,サンゴアイゴ,サンゴアイゴ,f146e1113t1,gloss,coral rabbitfish,,珊瑚刺尾鲀,coral rabbitfish 的中文通名需按该种的标准鱼类名称核实。
remaining_80pct,2543490,サンゴアイゴ,サンゴアイゴ,f146e1113t2,gloss,orange spinefoot,,橙色刺尾鲀,orange spinefoot 可能与其他刺尾鱼俗名混淆，需核实该条是否仍指 Siganus corallinus。
remaining_80pct,2547060,オヤビッチャ属,オヤビッチャぞく,f146e1683t0,gloss,Abudefduf (genus of damselfish),,阿比鱼属,Abudefduf 属雀鲷科，其属名在不同中文鱼类资料中可能作豆娘鱼属或其他译名；需核定本项目采用的分类标准。
remaining_80pct,2547670,ブルーアクシルクロミス,ブルーアクシルクロミス,f146e1769t0,gloss,blue-axil chromis (Chromis caudalis),,蓝腋光鳃鱼（Chromis caudalis）,Chromis caudalis 的规范中文鱼名需查鱼类名录确认。
remaining_80pct,2547670,ブルーアクシルクロミス,ブルーアクシルクロミス,f146e1769t1,gloss,dusky puller,,暗色光鳃鱼,dusky puller 的中文通名需按 Chromis caudalis 的鱼类分类资料确认。
remaining_80pct,2550060,ヒメニラミベニハゼ,ヒメニラミベニハゼ,f147e154t0,gloss,sharp-eye pygmy-goby (Trimma anaima),,小眼拟红虾虎鱼,Trimma anaima 的中文标准名需核对鱼类名录；“小眼”与 sharp-eye 的语义也不一致。
remaining_80pct,2552330,イモリザメ属,イモリザメぞく,f147e513t0,gloss,Parmaturus (genus of catsharks),,Parmaturus（猫鲨属）,Parmaturus 属猫鲨类，其规范中文属名需要核对鱼类分类资料。
remaining_80pct,2554010,ドタブカ,ドタブカ,f147e800t0,gloss,"dusky shark (Carcharhinus obscurus, species of reef-associated requiem shark)",,暗色真鲨（Carcharhinus obscurus，一种与礁区相关的真鲨科鲨鱼）,Carcharhinus obscurus 的规范中文种名需查权威鲨类名录核验。
remaining_80pct,2611440,州浜草,すはまそう,f152e1824t2,xref,hepatica (Hepatica nobilis var. japonica); liverleaf,,铁筷里（Hepatica nobilis var. japonica）；铁筷里,Hepatica nobilis var. japonica 的规范中文植物名可能不是“铁筷里”；需按植物志确认 xref 译名。
remaining_80pct,2611440,州浜草,すはまそう,f152e1824t3,xref,① hepatica (Hepatica nobilis var. japonica); liverleaf; liverwort,,①日本獐耳细辛；獐耳细辛；肝蕨,Hepatica nobilis var. japonica 的不同中文俗名需植物分类资料核实。
remaining_80pct,2581090,離婚劇,りこんげき,f149e1868t0,gloss,problematic divorce,,问题离婚,日文词头可指离婚题材剧，英文却作 problematic divorce；需核对该义项源词和使用背景。
remaining_80pct,2635450,受口石斑魚,うけくちうぐい,f155e535t0,gloss,Tribolodon nakamurai (species of cyprinid),,中村氏三刺鱼（鲤科鱼类）,Tribolodon nakamurai 的规范中文鱼名需查鱼类名录确认；现译“中村氏三刺鱼”与鲤科分类不吻合。
remaining_80pct,2635450,ウケクチウグイ,ウケクチウグイ,f155e536t0,gloss,Tribolodon nakamurai (species of cyprinid),,中村氏的鲤科鱼类,Tribolodon nakamurai 的中文标准名需核实，现译“中村氏的鲤科鱼类”不是完整种名。
remaining_80pct,2670690,君の瞳に乾杯,きみのひとみにかんぱい,f158e1624t0,gloss,"here's looking at you, kid",,为你的眼睛干杯,"Here's looking at you, kid 是电影《卡萨布兰卡》的固定台词；现译直译“为你的眼睛干杯”是否采用本地化经典译法需核对语境版本。"
remaining_80pct,2673530,尖り笹の葉貝,とんがりささのはがい,f159e141t0,gloss,Lanceolaria grayana (species of freshwater mussel),,尖笹叶蛤,Lanceolaria grayana 的规范中文淡水蚌名称需查软体动物名录确认。
remaining_80pct,2673660,真蜆,ましじみ,f159e167t0,gloss,Corbicula leana (species of basket clam),,真蜊,Corbicula leana 的中文通名需核对淡水贝类分类资料。
remaining_80pct,2673660,マシジミ,マシジミ,f159e168t0,gloss,Corbicula leana (species of basket clam),,篮蛤（Corbicula leana，一种篮蛤科贝类）,Corbicula leana 的规范中文名及“篮蛤”科属译名需核实。
remaining_80pct,2635060,脂鰉,あぶらひがい,f155e440t0,gloss,Sarcocheilichthys biwaensis (species of cyprinid),,日本原产鲤科鱼类（Sarcocheilichthys biwaensis）,Sarcocheilichthys biwaensis 的中文标准种名需查鱼类分类名录确认；当前译文仅作产地描述。
remaining_80pct,2691070,ナフトール染料,ナフトールせんりょう,f160e1531t2,gloss,ice color,,冰染料,ice color 在纺织染料语境中的中文标准名称需查专业染料资料确认。
remaining_80pct,2696370,キネコ,キネコ,f161e499t0,gloss,kinescope,,显像管,kinescope 可指阴极射线管，也可指电视节目胶片转录；此条与 telerecording 并列，需核对源词条具体义项。
remaining_80pct,2718900,コガネガエル科,コガネガエルか,f163e937t0,gloss,Brachycephalidae (family of frogs),,Brachycephalidae（蛙科）,Brachycephalidae 是特定蛙科，中文科名需依据两栖动物分类名录核实。
remaining_80pct,2819040,鋸がざみ,のこぎりがざみ,f173e538t2,gloss,swimming crab,,红蟳,Scylla serrata 可称 mud crab 或 mangrove crab；英文 swimming crab 的分类用法较宽，中文“红蟳”能否适用于此义需按地区鱼类名录核验。
remaining_80pct,2826815,セクエンツィア,セクエンツィア,f174e1659t0,gloss,sequence,,连续音,音乐术语 sequentia 的中文对应译名需按作品类型核实。
remaining_80pct,2828871,エゴノリ,エゴノリ,f176e1615t0,gloss,Campylaephora hypnaeoides (species of red algae),,埃戈海苔（埃戈海苔）,该红藻的中文标准名及拉丁名对应关系需核对。
remaining_80pct,2828871,エゴノリ,エゴノリ,f176e1615t1,gloss,egonori,,埃戈海苔（埃戈海苔）,egonori 的中文标准译名需核对。
remaining_80pct,2828423,道の中,みちのなか,f176e655t0,gloss,part of a province midway from the capital,,中段,古代地方划分术语“道の中”的中文对应需核实。
remaining_80pct,2830458,焮衝,きんしょう,f178e744t1,gloss,irritation,,炎症,医学语境中焮衝对应 irritation 与 inflammation 的细微差别需核实。
remaining_80pct,2832736,洞ヶ峠を決め込む,ほらがとうげをきめこむ,f180e1107t0,gloss,to wait for a good opportunity,,等待良机,洞ヶ峠を決め込む带有等待局势明朗、观望以择边的历史语用；需核对完整惯用义后确定译名。
remaining_80pct,2832736,洞が峠を決め込む,ほらがとうげをきめこむ,f180e1108t0,gloss,to wait for a good opportunity,,等待好时机,该异写惯用语的历史语用不止一般等待良机，需核对准确中文对应。
remaining_80pct,2834367,軽禁錮,けいきんこ,f182e265t0,gloss,minor imprisonment,,轻禁,轻禁錮是已废止的日本刑罚类别，需核对其与现代刑罚术语的准确中文对应。
remaining_80pct,2843465,シャルキュトリー,シャルキュトリー,f190e1764t0,gloss,charcuterie,,熟食,charcuterie 在中文中可指熟肉制品、冷切肉或相关熟食类别；需依词典目标语境核对最合适的术语。
remaining_80pct,2844393,母教会,ぼきょうかい,f191e1408t1,gloss,main church,,主教堂,母教会的 main church 可能指宗派/地区的主教会，不一定是建筑意义的主教堂，需核实语境。
remaining_80pct,2847591,セディーユ,セディーユ,f194e1226t0,gloss,cedilla (diacritical mark),,塞迪尤,cedilla 是附加符号的名称，需核对中文规范术语；音译“塞迪尤”可能不便于理解。
remaining_80pct,2856842,ポアズイユの流れ,ポアズイユのながれ,f203e700t0,gloss,Poiseuille flow,,泊肃耳流,Poiseuille flow 的中文规范译名需核实；当前音译可能有字形错误。
remaining_80pct,2860607,Ｅライン,イーライン,f207e130t1,gloss,esthetic plane,,美学平面,orthodontic E-line 的 esthetic plane 常有专门中文译名，需按正畸学术语核实。
remaining_80pct,2862821,湾生,わんせい,f209e402t1,gloss,campylotropous,,旋折的,campylotropous 属植物形态学术语，中文标准译名及“旋折”准确度需核对。
remaining_80pct,2862821,湾生,わんせい,f209e402t2,gloss,sinuate,,弯曲的,sinuate 在植物形态学中的专门译名需按具体器官形态核实。
remaining_80pct,2866425,猫の顔,ねこのかお,f212e1186t0,gloss,tiger's mouth,,猫の顔,围棋棋形“猫の顔”与英文 tiger's mouth 的对应译名存在差异，需查专业棋谱术语。
remaining_80pct,2867427,藍鉄土,らんてつど,f213e1080t0,gloss,blue iron earth,,蓝铁矿,blue iron earth 的矿物/土壤名称对应需核实，当前“蓝铁矿”可能将土状物误作矿石。
remaining_80pct,2870929,呼びつけ,よびつけ,f217e115t0,gloss,addressing someone without an honorific title,,直呼其名,词头“呼びつけ”与不加敬称称呼的释义可能混入“呼び捨て”义，需核对源词条。
remaining_80pct,2870929,呼びつけ,よびつけ,f217e115t1,xref,"addressing (someone) without using a suffix such as ""-san"" or ""-chan"" (considered impolite)",,直呼其名（不使用“さん”或“ちゃん”等后缀，被认为不礼貌）,xref 明确指向“呼び捨て”，但主词头为“呼びつけ”；该交叉引用是否误挂需核实。
remaining_80pct,2872123,鼻ヅケ,はなヅケ,f218e540t0,gloss,nose tesuji,,鼻手,围棋术语 nose tesuji 的常用中文对应需按棋形核对。
remaining_80pct,2872200,ちんぐり返し,ちんぐりがえし,f218e686t0,gloss,piledriver (sexual position; male version),,骑乘体位,piledriver（男性版性体位）的中文专门译名需核实；“骑乘体位”可能方向相反。
remaining_80pct,2872200,ちんぐり返し,ちんぐりがえし,f218e686t2,xref,piledriver (sexual position),,骑乘体位,xref 所指 piledriver 性体位中文名称需核实。
remaining_80pct,1051310,コラール,コラール,f5e775t0,gloss,choral,,合唱的,德语来源的コラール为众赞歌/圣咏名词，英文 choral 可能不精确；需音乐词典确认后改，原译形容词合唱的疑误。
remaining_80pct,1056190,サイレントストーン,サイレントストーン,f5e1459t0,gloss,silent stone,,沉默石,silent stone 的具体对象不明，沉默石可能为直译；需查日语专业用法。
remaining_80pct,1079560,テクノストラクチャー,テクノストラクチャー,f7e873t0,gloss,technostructure,,技术结构,technostructure 可能为经济学技术专家集团而非技术结构，需核对日语术语所指。
remaining_80pct,1101500,パストラル,パストラル,f9e89t0,gloss,pastoral,,田园的,名词パストラル可能为田园诗或田园曲；需核对具体词义后修正田园的。
remaining_80pct,1113560,ブライヤー,ブライヤー,f9e1943t0,gloss,brier (Erica arborea),,欧石南属植物,Erica arborea 应为具体种而非属，需核对规范中文植物名。
remaining_80pct,1113560,ブライヤー,ブライヤー,f9e1943t1,gloss,briar,,野蔷薇,此义 briar 与 Erica arborea 同指欧石楠类，野蔷薇可能错义；需植物词典核定中文种名。
remaining_80pct,1133520,メチルアルコール,メチルアルコール,f11e954t2,xref,methanol; methyl alcohol; methylated spirits,,甲醇；甲基酒精；甲醇,methylated spirits 通常指变性酒精，和引用词メタノール的甲醇不一致；需核对源词条。
remaining_80pct,1169470,引っ張り剪断強度,ひっぱりせんだんきょうど,f14e1213t0,gloss,peel strength (e.g. conductor from substrate),,剥离强度,日文引っ張り剪断強度应涉及拉伸剪切强度，英文却为 peel strength；需核对源文专业义。
remaining_80pct,1183430,温色,おんしょく,f16e189t2,gloss,angry countenance,,愤怒的脸色,温色与英文 angry countenance 冲突，需核对源条是否本应指温和脸色。
remaining_80pct,1214590,翰長,かんちょう,f19e118t0,gloss,Cabinet (Chief) Secretary,,内阁（首席）书记,翰長为历史官职，Cabinet (Chief) Secretary 与现译书记可能不准确；需查具体制度与规范译名。
remaining_80pct,1273870,公社債,こうしゃさい,f24e1595t0,gloss,public bonds,,公债,公社債通常合指公债与公司债，英文仅 public bonds；需核源以确认是否漏义。
remaining_80pct,1290350,混交,こんこう,f26e643t4,gloss,contamination,,污染,语言学 contamination 在混交词条应指词形/语法混合，污染可能直译；需核对适用中文术语。
remaining_80pct,1290350,渾淆,こんこう,f26e645t4,gloss,contamination,,污染,语言学 contamination 同义变体，需核对词形混合等术语，非普通污染。
remaining_80pct,1364150,真竹,まだけ,f33e802t0,gloss,Japanese timber bamboo (Phyllostachys bambusoides),,日本建竹（Phyllostachys bambusoides）,物种名 Phyllostachys bambusoides 的标准中文名需按可靠植物分类/名称来源确认，现有“日本建竹/巨建竹/建竹”可能不规范，暂不据此改写。
remaining_80pct,1370940,垂教,すいきょう,f34e125t0,gloss,information,,信息,日文垂教是较旧雅语，英文 information 与常见的教诲义不完全相符；需核 JMdict 源语义或可靠辞书，暂保留现译。
remaining_80pct,1417140,単一性,たんいつせい,f38e1334t0,gloss,unitary,,统一的,日文词为名词単一性，英文释义却为形容词 unitary；需确认源词义及中文术语后再定。
remaining_80pct,1473450,媒体終端,ばいたいしゅうたん,f44e89t0,gloss,end of medium,,介质末端,end of medium 是技术语境术语，中文现译可理解但是否采用“介质末端/介质结束”需按源词条上下文确认。
remaining_80pct,1513620,保護司,ほごし,f47e1579t0,gloss,probation officer,,保护官,日本保護司是特定的社区更生保护志愿者职务，中文是否需对应为保护观察/更生保护官需核对制度语境；暂保留概译。
remaining_80pct,1555760,輪講,りんこう,f51e1474t1,gloss,round-table (discussion),,圆桌讨论,輪講是围绕读物轮流讲解讨论，round-table discussion 可能过泛；需查该词在具体语境的术语对应。
remaining_80pct,1614310,関取,せきとり,f60e368t0,gloss,ranking wrestler in the makuuchi (senior-grade) or juryo (junior-grade) divisions,,关取,関取是相扑的特定级别称谓，现译音译为“关取”；需核中文相扑术语是否有约定译名或应增加解释。
remaining_80pct,1637800,ニューハーフ,ニューハーフ,f62e670t0,gloss,(male-to-female) crossdresser,,（男扮女装的）变装者,ニューハーフ是有时代和文化语境的日本用语， crossdresser 与 trans woman 可能涉及不同身份范畴；需核源词条标注及合适的中文身份术语。
remaining_80pct,1637800,ニューハーフ,ニューハーフ,f62e670t1,gloss,transvestite,,变装者,transvestite 是旧式身份称呼，是否对应此处词条义项需结合源词用法确认，暂不以现代身份类别擅改。
remaining_80pct,1639290,ラングリメン,ラングリメン,f62e973t0,gloss,wraparound retaining straps worn with the old ski cable bindings,,旧式滑雪缆绳固定器所佩戴的环绕固定带,该德语滑雪装备词高度专业，需核对滑雪缆绳固定器的具体结构及中文器材术语。
remaining_80pct,1664770,町制,ちょうせい,f65e19t0,gloss,town organization,,町制,町制指一个地区实行 town status/町制的行政制度，需按语境确认中文采用“町制”还是“町级建制”。
remaining_80pct,1664770,町制,ちょうせい,f65e19t1,gloss,town organisation,,町制,同一词的 town organisation 对应行政区划制度，需核较自然的中文术语。
remaining_80pct,1731140,年率,ねんりつ,f71e890t1,example,A quarterly growth of 1.2% means an annual growth rate of 4.8%.,四半期１．２％の成長は年率４．９％の成長率を意味する。,季度1.2%的增长意味着年增长率4.9%。,英文说明写年增长4.8%，日文原句及中文译文写4.9%；此处遵循日文，仍需核对原例的数值冲突。
remaining_80pct,1742280,照度計,しょうどけい,f72e765t1,gloss,luminometer,,亮度计,luminometer 与 illuminometer/illuminance meter 是不同仪器；中文“亮度计”可能对应 luminance meter，需核对源词是否误列词项。
remaining_80pct,1758660,霊剣,れいけん,f74e219t1,gloss,virtuous sword,,德剑,virtous sword 是历史/宗教语境用语，现译“德剑”难以验证具体词义，需核词源或辞书后决定。
remaining_80pct,1821990,乱麻,らんま,f80e790t0,gloss,anarchy,,无政府状态,乱麻的日文比喻通常指纷乱状态，英文 anarchy 可能泛指混乱而非政治无政府状态；需核源义项语境后再调整中文。
remaining_80pct,1773590,夢枕,ゆめまくら,f75e1366t0,gloss,at the bedside where one dreams,,在梦中,夢枕可能指梦中显现/托梦，也可能按英文解作梦境中的枕边；现译“在梦中”较泛，需查辞书具体释义。
remaining_80pct,1860890,云爾,うんじ,f84e654t0,gloss,such as,,如此,云尔为古语，常见义为“如此而已/如此这般”；英文 such as 可能依赖特定例句，需核其源词典上下文。
remaining_80pct,1898730,内臓弓,ないぞうきゅう,f86e1628t0,gloss,visceral arch,,内脏弓,visceral arch 是胚胎学解剖术语，中文可能对应咽弓/鳃弓等概念；需核对来源定义及现代中文术语。
remaining_80pct,1946340,分解写真,ぶんかいしゃしん,f90e1320t0,gloss,photographic playback,,分解照片,分解写真可能指将动作分解呈现的连续摄影/分析照片，photographic playback 的源义不够清楚；需核词条来源语境。
remaining_80pct,1926390,コリントゲーム,コリントゲーム,f88e1430t0,gloss,bagatelle (game),,袋中球游戏,コリントゲーム是特定弹珠弹板游戏，bagatelle 的中文对应名及与现译“袋中球游戏”的关系需核资料。
remaining_80pct,1972980,鋭先形,えいせんけい,f92e1634t0,gloss,acuminate (i.e. sharp shape of leaf),,急尖形,植物形态 acuminate 与 apiculate 的标准中文术语有细分，现译“急尖形”是否准确需查植物形态术语表。
remaining_80pct,1972980,鋭先形,えいせんけい,f92e1634t1,gloss,apiculate,,急尖形,apiculate 通常指具短尖头，与 acuminate 有别；需查规范植物学术语，暂不沿用可能混淆的“急尖形”。
remaining_80pct,1983440,ビル風,ビルかぜ,f93e1667t0,gloss,eddies of wind around high buildings,,高楼周围的气流,ビル風常指高楼造成的强风或乱流，不只是任意气流；需决定中文术语采用高楼风还是楼间风。
remaining_80pct,2066790,夏櫨,なつはぜ,f102e236t0,gloss,oldham blueberry (Vaccinium oldhamii),,奥氏蓝莓（Vaccinium oldhamii）,Vaccinium oldhamii 的规范中文植物名可能是奥氏越橘等，需核植物分类来源，现“奥氏蓝莓”未确认。
remaining_80pct,2066790,ナツハゼ,ナツハゼ,f102e237t0,gloss,oldham blueberry (Vaccinium oldhamii),,奥哈姆蓝莓（Vaccinium oldhamii）,同一拉丁学名在相邻变体词条译作“奥哈姆蓝莓”；需统一为可靠中文植物名，待核。
remaining_80pct,2098710,はえぬき,はえぬき,f105e438t0,gloss,Haenuki (variety of rice),,发之拔（大米品种）,Haenuki 是日本水稻品种名，当前音译“发之拔”疑为误译，但规范中文品种名需核育种/品种来源。
remaining_80pct,2122750,油密,ゆみつ,f107e1269t0,gloss,"oil tight (seal, joint, etc.)",,油密（密封、接合等）,oil-tight 描述密封件/接头不漏油的性能，中文用“油密”较生硬，需查行业术语是“油密封/不透油”或其他规范表达。
remaining_80pct,2135160,オカルティズム,オカルティズム,f108e1913t0,gloss,occultism,,神秘主义,occultism 可译神秘学或神秘主义，现译可能与 mysticism 混淆；需按该日文词条的词义范围确认。
remaining_80pct,2165640,背赤後家蜘蛛,せあかごけぐも,f112e178t0,gloss,redback spider (Latrodectus hasselti),,红背寡妇蛛,redback spider 的物种学中文名需确认是否采用“红背蜘蛛”或“红背寡妇蛛”，与下一变体保持统一。
remaining_80pct,2190650,嘴黒鶲,はしぐろひたき,f114e1185t0,gloss,northern wheatear (Oenanthe oenanthe),,北䲭（学名：Oenanthe oenanthe）,Oenanthe oenanthe 的规范中文鸟名需核对权威鸟类名录；现译“北䲭”疑不规范。
remaining_80pct,2194460,グランドフィナーレ,グランドフィナーレ,f114e1890t0,gloss,grand finale,,大终曲,grand finale 指演出/活动的盛大压轴环节，现译“大终曲”不自然；需结合词条实际用法选择“压轴演出/盛大终场”等。
remaining_80pct,2232240,占筮,せんぜい,f119e184t0,gloss,divination (using bamboo divination sticks),,占卜（使用竹制蓍草）,该词条日文参考为筮竹（占筮用的蓍草茎），英文却写 bamboo divination sticks；中文应按日本词头还是英文定义有冲突，需核源文。
remaining_80pct,2322770,ピック経路,ピックけいろ,f126e1751t0,gloss,pick path,,拾取路径,pick path 是特定计算机图形/交互术语，中文“拾取路径”含义不够明确，需结合该术语标准或产品上下文核对。
remaining_80pct,2361900,実試験手段,じつしけんしゅだん,f130e106t0,gloss,real tester,,实际测试器,real tester 在计算机测试术语中可能指实机测试器/实际测试设备，需结合该词条的标准或上下文确认。
remaining_80pct,2397450,ソロプチミスト,ソロプチミスト,f133e580t0,gloss,soroptimist,,索罗普蒂米斯特,Soroptimist 可能指国际职业妇女组织成员或组织名称，中文应按来源语境确定译法，现音译需核。
remaining_80pct,2427630,国際人権規約,こくさいじんけんきやく,f136e742t1,gloss,ICCPR,,《国际人权公约》,词条把 International Covenants on Human Rights 与缩写 ICCPR 配在同一义项，但 ICCPR 通常只指《公民权利和政治权利国际公约》；需核查源词条结构和缩写对应。
remaining_80pct,2440600,インバリッド,インバリッド,f137e1135t0,gloss,invalid,,无效者,invalid 作名词可能指残障人士（旧称）或无效对象，现译“无效者”不自然；需核源词语境及时代用法。
remaining_80pct,2445070,フォンダン,フォンダン,f137e1994t0,gloss,fondant,,焦糖,fondant 可指糖霜/翻糖或软糖类甜食，不是焦糖；需核具体法语词条及食品语境后确定中文对应。
remaining_80pct,2448000,八重山蛭木,やえやまひるぎ,f138e591t0,gloss,Rhizophora mucronata (species of mangrove),,红树（学名：Rhizophora mucronata）,Rhizophora mucronata 的物种中文名需核植物学名录，现“红树”过泛，不能据此高置信改名。
remaining_80pct,2474820,錫ペスト,すずペスト,f140e1316t0,gloss,tin pest,,锡病,tin pest 是锡在低温下发生的晶体结构转变现象，中文术语可能为锡疫/锡瘟；现译“锡病”需核材料学术语表。
remaining_80pct,2471530,オープンフェース,オープンフェース,f140e808t0,gloss,open face,,开放面,open face 跨领域可指开放面、露面式设计等，词条未给专业语境，需核确切领域义。
remaining_80pct,2485830,ガスカーボン,ガスカーボン,f141e967t0,gloss,gas carbon,,煤气碳,gas carbon/retort carbon 是工业碳材料，现译“煤气碳”是否为规范中文需查材料术语来源。
remaining_80pct,2511750,量水計,りょうすいけい,f143e953t1,xref,water gauge,,水标,water gauge 可指水位计，源 xref 的日语水量计又可指水表；需核其具体仪器对象，现译“水标”不自然。
remaining_80pct,2543540,ジャワラビットフィッシュ,ジャワラビットフィッシュ,f146e1119t0,gloss,Java rabbitfish (Siganus javus),,爪哇刺尾鲀（Siganus javus）,Siganus javus 属篮子鱼科（Siganidae），现译刺尾鲀会误归河豚类；规范中文物种名需核鱼类名录。
remaining_80pct,2543540,ジャワラビットフィッシュ,ジャワラビットフィッシュ,f146e1119t1,gloss,streaked spinefoot,,条纹刺尾鲀,streaked spinefoot 是篮子鱼类，现译“条纹刺尾鲀”疑为错科名；需核标准中文种名。
remaining_80pct,2543540,ジャワラビットフィッシュ,ジャワラビットフィッシュ,f146e1119t2,gloss,bluespotted spinefoot,,蓝斑刺尾鲀,bluespotted spinefoot 是篮子鱼类，现译“蓝斑刺尾鲀”疑为错科名；需核标准中文种名。
remaining_80pct,2547410,クロミスキネラセンス,クロミスキネラセンス,f146e1731t0,gloss,green puller (Chromis cinerascens),,绿拉鱼（Chromis cinerascens）,Chromis cinerascens 的规范中文鱼名需核鱼类分类名录；现译“绿拉鱼”像音译，另有绿光鳃鱼等可能名。
remaining_80pct,2547410,クロミスキネラセンス,クロミスキネラセンス,f146e1731t1,gloss,green chromis,,绿拟花鮨,green chromis 的中文俗名应核对鱼类名录，雀鲷科分类基本确定但具体中文种名未确认。
remaining_80pct,2547410,ダスキークロミス,ダスキークロミス,f146e1732t0,gloss,green puller (Chromis cinerascens),,绿拉鱼（Chromis cinerascens）,Chromis cinerascens 的规范中文名需核鱼类名录，现“绿拉鱼”不可靠。
remaining_80pct,2547410,ダスキークロミス,ダスキークロミス,f146e1732t1,gloss,green chromis,,绿雀鲷,green chromis 属雀鲷科，现“绿雀鲷”分类可理解但物种通名仍需核对。
remaining_80pct,2551520,オオセ科,オオセか,f147e389t0,gloss,Orectolobidae (family containing eleven species in three genera of carpet sharks known as wobbegongs),,大鲉科（Orectolobidae，包含3属11种毯鲨，俗称wobbegong）,Orectolobidae 的规范中文科名需核鲨类学名录；现“大鲉科”明显不是鲨科，暂不猜译。
remaining_80pct,2547810,グリーンクロミス,グリーンクロミス,f146e1799t0,gloss,green chromis (Chromis caerulea),,绿色光鳃鱼（Chromis caerulea）,Chromis caerulea 的中文种名需核鱼类学名录；“光鳃鱼”或雀鲷相关名称需确认。
remaining_80pct,2547810,グリーンクロミス,グリーンクロミス,f146e1799t1,gloss,blue-green chromis,,蓝绿色光鳃鱼,blue-green chromis 的具体中文通名需按鱼类学名录核实，现译分类名不确定。
remaining_80pct,2598380,野呂搗布,のろかじめ,f151e1253t0,gloss,Ecklonia cava (species of brown alga),,裙带菜（褐藻的一种）,Ecklonia cava 是日本海藻カジメ，现译“裙带菜”对应另一种海藻；需核中文藻类名录确定准确物种名。
remaining_80pct,2635080,アピストグラマ,アピストグラマ,f155e445t0,gloss,Apistogramma (genus of cichlids),,阿比斯特鱼（慈鲷科鱼类属名）,Apistogramma 是慈鲷科小型鱼类属，中文俗名/属名“短鲷属”等需核观赏鱼或分类名录。
remaining_80pct,2635470,親睨,おやにらみ,f155e538t0,gloss,aucha perch (Coreoperca kawamebari),,日本鰹,Coreoperca kawamebari 的规范中文鱼名需核鱼类分类名录；“日本鰹”显然不符该物种。
remaining_80pct,2635470,オヤニラミ,オヤニラミ,f155e539t0,gloss,aucha perch (Coreoperca kawamebari),,奥羽鲈（Coreoperca kawamebari）,Coreoperca kawamebari 的规范中文鱼名需核鱼类分类名录；现“奥羽鲈”未确认。
remaining_80pct,2684550,礼紙,らいし,f160e310t0,gloss,paper for wrapping a letter,,信纸,礼紙在辞书中可能指书信封装/礼仪用纸，现译“信纸”与 EN paper for wrapping a letter 不完全相符；需核实该物件实际用途。
remaining_80pct,2635880,高砂,たかさご,f155e631t1,gloss,Taiwan (nickname),,台湾（昵称）,该鱼英文通称 green chromis 对应中文鱼类俗名需查权威名录；物种分类确认属于乌尾鮗科。
remaining_80pct,2635880,タカサゴ,タカサゴ,f155e632t1,gloss,Taiwan (nickname),,台湾（昵称）,绿雀鲷可能与该乌尾鮗科物种的中文俗名不符，需核对鱼类分类名录。
remaining_80pct,2694850,映日,えいじつ,f161e204t1,gloss,undersun,,下日,subsun 是太阳下方出现的光学幻日现象，中文术语需按大气光学名录核对；直译“下日”不自然。
remaining_80pct,2730580,最低落札価格,さいていらくさつかかく,f164e1068t0,gloss,minimum buyout price (bid),,最低买断价（出价）,最低落札価格在拍卖/招标语境指最低中标/成交价格，现译“最低买断价”疑误；需确认对应的制度术语。
remaining_80pct,2738370,放射線測定器,ほうしゃせんそくていき,f165e535t1,gloss,particle detector,,粒子探测器,particle detector 的中文通称可能是粒子探测器/粒子检测器，现译可理解，需按具体设备领域规范核定。
remaining_80pct,2823960,氷晶点,ひょうしょうてん,f173e1371t0,gloss,cryohydric point,,冰点,cryohydric point 是水溶液体系中的特定相平衡温度，中文术语可能为冰盐共晶点/低共熔点；需核化学术语表。
remaining_80pct,2826976,ヘレネス,ヘレネス,f174e1955t1,info,ancient Greeks,,古希腊人,词源标注 Modern Greek 而释义信息称 ancient Greeks，需核该词在现代希腊语中的用法与历史解释是否冲突。
remaining_80pct,2828382,白山吹,しろやまぶき,f176e583t0,gloss,jetbead (Rhodotypos scandens),,喷雪（Rhodotypos scandens）,Rhodotypos scandens 的规范中文植物名需核植物志；“喷雪”似属误译/其他物种，暂不猜定种名。
remaining_80pct,2834261,デザインパーマ,デザインパーマ,f182e69t0,gloss,cold perm,,冷烫,デザインパーマ具体指一种日式造型烫发，英文 cold perm 可能过窄；需核行业术语后决定是否译“造型烫”。
remaining_80pct,2836099,音響外傷,おんきょうがいしょう,f183e1595t0,gloss,acoustic trauma,,声外伤,acoustic trauma 可指噪声导致的听觉损伤，中文“声外伤”不是常见临床术语；需核医学术语名录。
remaining_80pct,2834558,甘井先ず竭く,かんせいまずつく,f182e643t0,gloss,the flame that burns twice as bright burns half as long,,甘井先竭,英文释义写“火焰越亮燃烧越短”，与日文谚语及现有中文“甘井先竭”不符；中文吻合日文，应核英文源释义。
remaining_80pct,2837586,回転のぞき絵,かいてんのぞきえ,f185e643t0,gloss,zoetrope (animation device),,走马灯,zoetrope 与走马灯都是动画展示装置但结构不同，需核中文专名后决定是否改为“西洋镜/活动视盘”。
remaining_80pct,2841831,リッチブラック,リッチブラック,f189e707t0,gloss,rich black,,富黑,rich black 是印刷配色术语，需核中文印刷行业标准用名（如“复合黑/浓黑”）后决定。
remaining_80pct,2843475,チアチア語,チアチアご,f190e1778t0,gloss,Cia-Cia language,,恰恰语,Cia-Cia 语中文名称有不同音译写法，需核语言学资料中的规范译名后决定是否将“恰恰语”改为“查查语”等。
remaining_80pct,2846757,キラーソフト,キラーソフト,f193e1592t1,gloss,system seller,,系统销售软件,system seller 在游戏行业指能推动主机或平台销量的软件，需核具体词典语境后确定合适中文译法。
remaining_80pct,2850378,大駒,おおごま,f197e453t0,gloss,major piece,,大棋子,大駒在将棋中专指飞车与角行等大子，需核中文将棋术语规范后确定是否以“大子”取代“大棋子”。
remaining_80pct,2855717,片貝,かたかい,f202e715t0,gloss,univalve,,单壳纲,univalve 可泛指单壳软体动物而中文分类学译法不确定，需核生物学术语表后决定是否将“单壳纲”改为“单壳类”。
remaining_80pct,2856836,蓬莱蕉,ほうらいしょう,f203e691t2,gloss,cerimen,,Cereimen,cerimen 是 Monstera deliciosa 的别名，中文规范植物名及是否沿用外文音译需核植物志后确定。
remaining_80pct,2858538,聴光器,ちょうこうき,f204e1991t0,gloss,optophone,,光电管,optophone 是供视障者阅读印刷文字、将文字转换成声音的装置，需核中文专名后决定是否用“光学助读器”而不是“光电管”。
remaining_80pct,2859397,化膿止め,かのうどめ,f205e1774t0,gloss,antipyic (drug),,抗感染药,化膿止め字面指抑制化脓的药，中文“抗感染药”过宽；需核药学术语以确定是否称“抗化脓药”。
remaining_80pct,2865419,カコジル酸,カコジルさん,f211e1288t0,gloss,cacodylic acid,,卡可酸,cacodylic acid 的通用中文名可能为二甲胂酸，“卡可酸”需核化学命名规范。
remaining_80pct,2865554,インダスカワイルカ,インダスカワイルカ,f211e1494t0,gloss,Indus river dolphin (Platanista minor),,印度河河豚（Platanista minor）,Indus river dolphin 的中文物种名译法需核动物学资料；“河豚”通常指鱼类，容易误导，但暂不擅改专名。
remaining_80pct,2870900,ジュケイ,ジュケイ,f217e52t0,gloss,Cabot's tragopan (Tragopan caboti),,白腰鸡（Tragopan caboti）,Cabot's tragopan 可能有稳定中文鸟名（角雉属），需核鸟类名录后确定“白腰鸡”是否准确。
remaining_80pct,2872127,攻める石にツケるな,せめるいしにツケるな,f218e547t0,gloss,don't attach to weak stones,,不要紧着弱子,ツケる是围棋中贴靠对手棋子的术语，该谚语需核围棋术语与语境后确定“不要紧着弱子”应如何改译。
remaining_80pct,2872248,豪雷,ごうらい,f218e772t1,gloss,fierce lightning,,轰雷,英文释义 fierce lightning 与词头豪雷及现中文轰雷不完全相合，需核源释义以及此处是雷声还是闪电后再定译文。
remaining_80pct,1022350,インサイドベースボール,インサイドベースボール,f3e213t0,gloss,inside baseball,,内部棒球,需核实 inside baseball 在该日语借词中是否专指注重战术的棒球打法；内部棒球直译可疑。
remaining_80pct,1028090,エクスプロージョンショット,エクスプロージョンショット,f3e1255t0,gloss,explosion shot,,爆炸镜头,疑为高尔夫沙坑爆炸式击球，需核查日语体育用语；镜头义可疑。
remaining_80pct,1033680,オールドパワー,オールドパワー,f4e78t0,gloss,old power,,老动力,需核实和制英语 old power 的老年人势力义；老动力可疑。
remaining_80pct,1033680,オールド・パワー,オールド・パワー,f4e79t0,gloss,old power,,旧权力,需核实和制英语 old power 是否指老年人群体的力量而非旧权力。
remaining_80pct,1049580,コールブローカー,コールブローカー,f5e493t0,gloss,call broker,,电话经纪人,call broker 疑为短期资金拆借经纪人，需核实金融术语。
remaining_80pct,1062500,ショートリリーフ,ショートリリーフ,f6e423t0,gloss,short relief,,短休,需核实棒球短局数救援投球义；短休可能误译 relief。
remaining_80pct,1078280,チョッパー,チョッパー,f7e684t0,gloss,chopper,,斩击,chopper 是名词且可指砍刀、直升机或斩波器；需核实该日语词具体义项，斩击可疑。
remaining_80pct,1085170,トップノート,トップノート,f7e1682t0,gloss,top-note,,高音,top-note 可指高音或香水前调，需核实该日语词条 intended sense。
remaining_80pct,1116680,プレオリンピック,プレオリンピック,f10e435t0,gloss,pre-Olympic (trials),,奥运会预选赛,需核实プレオリンピック是奥运会测试赛/预演赛还是预选赛，英文 trials 不足以断定。
remaining_80pct,1116680,プレオリンピック,プレオリンピック,f10e435t1,gloss,pre-Olympics,,奥运会前,同义词 pre-Olympics 此处为赛事名，需核实是否应译奥运会测试赛而非时间状语。
remaining_80pct,1131590,ミモザ,ミモザ,f11e640t0,gloss,mimosa,,含羞草,mimosa 可指含羞草或金合欢；需核实日语借词ミモザ在该条的植物对象。
remaining_80pct,1134980,モダノロジー,モダノロジー,f11e1154t0,gloss,modernology,,现代学,modernology 疑指今和次郎的考现学，需核实中文专名。
remaining_80pct,1173310,荏胡麻,えごま,f15e45t0,gloss,wild sesame (Perilla frutescens var. frutescens),,野芝麻（Perilla frutescens var. frutescens）,此学名为紫苏属荏，中文野芝麻通常另有所指；需核实白苏等规范植物名。
remaining_80pct,1191700,嫁菜,よめな,f16e1682t0,gloss,Aster yomena (Asiatic species of aster),,女菀,需核实 Aster yomena 对应中文植物名称，女菀可能为另一物种。
remaining_80pct,1241390,斤量,きんりょう,f21e1305t5,gloss,basis weight,,克重,本义明确千张纸重量；克重通常按面积计，需核实该造纸术语中文称谓。
remaining_80pct,1241390,斤量,きんりょう,f21e1305t6,xref,weight of 1000 sheets of paper; basis weight,,1000张纸的重量；克重,引用连量也为千张纸重量；需核实克重在此是否误导。
remaining_80pct,1252150,計算機間,けいさんきま,f22e1451t0,gloss,inside the computer,,计算机内部,词头計算機間可能是计算机之间，英文却为计算机内部；需核实原词条与读音けいさんきま。
remaining_80pct,1301290,三等軍曹,さんとうぐんそう,f27e598t0,gloss,sergeant,,曹,曹在中文无法清楚表达军衔；需核实三等軍曹所对应国家体系的规范中文军衔。
remaining_80pct,1731150,年強,としづよ,f71e891t1,gloss,the first half of the year,,年初,英文释义“the first half of the year”与年强的其他义项及中文语义不一致，需核对该义是否属于同一词条或英文数据误挂。
remaining_80pct,1713740,吞み行為,のみこうい,f69e1759t1,gloss,(stock market) bucketing,,（股市）做市,bucketing 是股票交易中的特定违规做法，当前“做市”含义不同；需核查适当的中文金融术语后再定译。
remaining_80pct,2008780,違える,たがえる,f96e1037t6,example,Bill is seldom ever on time.,ビルは時間を違えないことはめったにない。,比尔几乎从不守时。,英文说几乎从不守时，而日文双重否定按字面表示几乎不会不守时，两个例句方向相反；需核查原始例句或确定应以何者为准。
remaining_80pct,2257940,舌たるい,したたるい,f121e1638t1,gloss,cooing,,含混不清,英文 cooing 可指柔声说话，而词头/其他义项指 lisping；需确认此义在原词条中是否为幼儿化含混发音，暂不擅改。
remaining_80pct,2303120,スウィズル,スウィズル,f125e1043t0,gloss,swizzle (cocktail),,摇摆鸡尾酒,swizzle 指特定调制鸡尾酒，但中文音译或类别名暂无把握；需核对其饮料配方或可靠中文酒类术语。
remaining_80pct,2353820,限界検査,げんかいけんさ,f129e696t0,gloss,marginal test,,边际测试,marginal test 属于特定测试术语，可能指边界/极限条件测试；需核查该领域定义后再确定边际测试是否误译。
remaining_80pct,2376840,適合性解決試験,てきごうせいかいけつしけん,f131e930t0,gloss,conformance resolution tests,,一致性解决测试,conformance resolution tests 是特定计算机标准术语，需核实 resolution 在此指解析还是解决流程后再确定中文名。
remaining_80pct,2388040,並直列変換器,へいちょくれつへんかんき,f132e813t2,gloss,dynamicizer,,动态化器,dynamicizer 是少见的工程/计算术语，当前“动态化器”可能是字面译法；需核对对应设备或过程定义。
remaining_80pct,2395720,ホルド,ホルド,f133e224t0,gloss,horde,,霍尔德,horde 可指游牧部落或大群人，词条没有上下文，音译“霍尔德”不能说明义项；需确认具体所指后再选中文译法。
remaining_80pct,2482760,デフレーター,デフレーター,f141e536t0,gloss,deflator,,放气器,deflator 可指经济学中的平减指数，也可指放气装置；需核实此孤立词条采用的领域义。
remaining_80pct,2486840,ハードソース,ハードソース,f141e1112t0,gloss,hard sauce,,hard sauce,hard sauce 是特定甜点搭配酱，中文菜名/译名不确定，需查可靠食谱语境。
remaining_80pct,2503200,ガランティーヌ,ガランティーヌ,f142e1407t0,gloss,galantine,,加兰丁,galantine 是法式冷食肉卷/冻肉菜，需核对中文料理术语后再替换音译。
remaining_80pct,2519730,地百足,じむかで,f144e559t0,gloss,Alaska bellheather (Harrimanella stelleriana),,地百足,Harrimanella stelleriana 的常见中文植物名需要核查，不能依词头“地百足”直译；需确认规范中文名后修正。
remaining_80pct,2637480,水魚,みずうお,f155e960t0,gloss,long snouted lancetfish (Alepisaurus ferox),,长吻剑鱼（Alepisaurus ferox）,Alepisaurus ferox 是 lancetfish，现译“剑鱼”可能与 swordfish 混淆；需确认该物种的规范中文名后再定。
remaining_80pct,2671240,被刺激性,ひしげきせい,f158e1731t0,gloss,"irritability (of an organ, etc.)",,易激惹性,医学/生理语境中的 irritability of an organ 可指器官兴奋性，现译“易激惹性”容易被理解为情绪症状；需确认目标术语是兴奋性还是刺激反应性。
remaining_80pct,2800660,かぐや蝙蝠,かぐやこうもり,f171e841t0,gloss,fraternal myotis (Myotis frater),,同属蝙蝠（Myotis frater）,Myotis frater 是蝙蝠物种，当前“同属蝙蝠”不是可用的中文名称；需确认其规范中文种名后修正。
remaining_80pct,2844488,ボマイェ,ボマイェ,f191e1598t0,gloss,bomaye (knee strike),,炸弹（膝部打击）,Bomaye 是摔角膝击技名，当前“炸弹”似为按字面拆译；需核实中文摔角术语是否采用音译或固定译名。
remaining_80pct,2845402,小葉のとねりこ,こばのとねりこ,f192e1237t0,gloss,Chinese flowering ash (Fraxinus lanuginosa form. serrata),,中国花楸（Fraxinus lanuginosa form. serrata）,Fraxinus lanuginosa form. serrata 的中文植物名需按该分类单元核实；“中国花楸”可能混淆白蜡属与花楸属。
remaining_80pct,2845402,小葉のとねりこ,こばのとねりこ,f192e1237t1,xref,Chinese flowering ash (Fraxinus lanuginosa form. serrata),,中国花楸（Fraxinus lanuginosa form. serrata）,交叉引用所指的 Fraxinus 分类单元中文名需核实，避免把花楸属名用于白蜡属。
remaining_80pct,2845845,深山花忍,みやまはなしのぶ,f193e38t0,gloss,Polemonium caeruleum subsp. yezoense var. nipponicum (variety of Jacob's ladder),,（日本）大戟属植物（日本大戟）,Polemonium caeruleum subsp. yezoense var. nipponicum 的规范中文名需查植物分类来源；现译大戟属植物明显与学名不符。
remaining_80pct,2851529,急減速,きゅうげんそく,f198e513t0,gloss,sudden declaration,,突然宣告,日文词头急減速及同组另外两条英文都表示 rapid deceleration，但此字段 EN 写 sudden declaration；需核对原始英语释义是否笔误。
remaining_80pct,2854820,アブジェクション,アブジェクション,f201e1052t0,gloss,abjection,,弃绝,哲学术语 abjection 在中文理论文献中可能译为“弃绝”或“卑贱”；需核对此词条采用的哲学语境与规范译名。
remaining_80pct,2856138,目鯛,めだい,f202e1443t0,gloss,Pacific barrelfish (Hyperoglyphe japonica),,日本鲃,Hyperoglyphe japonica 的规范中文鱼名需查权威鱼类名录；现译“日本鲃”可能将其误归鲃科。
remaining_80pct,2861639,ブロックアウト,ブロックアウト,f208e67t0,gloss,wipe (in volleyball),,排球中的拦网,排球 wipe / wipe-off shot 指击中拦网手后出界得分；需核对中文排球术语是否应采用“打手出界”等固定译法。
remaining_80pct,2861639,ブロックアウト,ブロックアウト,f208e67t1,gloss,wipe-off shot,,拦网球,wipe-off shot 的具体中文术语需结合排球术语来源核实，现“拦网球”未清楚表达击球出界得分。
remaining_80pct,1018270,アプローチショット,アプローチショット,f2e1626t0,gloss,approach shot,,进洞球,需核实高尔夫 approach shot 的规范中文；进洞球可能把攻果岭击球误成进洞结果。
remaining_80pct,1029070,エッジング,エッジング,f3e1393t0,gloss,edging,,滑雪转弯,需核实滑雪 edging 的专业译名（立刃或压刃），泛译滑雪转弯疑失准。
remaining_80pct,1032020,オートナース,オートナース,f3e1819t0,gloss,auto-nurse,,自动护士,auto-nurse 可能是自动护理设备，需核实日语具体所指，不能仅机械译自动护士。
remaining_80pct,1037610,カッターシューズ,カッターシューズ,f4e676t0,gloss,cutter shoes,,切割鞋,cutter shoes 日语可能指浅口平底鞋；切割鞋明显可疑，需查日语鞋类定义。
remaining_80pct,1055400,サイアロン,サイアロン,f5e1354t0,gloss,sialon (ceramic),,硅铝酸盐陶瓷,sialon 属含硅铝氧氮陶瓷，原译硅铝酸盐疑混淆材料组成，需核实规范中文名。
remaining_80pct,1069170,スコトフォビン,スコトフォビン,f6e1405t0,gloss,scotophobin,,视黑蛋白,需核实 scotophobin 的中文名称；视黑蛋白通常是另一蛋白，疑混淆。
remaining_80pct,1086970,トレーシング,トレーシング,f7e1925t0,gloss,tracing,,追踪,需核实トレーシング本词义是否为描图而非追踪，英文单词不足区分。
remaining_80pct,1094350,ノンブック,ノンブック,f8e1031t0,gloss,nonbook,,非书,nonbook 的资料类型或出版物含义未明确，非书不自然，需核实日语具体所指。
remaining_80pct,1109870,フェニールケトン,フェニールケトン,f9e1391t0,gloss,phenylketon(uria),,苯酮,英文 phenylketon(uria) 似指苯丙酮尿症，但日文词头省略症名部分；需核实该词是否仅指苯酮还是疾病缩称。
remaining_80pct,1132840,メイラー,メイラー,f11e857t0,gloss,mailer,,邮递员,mailer 一般是邮件程序或寄件者，日语メイラー常为邮件软件；需核实词条所指，邮递员疑错。
remaining_80pct,1133880,メモリアル,メモリアル,f11e997t1,gloss,testimonial,,证明的,メモリアル 的 testimonial 不应简单作证明的，需核实本义是纪念性还是表彰性。
remaining_80pct,1181960,黄枯茶,きがらちゃ,f15e1869t0,gloss,bluish yellow,,蓝黄色,黄枯茶是传统色名，英文 bluish yellow 与词形疑不一致；需核实具体色相而非直接润色蓝黄色。
remaining_80pct,1224910,戯かす,じゃらかす,f20e316t0,gloss,to call for jokes,,要求讲笑话,戯かす 可能为逗弄、使嬉闹，英文 to call for jokes 也可疑，需核实日文释义。
remaining_80pct,1227390,久慈目,くじめ,f20e740t0,gloss,spotbelly greenling (Hexagrammos agrammus),,斑腹绿石鱼（Hexagrammos agrammus）,绿石鱼疑为 greenling 机械译法，需核对 Hexagrammos agrammus 的规范中文鱼名。
remaining_80pct,1301930,三椏,みつまた,f27e694t0,gloss,Oriental paper bush (Edgeworthia chrysantha),,东方纸灌木（Edgeworthia chrysantha）,东方纸灌木疑为英文俗名逐词直译，需核实 Edgeworthia chrysantha 是否规范称结香。
remaining_80pct,1332470,修練者,しゅうれんしゃ,f30e821t0,gloss,(Catholic) neophyte,,（天主教）新教习者,新教习者不是自然中文；需确认修練者在天主教语境是初学修士还是新入教者。
remaining_80pct,1334970,十二折り,じゅうにおり,f30e1243t0,gloss,duodecimo (folding),,十二折,duodecimo 通常涉及十二开本或折页，需核实折法用语；十二折容易误解为折叠十二次。
remaining_80pct,1349700,掌理,しょうり,f31e1880t0,gloss,rule of law,,法治,掌理通常指掌管处理，与英文 rule of law 不一致，需查源词典义项。
remaining_80pct,1349700,掌理,しょうり,f31e1880t1,gloss,administration of justice,,司法,需核实掌理是否确指司法行政，日文词头与英文约束有冲突。
remaining_80pct,1354060,上等兵曹,じょうとうへいそう,f32e684t0,gloss,chief petty officer,,首席水手长,chief petty officer 属军衔，首席水手长疑直译；需核对上等兵曹对应的历史海军军衔译名。
remaining_80pct,1446380,凍石,とうせき,f41e847t0,gloss,soapstone,,滑石,凍石对应 soapstone，但中文矿物名可能用皂石或滑石；需核专业矿物词典确认该日文词的具体矿物所指。
remaining_80pct,1430430,勅宣,ちょくせん,f39e1861t0,gloss,imperial decree,,敕宣,勅宣为历史制度用语；现译‘敕宣’可能是直译字面，需核历史文献或辞典确认规范中文对应。
remaining_80pct,1521090,北清事変,ほくしんじへん,f48e913t0,gloss,Boxer Rebellion (1889-1901),,义和团运动（1889-1901）,日文词头指北清事变，通常所指义和团运动时间为1899—1901年；输入英文及中文同列1889—1901年，疑为源条目年份错误，需核原始词典记录后处理。
remaining_80pct,1544400,余党,よとう,f50e1257t2,gloss,refugees,,难民,余党通常指残余党羽，与英文 refugees（难民）不相符；需核此义项是否源条目误配或应对应另一种日语词。
remaining_80pct,1651090,水位標,すいいひょう,f63e1245t0,gloss,watermark,,水位标,日语水位標指水位标尺/水位标志，但英文列为 watermark（通常是纸张水印），疑似英文源义项错误；需核原始词典条目再决定是否调整中文。
remaining_80pct,1703240,石焼き,いしやき,f68e1475t0,gloss,porcelain,,瓷器,石焼き在该词条下英译 porcelain，但现代日语通常首先联想到石烤料理；需核对应词条的历史义/源条目后确认是否应保留‘瓷器’。
remaining_80pct,1767360,死文,しぶん,f74e1980t0,gloss,dead letter,,死信,dead letter 可指不再生效的法律/文件，也可能是死信；需结合该词条日语义项核实中文对应，避免照搬英文多义。
remaining_80pct,1841560,白斑,しろぶち,f82e921t5,gloss,leukoma,,白斑,leukoma 是角膜混浊形成的白斑，现译‘白斑’过宽；需核医学中文标准名是否应为角膜白斑。
remaining_80pct,1849950,差し立てる,さしたてる,f83e705t0,gloss,to stand,,派遣,日语差し立てる常见义为派遣/寄出，但英文条目另列 to stand；需核该词典此义是否为‘竖立、立起’或源英释义误配。
remaining_80pct,1919900,クロノ,クロノ,f88e459t0,gloss,chrono,,时间,クロノ/chrono 可能是表示时间的构词成分或计时设备的简称，孤立词头无法确定具体中文释义；需补充领域语境核对。
remaining_80pct,1959420,イオニウム,イオニウム,f91e1508t0,gloss,Ionium,,离子,Ionium 是历史化学名，可能指钍-230同位素（历史称离子ium），‘离子’字面译法可疑；需核化学术语词典后确定规范中文名。
remaining_80pct,1964620,シャモット煉瓦,シャモットれんが,f92e243t0,gloss,chamotte brick,,硅砖,chamotte brick 是耐火材料砖，现译‘硅砖’可能指特定硅质砖；需核材料学中文术语是否应译熟料砖/耐火砖。
remaining_80pct,2013490,来はじめる,きはじめる,f96e1944t1,gloss,to become for the first time,,初次成为,来はじめる通常表示开始来/开始到来，英文另释 to become for the first time 与词头语义不合；需查原始词典日文定义或例句确认是否源英释误配。
remaining_80pct,2018870,里山,さとやま,f97e942t0,gloss,undeveloped woodland near populated area,,居民区附近的未开发林地,里山在日语生态语境往往指居民地附近由人管理的山林，英文 undeveloped woodland 可能简化/误述；需核日文原始释义，现中文按展示英文翻译。
remaining_80pct,2066530,白膠木,ぬるで,f102e181t0,gloss,Chinese sumac (Brucea javanica),,椿（Brucea javanica）,词头白膠木（ぬるで）通常指盐肤木（Rhus chinensis），但英文注记却给出 Brucea javanica（鸦胆子），中文也写成椿；源物种信息冲突，需核原词条结构后决定。
remaining_80pct,2067650,弦鋸,つるのこ,f102e468t0,gloss,hacksaw,,弓形锯,日文参考词弓鋸通常指弓锯，但英文同时列 hacksaw（钢锯）和 bow saw（弓锯）；需核原词典英语义项映射后处理。
remaining_80pct,2060190,洞角,どうかく,f101e930t1,gloss,cavicorn,,空心角,cavicorn 是洞角类/牛科动物的历史分类术语，需核中文动物分类学规范名称；‘空心角’是机械直译。
remaining_80pct,2086900,対馬音,つしまおん,f104e198t0,gloss,Wu dynasty reading of Chinese characters,,吴音（汉字在吴代时期的读音）,対馬音的历史音韵解释与英文 Wu dynasty reading 不完全一致；需核该词是否指吴音或经对马传入的汉字音，避免把术语来源误写成吴代读音。
remaining_80pct,2139310,割り出し,わりだし,f109e751t0,gloss,upper-arm force out,,上臂强拉出,割り出し是相扑技法专名，英文 upper-arm force out 与中文现译‘上臂强拉出’都不够明确；需查相扑术语资料确认具体动作。
remaining_80pct,2145630,姫百合,ひめゆり,f110e108t0,gloss,morning star lily (Lilium concolor),,晨星百合（Lilium concolor）,Lilium concolor 的中文植物名需按植物分类词典核实；晨星百合可能是直译，需确认规范物种名。
remaining_80pct,2192090,大西洋鮭,たいせいようさけ,f114e1467t0,gloss,Atlantic salmon (Salmo salmar),,大西洋鲑（Salmo salmar）,英语学名给作 Salmo salmar，疑似应为 Salmo salar；需核对源条目物种拼写，中文‘大西洋鲑’对应物种无疑。
remaining_80pct,2273820,補充書,ほじゅうしょ,f123e1074t0,gloss,"brief (legal, patent, etc.)",,说明书（法律、专利等）,法律/专利语境的 brief 是书面陈述/诉状类文件，需核具体制度语境才能确定中文术语；‘说明书’可能误导为使用说明。
remaining_80pct,2322790,ピック入力装置,ピックにゅうりょくそうち,f126e1754t0,gloss,pick device,,拾取设备,pick device 在旧式计算机图形输入语境可能指定位/拾取设备，需核具体设备类型，‘拾取设备’不够明确。
remaining_80pct,2345230,回避文字,かいひもじ,f128e1217t0,gloss,shunned character,,回避字符,shunned character 可能指需回避/转义的控制字符，常见中文术语需核其在该系统中的确切功能。
remaining_80pct,2353830,限界試験,げんかいしけん,f129e698t0,gloss,marginal test,,边际测试,marginal test/check 在计算机测试语境下含义不明确，可能指边界测试；需核具体标准术语后再替换‘边际测试/检查’。
remaining_80pct,2369270,折れ線束表,おれせんたばひょう,f130e1414t0,gloss,polyline bundle table,,折线束表,polyline bundle table 是专门图形/数据结构术语，需核原始系统文档中的对象定义，不能仅凭字面确定‘折线束表’。
remaining_80pct,2435760,アンダートーン,アンダートーン,f137e233t0,gloss,undertone,,低音,undertone 可指底色、潜在意味或隐约基调，现译‘低音’可能误解为低频音；需核原条目的具体领域义。
remaining_80pct,2411150,ソーラン節,ソーランぶし,f134e1362t0,gloss,"traditional work song of Hokkaido herring fishery workers, performed by school students in modern choreographed interpretations",,索兰节,ソーラン節是北海道渔业劳动歌及其舞蹈，中文专名译法需核本地常用译名；‘索兰节’可能让人误以为节日。
remaining_80pct,2457470,ウェットフライ,ウェットフライ,f139e434t0,gloss,wet fly,,湿蝇,wet fly 是飞钓用人工拟饵，中文可能称湿式毛钩/湿蝇；需核钓鱼术语规范后确定，不宜直译为‘湿蝇’。
remaining_80pct,2495070,ラブオブザグリーン,ラブオブザグリーン,f142e233t0,gloss,rub of the green,,绿球,rub of the green 是高尔夫中球场状况带来的偶然运气，不是‘绿球’；需核中文高尔夫术语的常用译法。
remaining_80pct,2498780,テレコネクション,テレコネクション,f142e759t0,gloss,teleconnection,,远程连接,teleconnection 在气候学中可指遥相关，与一般‘远程连接’不同；需核该词条所处领域及术语后确定。
remaining_80pct,2545090,モンキキンチャクフグ,モンキキンチャクフグ,f146e1352t0,gloss,lantern toby (Canthigaster epilampra),,灯笼鱼,lantern toby 是 Canthigaster epilampra 的英文俗名，需核其规范中文鱼名；‘灯笼鱼’通常指另一类灯笼鱼，可能错分。
remaining_80pct,2551550,マルヒゲオオセ,マルヒゲオオセ,f147e395t0,gloss,"northern wobbegong (Orectolobus wardi, an Australian species of carpet shark)",,北方大鲉（Orectolobus wardi，澳大利亚的一种毯鲨）,Orectolobus wardi 属毯鲨/须鲛类，‘大鲉’属于鲉形目并非鲨鱼；需核该种规范中文名后修正。
remaining_80pct,2558060,シックスプレートソウテール,シックスプレートソウテール,f147e1510t0,gloss,sixplate sawtail (Prionurus microlepidotus),,六板锯尾（Prionurus microlepidotus）,Prionurus microlepidotus 的规范中文种名需查鱼类分类资料；现已修正删除漏译的类别，但‘六板锯尾鱼’名称待核。
remaining_80pct,2558440,マンジュウダイ科,マンジュウダイか,f147e1583t0,gloss,Ephippidae (family of mostly marine spadefishes),,曼珠鱼科（主要为海洋鱼类的科）,Ephippidae 是 spadefish 科，需核中文动物分类学标准科名；‘曼珠鱼科’为音译，疑不规范。
remaining_80pct,2600220,萩猿子,はぎましこ,f151e1622t0,gloss,Asian rosy finch (Leucosticte arctoa),,萩朱雀（Leucosticte arctoa）,Leucosticte arctoa 的中文鸟类规范名需核；‘萩朱雀’似按日文名直译，可能未使用中文通名。
remaining_80pct,2628750,ファラノーク,ファラノーク,f154e1175t0,gloss,falanouc (Eupleres goudotii),,狐猴,Falanouc（Eupleres goudotii）属于马达加斯加食肉目哺乳动物，并非狐猴；需核该物种中文标准名后确定译法。
remaining_80pct,2693500,美容液,びようえき,f160e1956t1,gloss,liquid foundation,,液体粉底,日语美容液指护肤精华液，但英文目标却写 liquid foundation（液体粉底），两者产品类别冲突；需核源英语释义是否误配后处理。
remaining_80pct,2705150,刺胞,しほう,f162e243t1,gloss,cnidocyte,,刺细胞,cnidocyte 的中文规范名称为刺细胞；与同条目的 nematocyst/cnida 术语应整体按刺胞动物学术语表核对，避免三词混用。
remaining_80pct,2733170,行者,あんじゃ,f164e1450t0,gloss,temple helper,,行脚僧,佛教语境的行者可指修行者/苦行者，但英文此处释为 temple helper；需核该义项的历史佛教职称，现译‘行脚僧’可能误指云游僧人。
remaining_80pct,2831854,玉蕗,たまぶき,f179e1450t0,gloss,Parasenecio farfarifolius var. bulbifer (variety of Indian plantain),,玉蕗,Parasenecio farfarifolius var. bulbifer 的规范中文植物名需核；‘玉蕗’沿用日文词形，尚不能可靠确认对应种名。
remaining_80pct,2831854,球蕗,たまぶき,f179e1451t0,gloss,Parasenecio farfarifolius var. bulbifer (variety of Indian plantain),,球蕗,与同词条异写对应的植物名 Parasenecio farfarifolius var. bulbifer，规范中文种名需核；‘球蕗’为日文词形。
remaining_80pct,2838343,輝蒼鉛鉱,きそうえんこう,f186e85t0,gloss,bismuthinite,,辉苍铅矿,bismuthinite 的规范矿物中文名可能为辉铋矿；现译‘辉苍铅矿’需核矿物学术语词典确认后处理。
remaining_80pct,2854360,所外,しょがい,f201e243t0,gloss,"outside an office, laboratory, power plant, etc.",,场外,所外可按具体机构语境指研究所/设施之外或外场，“场外”是否覆盖词条英文列出的办公室、实验室、电厂等需核日语辞典例句；暂不据此猜改。
remaining_80pct,2857119,檀香梅,だんこうばい,f203e1259t0,gloss,blunt-lobed spice bush (Lindera obtusiloba),,钝叶南天竹（Lindera obtusiloba）,Lindera obtusiloba 的中文植物名存在地区异名；现译“钝叶南天竹”疑似属名错误，但需核植物分类/权威中文名后确定替换。
remaining_80pct,2859652,タスマニアオオガニ,タスマニアオオガニ,f206e239t3,gloss,king crab,,帝王蟹,king crab 与 Tasmanian giant crab 的分类对应关系需要核海洋生物学资料；不宜仅按英文俗名认作帝王蟹。
remaining_80pct,2863338,トランスアクスル,トランスアクスル,f209e1354t0,gloss,transaxle,,传动轴,transaxle 是发动机、变速器与驱动桥集成的传动总成，并非一般传动轴；中文术语可能为变速驱动桥或驱动桥，需按汽车技术词典确定。
remaining_80pct,2867394,ホドイモ,ホドイモ,f213e1021t0,gloss,groundnut (Apios fortunei),,地栗（福藤）,Apios fortunei 的中文植物名需核植物分类资料；“地栗（福藤）”可能混用别种的俗名，暂不擅自替换。
remaining_80pct,2869936,社会病質,しゃかいびょうしつ,f215e1884t0,gloss,sociopathy,,社会病态,sociopathy 在精神医学中并非独立正式诊断名；“社会病态”较直译，但若改为反社会人格障碍会过度等同 ASPD，需核术语规范后定。
remaining_80pct,1022390,インザホール,インザホール,f3e219t0,gloss,in the hole,,在洞中,in the hole在日语中可能为高尔夫入洞术语，须核对日文辞书用义后确定是否应改为入洞。
remaining_80pct,1066820,スーパーステーション,スーパーステーション,f6e1038t0,gloss,superstation,,超级车站,superstation疑指广域转播的电视台而非车站，须核对日文词条及广播术语标准译名。
remaining_80pct,1085210,トップボール,トップボール,f7e1689t0,gloss,top ball,,顶部球,トップボール可能为高尔夫打薄球等技术用语，英文top ball缺少上下文，须核实运动领域与义项。
remaining_80pct,1086050,トラペン,トラペン,f7e1811t0,gloss,transparency,,透明度,transparency可指透明正片，トラペン缩略词须核对摄影/投影用义，不宜仅据英文改为透明度。
remaining_80pct,1088070,ドエル,ドエル,f8e97t0,gloss,dwell,,居住,ドエル可能为机械停歇时间/闭合角相关dwell，须核对日语专业用义，居住疑误。
remaining_80pct,1089220,ドルユーザンス,ドルユーザンス,f8e271t0,gloss,dollar usance,,美元惯例,usance此处是美元贸易融资相关术语，惯例疑误；须核对ドルユーザンス具体融资形式与中文对应。
remaining_80pct,1118640,ヘブライズム,ヘブライズム,f10e713t0,gloss,Hebraism,,希伯来语特征,Hebraism可指希伯来文化精神，也可指希伯来语特征；须核对ヘブライズム的日语义项，原译疑误取语言学义。
remaining_80pct,1500170,蕗,ふき,f46e998t0,gloss,giant butterbur (Petasites japonicus),,大叶橐（Petasites japonicus）,植物中文规范名需核对权威植物志或分类数据库；当前译名“大叶橐”疑似不完整。
remaining_80pct,1500170,蕗,ふき,f46e998t1,gloss,Japanese sweet coltsfoot,,日本甜橐,Japanese sweet coltsfoot对应的中文植物名需核对权威植物志或分类数据库。
remaining_80pct,1524270,魔魅,まみ,f48e1416t0,gloss,deceiving spirit,,魅惑,魔魅的具体中文词义需核对日文词典语境；现译“魅惑”可能把实体名词误译为行为。
remaining_80pct,1627690,票読み,ひょうよみ,f61e546t1,gloss,announcing the number of votes cast (for each candidate),,估票,“逐候选人公布已投票数”的术语译法需结合具体选举流程核实，建议查日语辞典或选务资料。
remaining_80pct,1712090,野路子,のじこ,f69e1485t0,gloss,Japanese yellow bunting (Emberiza sulphurata),,黄头鹀,Emberiza sulphurata的中文规范种名需查权威鸟类名录；现译“黄头鹀”可能不准确。
remaining_80pct,1751070,浄罪,じょうざい,f73e668t0,gloss,cleansing of sins,,净罪,需核实“净罪”在该词条语境中的惯用佛教译名，现译可能不自然。
remaining_80pct,1814570,検波器,けんぱき,f79e1457t1,gloss,cymoscope,,示波器,cymoscope的准确中文仪器名称需查电子学词典或原始术语资料，不能确定是否等同示波器。
remaining_80pct,1814440,杉苔,すぎごけ,f79e1418t0,gloss,haircap moss,,发盖藓,haircap moss的中文植物学名需核对权威苔藓名录。
remaining_80pct,1824470,選科生,せんかせい,f80e1369t0,gloss,special student,,特别学生,special student在日本高校制度中的具体身份需查制度资料，现译“特别学生”含义不清。
remaining_80pct,1938380,小股掬い,こまたすくい,f89e1770t0,gloss,over-thigh scooping body drop,,小股掬,相扑招式小股掬的中文规范术语需查专业相扑术语表，英文释义描述了招式动作。
remaining_80pct,1952700,食分,しょくぶん,f91e382t0,gloss,phase of an eclipse,,日食或月食的阶段,天文语境中食分指食甚比例或食分数值，源英文phase of an eclipse可能不够精确；建议核对术语原文。
remaining_80pct,1971030,意識一般,いしきいっぱん,f92e1224t0,gloss,transcendental appreciation,,意识一般,哲学术语transcendental appreciation需核实是否指康德的先验统觉；现译“意识一般”缺少清楚对应。
remaining_80pct,2019400,サインイン,サインイン,f97e1052t0,gloss,sign-in,,签到,sign-in可指系统登录或活动签到，缺少领域上下文，建议确认该词条预期语境。
remaining_80pct,2072740,ノックバット,ノックバット,f102e1391t0,gloss,fungo bat,,击球棒,fungo bat指教练训练用的击球棒；准确中文专业叫法需查棒球术语资料。
remaining_80pct,2066890,犬椈,いぬぶな,f102e266t0,gloss,Japanese beech (Fagus japonica),,日本山毛榉（Fagus japonica）,Fagus japonica的中文规范种名需核对权威植物名录，以免与Fagus crenata混淆。
remaining_80pct,2147760,無答責,むとうせき,f110e520t1,gloss,absence of liability,,无责任,法律语境的absence of liability译法需结合词条语料核实，可能应为免责或不承担法律责任。
remaining_80pct,2173180,核外遺伝子,かくがいいでんし,f112e1700t0,gloss,plasmagene,,质粒基因,plasmagene的专业遗传学中文译名需查权威遗传学辞典，不能确定是质粒基因还是细胞质遗传因子。
remaining_80pct,2243260,ホイスト,ホイスト,f120e610t0,gloss,hoist,,吊球,hoist可指多种起重设备，需结合器械类型核实“吊球”是否准确。
remaining_80pct,2262770,伊集,いじゅ,f122e721t0,gloss,Chinese guger tree (Schima wallichii),,中国红楠（Schima wallichii）,Schima wallichii的规范中文名需查权威植物志；“中国红楠”可能指向其他树种。
remaining_80pct,2276810,畝須,うねす,f123e1652t0,gloss,"ridged whale meat used to make whale ""bacon""",,用于制作鲸肉“培根”的脊肉,畝須是鲸肉具体部位名，脊肉是否准确需查鲸肉分类或日语料理词典。
remaining_80pct,2342180,運転時間,うんてんじかん,f128e600t0,gloss,attended time,,运行时间,attended time是旧式计算机运行术语，含操作员在场或系统有人值守时段之意，需查领域词典确认。
remaining_80pct,2381180,納本図書館,のうほんとしょかん,f131e1629t0,gloss,deposit library,,缴存图书馆,deposit library指依法接收出版物呈缴本的图书馆，中文规范译名需查图书馆学资料。
remaining_80pct,2401170,鳴子百合,なるこゆり,f133e1319t0,gloss,Solomon's seal (Polygonatum falcatum),,铃兰,Polygonatum falcatum的规范中文植物名需查权威植物志；现译“铃兰”明显可能指错物种。
remaining_80pct,2425470,スタートラッカー,スタートラッカー,f136e274t0,gloss,star tracker,,星跟踪器,star tracker在航天语境常译星敏感器，但缺少该词条具体设备用途，需核实语境。
remaining_80pct,2460580,銀山猿子,ぎんざんましこ,f139e956t0,gloss,pine grosbeak (Pinicola enucleator),,松金翅雀（Pinicola enucleator）,Pinicola enucleator的规范中文鸟名需查权威鸟类名录，松金翅雀可能不规范。
remaining_80pct,2471570,オープンショップ,オープンショップ,f140e816t0,gloss,open shop,,开放式商店,open shop在工会与商业语境含义不同，缺少上下文无法判断“开放式商店”是否为劳资关系专用义。
remaining_80pct,2486880,ヘッドシザース,ヘッドシザース,f141e1115t0,gloss,head scissors (hold),,head scissors (hold),wrestling中的head scissors是专门锁技，中文名称需查摔跤术语表。
remaining_80pct,2487520,ハイドロ,ハイドロ,f141e1199t0,gloss,hydro,,氢,hydro是多义缩略语，需结合上下文确认是否指氢或其他专业概念。
remaining_80pct,2494440,リフィル,リフィル,f142e140t0,gloss,refill,,补充,refill作名词可指补充装、替换芯或再次加注，缺少对象无法定为单一译法。
remaining_80pct,2509510,割殻,われから,f143e513t0,gloss,skeleton shrimp (Caprella mutica),,骨架虾,Caprella mutica的规范中文物种名及“skeleton shrimp”译名需核对甲壳类名录。
remaining_80pct,2525940,草稿本,そうこうぼん,f144e1816t2,gloss,dummy comic book,,草稿本,dummy comic book的行业含义需结合出版/漫画制作语境核实，现译草稿本无法解释dummy。
remaining_80pct,2543660,サザナミヤッコ,サザナミヤッコ,f146e1134t1,gloss,Koran angelfish,,科兰神仙鱼,Koran angelfish的中文规范鱼名需核对海水鱼名录。
remaining_80pct,2543990,スクリブルドエンゼル,スクリブルドエンゼル,f146e1183t0,gloss,scribbled angelfish (Chaetodontoplus duboulayi),,scribbled神仙鱼（Chaetodontoplus duboulayi）,Chaetodontoplus duboulayi的中文规范种名需查鱼类名录，不能可靠确定scribbled的译名。
remaining_80pct,2550970,ナメラハギ,ナメラハギ,f147e294t0,gloss,"chronixis surgeonfish (Acanthurus chronixis, Western-Pacific species of tang from Kapingamarangi in the Caroline Islands)",,慢性外科鱼,Acanthurus chronixis的规范中文鱼名需核对分类名录，当前“慢性外科鱼”明显为误译。
remaining_80pct,2595950,良かれ,よかれ,f151e767t0,gloss,all for the best,,皆好,all for the best在此缺少句子语境，需判定是“最好”还是“一切都会好起来”的含义。
remaining_80pct,2704100,トガリネズミ目,トガリネズミもく,f162e40t0,gloss,Soricomorpha,,鼱形目,Soricomorpha的中文分类名称随分类系统变化，需核对采用的分类方案及规范译名。
remaining_80pct,2771580,内衣,ないえ,f168e901t0,gloss,monk's waist robe,,僧人腰衣,Buddhist monk's waist robe指僧衣具体部件，中文规范名可能是僧裙或下裙，需查佛教服饰辞典。
remaining_80pct,2843480,クッバ,クッバ,f190e1785t0,gloss,kibbeh,,库布,kibbeh有基贝、库贝等多种音译，现译库布疑不规范；需核对常见中文菜单或食品术语后定名。
remaining_80pct,2856279,受託事業,じゅたくじぎょう,f202e1700t1,gloss,contractor,,承包商,受託事業意为受托业务，英语contractor却指承包方，义项类型不匹配；需核对源词条是否将相关词义误并。
remaining_80pct,2866763,アルベゾン閃石,アルベゾンせんせき,f212e1762t0,gloss,arfvedsonite,,阿尔贝松闪石,arfvedsonite的中文矿物名需核对矿物学规范译名，现有“阿尔贝松闪石”疑为音译不准。
remaining_80pct,1016330,アセンブリ,アセンブリ,f2e1356t0,gloss,assembly,,汇编,assembly独立于后列汇编语言义项，需核实此义是装配、集会还是计算机汇编后定译。
remaining_80pct,1070170,スチールファイル,スチールファイル,f6e1561t0,gloss,steel file,,钢锉,スチールファイル可能指钢制文件柜而非钢锉，需核对日语原词典用例。
remaining_80pct,1080480,テレテックス,テレテックス,f7e987t0,gloss,teletex,,电传,Teletex与Telex为不同通信服务，需核实标准中文术语能否仅作电传。
remaining_80pct,1099130,バッターインザホール,バッターインザホール,f8e1720t0,gloss,batter in the hole,,棒垒球击球手,batter in the hole指特定候击顺位，原译笼统为击球手；需查证第二位候击员的规范中文名称。
remaining_80pct,1129700,マルチコーディネーション,マルチコーディネーション,f11e372t0,gloss,multicoordination,,多协调,multicoordination原译多协调不清楚，需核实日语是否属于服饰搭配术语。
remaining_80pct,1144800,レギュラーチェーン,レギュラーチェーン,f12e496t0,gloss,regular chain store,,连锁商店,regular chain通常指直营连锁，需核实日语商业词典是否排除特许连锁。
remaining_80pct,1243050,金属間,きんぞくかん,f21e1570t0,gloss,intermetallic,,金属间化合物,intermetallic字面为金属间的，现译限定为化合物；需核实日语金属間是否确为金属間化合物的省称。
remaining_80pct,1247700,軍医監,ぐんいかん,f22e483t0,gloss,surgeon major general,,军医总监,surgeon major general指军医少将等级，但军医监涉及历史军阶，需核实适用国别和译名。
remaining_80pct,1319400,七草,ななくさ,f29e83t1,xref,"seven vernal flowers (Java water dropwort, shepherd's purse, Jersey cudweed, common chickweed, Japanese nipplewort, turnip, and daikon)",,七种春草（紫苏、繁缕、繁缕属、繁缕属、繁缕属、萝卜、白萝卜）,春之七草的植物中文名清单明显与英文物种名不符；需逐一核对七种植物的分类对应及规范中文名后再修正。
remaining_80pct,1319400,七草,ななくさ,f29e83t4,xref,"seven autumnal flowers (bush clover, Chinese silvergrass, kudzu, fringed pink, golden lace, thoroughwort, and balloon flower)",,七种秋草（紫苏、繁缕、葛、繁缕属、繁缕属、繁缕属、繁缕属）,秋之七草的中文物种名清单与英文名称似乎不符；需核对 golden lace、thoroughwort 等植物的具体物种和规范中文名。
remaining_80pct,1319400,七草,ななくさ,f29e83t7,xref,Feast of the Seven Herbs of Health (one of the five seasonal festivals; celebrated on the seventh day of the seventh month in the lunar calendar),,七草节（五大节日之一；在农历七月初七庆祝）,英文对节日日期的说明可能存在原文问题（七月七日与七草节关联可疑）；需核对日文词条/节日资料后确定。
remaining_80pct,1410090,対症,たいしょう,f38e13t0,gloss,specific (e.g. antibody),,特异性（如抗体）,“対症”的源义与英文 specific (e.g. antibody) 对应不清，需核对此术语在免疫学中的用法及原词条释义后确定中文译法。
remaining_80pct,1479860,半病人,はんびょうにん,f44e1428t0,gloss,semi-invalid,,半病,半病人是少见说法，需核实该词在日语中的具体语义及中文惯用对应后决定是否改为“半病号”等。
remaining_80pct,1515250,菩提樹,ぼだいじゅ,f47e1892t0,gloss,Tilia miqueliana (species of linden tree),,日本椴（椴树的一种）,Tilia miqueliana 的中文标准植物名需核对；现译“日本椴”可能不是该物种的规范中文名。
remaining_80pct,1627910,犬黄楊,いぬつげ,f61e590t0,gloss,Japanese holly (Ilex crenata),,日本冬青（Ilex crenata）,Ilex crenata 的规范中文植物名需核实；现译“日本冬青”可能与常见中文名“龟甲冬青”等不一致。
remaining_80pct,1629140,電子送稿システム,でんしそうこうシステム,f61e853t0,gloss,Electronic Data Interchange,,电子数据交换,词头“电子送稿系统”与英文“Electronic Data Interchange”语义不完全一致，需核对词条来源及该缩写在日文语境中的定义后确定。
remaining_80pct,1673700,無償信託,むしょうしんたく,f65e1744t0,gloss,naked trust,,无担保信托,naked trust 是普通法信托术语，现译“无担保信托”可能与 bare trust 的法律含义不符；需查权威法律资料确定中文译名。
remaining_80pct,1712120,野駒,のごま,f69e1492t0,gloss,Siberian rubythroat (Luscinia calliope),,Siberian rubythroat,Luscinia calliope 的规范中文鸟名需要查证后再写；当前保留英文未完成中文化。
remaining_80pct,1744200,小袖,こそで,f72e1159t1,gloss,padded silk garment,,衬垫丝绸衣物,小袖的 padded silk garment 在该义项中具体指哪种历史服装需核实后再确定中文术语。
remaining_80pct,1919980,シルフ,シルフ,f88e468t0,gloss,sylph,,精灵,sylph 是西方神话中与空气相关的精灵，现译“精灵”过于宽泛；需确定采用音译“西尔芙”还是加注“风精灵”。
remaining_80pct,1953170,舌平目,したびらめ,f91e460t0,gloss,sole (any fish of the families Cynoglossidae and Soleidae),,鲽鱼,该词泛指舌鳎科与鳎科鱼类，现译“鲽鱼”可能与鲽科混淆；需核对中文鱼类分类中的通称后决定。
remaining_80pct,1953170,舌平目,したびらめ,f91e460t1,xref,② sole (any fish of the families Cynoglossidae and Soleidae),,② 鲽鱼,xref 同样将 sole 译作“鲽鱼”，需核对此英文鱼类通称在中文中的规范对应。
remaining_80pct,1991350,軍人予備裁判所,ぐんじんよびさいばんしょ,f94e1140t0,gloss,court of inquiry,,军人预审法庭,court of inquiry 是军事调查程序/调查机构的译名，现译“军人预审法庭”可能混淆审前程序和调查庭；需核对该特定机构制度后确定。
remaining_80pct,2034140,精神神経,せいしんしんけい,f98e1742t1,gloss,psychoneurotic,,精神神经病,psychoneurotic 是精神神经相关形容词/病症术语，现译“精神神经病”词性及语义不完整；需核对准确医学对应。
remaining_80pct,2066910,糊空木,のりうつぎ,f102e270t1,gloss,peegee hydrangea,,peegee绣球,Peegee hydrangea 是圆锥绣球的园艺名称；需确认是否应采用中文通行名“圆锥绣球”或保留品种名音译。
remaining_80pct,2076970,崇まふ,あがまう,f103e140t2,example,She's basically clumsy so ... I guess she looks up to that sort of thing.,基本的に、不器用な人だから・・・それが崇っているんだろう。,基本上，她是个笨拙的人……大概是在敬仰那种东西吧。,该例句的日文「それが崇っているんだろう」与英文、词头义项关系不清，疑似源例句或标注错配；需核对源词条后再修。
remaining_80pct,2076970,崇ふ,あがまう,f103e141t2,example,She's basically clumsy so ... I guess she looks up to that sort of thing.,基本的に、不器用な人だから・・・それが崇っているんだろう。,她基本上是个笨手笨脚的人……大概就是这样崇拜的吧。,该例句的日文「それが崇っているんだろう」与英文、词头义项关系不清，疑似源例句或标注错配；需核对源词条后再修。
remaining_80pct,2074700,ポートレート,ポートレート,f102e1703t1,example,First thing today there's an appointment for a portrait ... what do you say? Will you try doing it as a test?,今日(きょう)、朝(あさ)一(いち)でポートレートの予(よ)約(やく)が入(はい)っているんだが・・・どうだ？試(ため)しにやってみるか？,今天一早就有肖像的预约……怎么样？试着做一下吗？,portrait appointment 的场景可能指肖像摄影预约，但当前中文“肖像的预约”缺少上下文；需确认是肖像画委托还是摄影预约后再润色。
remaining_80pct,2139340,後ろもたれ,うしろもたれ,f109e756t0,gloss,backward lean out,,后倾出,后ろもたれ是相扑技术描述，英文 backward lean out 与现译“后倾出”均不够清楚；需查相扑术语中的正式动作名称后确定中文。
remaining_80pct,2198330,赤芽球症,せきがきゅうしょう,f115e738t0,gloss,erythroblastosis (abnormal presence of erythroblasts in the blood),,红血球症（血液中异常存在红血球）,erythroblastosis 的中文规范医学名称需核实；“红血球症”把 erythroblast（成红细胞）泛化成成熟红细胞。
remaining_80pct,2198330,赤芽球症,せきがきゅうしょう,f115e738t1,xref,erythroblast,,红血球,xref erythroblast 应对应成红细胞/红细胞母细胞，不是一般“红血球”；需核实规范中文医学术语。
remaining_80pct,2200170,苔類,たいるい,f115e1162t1,gloss,hepatics (non-vascular plants of order Marchantiophyta),,肝藓类植物（苔藓植物门中无维管组织的植物，属于 Marchantiophyta 目）,肝苔类植物与 Marchantiophyta 的中文分类阶元需核实；当前说“目”可能把门级分类误作目。
remaining_80pct,2198730,アメリカ水芭蕉,アメリカみずばしょう,f115e837t0,gloss,yellow skunk cabbage (Lysichiton americanum),,黄臭菀（Lysichiton americanum）,Lysichiton americanum 的规范中文植物名需核实；现译“黄臭菀”疑为错字或非通行译名。
remaining_80pct,2209110,茶筅羊歯,ちゃせんしだ,f116e981t0,gloss,maidenhair spleenwort (Asplenium trichomanes),,茶筅羊齿（一种蹄铁草属植物）,Asplenium trichomanes 的中文植物名需核实；目前按日文直译“茶筅羊齿”可能不是规范中文名。
remaining_80pct,2209550,空気袋,くうきぶくろ,f116e1063t3,gloss,windbag,,风袋,windbag 可能是字面风袋，也可能是指话多的人；需结合该日语词条此义的原始语料核实后确定中文。
remaining_80pct,2222930,ブームスラング,ブームスラング,f118e322t0,gloss,boomslang (Dispholidus typus),,布姆蛇（Dispholidus typus）,Dispholidus typus 的规范中文蛇名需核实；现译“布姆蛇”仅音译，可能存在通行中文名。
remaining_80pct,2227830,エキウム,エキウム,f118e1297t0,gloss,echium (flower),,琉璃苣（花卉）,Echium 属与琉璃苣（Borago）并非同属植物；需核对 flower 在此指该属植物的规范中文名后再修正。
remaining_80pct,2254510,羽白海鳩,はじろうみばと,f121e957t0,gloss,black guillemot (Cepphus grylle),,黑海鸠（Cepphus grylle）,Cepphus grylle 的规范中文鸟名需核实；同组异写目前分别译作“黑海鸠”和“黑海鸦”。
remaining_80pct,2254510,羽白海鳩,はじろうみばと,f121e957t1,gloss,tystie,,黑海鸠,tystie 是 black guillemot 的别名，需核实其中文名与该物种一致。
remaining_80pct,2254510,ハジロウミバト,ハジロウミバト,f121e958t0,gloss,black guillemot (Cepphus grylle),,黑海鸦（Cepphus grylle）,Cepphus grylle 的规范中文鸟名需核实；同组异写目前分别译作“黑海鸠”和“黑海鸦”。
remaining_80pct,2254510,ハジロウミバト,ハジロウミバト,f121e958t1,gloss,tystie,,黑海鸦,tystie 是 black guillemot 的别名，需核实其中文名与该物种一致。
remaining_80pct,2263290,黒木蔦,くろきづた,f122e841t0,gloss,Caulerpa scalpelliformis (species of green alga),,黑木藤（Caulerpa scalpelliformis，一种绿藻）,Caulerpa scalpelliformis 的规范中文藻类名需核实；“黑木藤”是日文词头直译，可能不是标准名。
remaining_80pct,2265240,河原撫子,かわらなでしこ,f122e1245t0,gloss,large pink (Dianthus superbus var. longicalycinus),,大石竹（Dianthus superbus var. longicalycinus）,Dianthus superbus var. longicalycinus 的规范中文植物名需核实；现译“大石竹”可能不够准确。
remaining_80pct,2303180,スキマー,スキマー,f125e1050t0,gloss,skimmer,,撇除器,computing 语境中的 skimmer 具体指何种设备需核对；“撇除器”可能只是字面翻译。
remaining_80pct,2310540,データ送信装置,データそうしんそうち,f126e57t0,gloss,data source,,数据源,日文词头意为数据发送装置，英文却是 data source（数据源），两者语义不一致，需核对词条来源后处理。
remaining_80pct,2318400,バー印字装置,バーいんじそうち,f126e1180t0,gloss,bar printer,,条形码打印机,bar printer 是特定打印技术/设备名，现译“条形码打印机”可能误把 bar 理解为 barcode；需查该术语在计算机打印设备中的具体定义后再译。
remaining_80pct,2400700,虫狩,むしかり,f133e1213t1,gloss,Viburnum furcatum,,Viburnum furcatum,Viburnum furcatum 的规范中文种名需核实；当前保留学名，避免猜测。
remaining_80pct,2420760,チャービル,チャービル,f135e1403t0,gloss,chervil (Anthriscus cerefolium),,香菜（Anthriscus cerefolium）,Anthriscus cerefolium（chervil）的规范中文名需核实；现译“香菜”通常指 cilantro，可能是近似外观导致的误译。
remaining_80pct,2434540,顎脚,がっきゃく,f137e34t1,gloss,gnathopod,,颚足,gnathopod 与 maxilliped 是不同附肢类型，需核实 gnathopod 的标准中文名；现译“颚足”可能与 maxilliped 混淆。
remaining_80pct,2444610,待兼鰐,まちかねわに,f137e1892t0,gloss,Toyotamaphimeia machikanensis (Japanese fossil species of crocodilian),,日本化石鳄鱼类,Toyotamaphimeia machikanensis 的规范中文物种名需核实；现译只说明“日本化石鳄鱼类”，没有对应物种名。
remaining_80pct,2444610,マチカネワニ,マチカネワニ,f137e1893t0,gloss,Toyotamaphimeia machikanensis (Japanese fossil species of crocodilian),,日本化石鳄鱼物种,Toyotamaphimeia machikanensis 的规范中文物种名需核实；现译只说明“日本化石鳄鱼物种”，没有对应物种名。
remaining_80pct,2452480,冬苺,ふゆいちご,f138e1508t0,gloss,Rubus buergeri (species of raspberry),,Rubus buergeri（覆盆子的一种）,Rubus buergeri 的规范中文植物名需核实；现译只保留拉丁名和宽泛分类说明。
remaining_80pct,2459290,オイル語,オイルご,f139e763t0,gloss,langue d'oil,,瓦勒语,langue d'oïl 指法语历史语言群（奥依语），现译“瓦勒语”可能不准确，需核对规范中文名称。
remaining_80pct,2469510,ハンドログ,ハンドログ,f140e468t0,gloss,hand log,,手日志,hand log 的具体对象/设备含义缺少上下文，现译“手日志”疑为逐字翻译；需核对词条来源。
remaining_80pct,2478900,ベーラム,ベーラム,f140e1969t0,gloss,bay rum,,月桂叶,bay rum 是含月桂等香料的古龙水/须后水类产品，不是“月桂叶”；需核实对应商品术语后确定译名。
remaining_80pct,2486890,ヘッドルーム,ヘッドルーム,f141e1117t0,gloss,head-room,,head-room,headroom 在工程、音频和空间语境分别可指净空、余量等；当前保留英文，需明确具体义项后再译。
remaining_80pct,2490130,モルダー,モルダー,f141e1558t0,gloss,molder,,模具,molder 可指成型设备、模具工或成型者；现译“模具”可能词性/词义不符，需核实上下文。
remaining_80pct,2472210,ポケットモンキー,ポケットモンキー,f140e908t0,gloss,pocket monkey,,口袋猴,pocket monkey 缺少语境，可能是动物俗名或产品名称；“口袋猴”需核实后再决定是否意译。
remaining_80pct,2519760,ゴンパ,ゴンパ,f144e566t0,gloss,gompa (Tibetan Buddhist ecclesiastical building),,贡帕,gompa 的规范中文音译/佛教建筑译名需核实；现译“贡帕”可能不符合汉藏佛教常用名称。
remaining_80pct,2522420,トライフル,トライフル,f144e1107t0,gloss,trifle,,三鲜奶油蛋糕,trifle 是英式分层甜点，现译“三鲜奶油蛋糕”可能引起中式三鲜馅料的误解；需确定采用“英式水果奶油甜点”等中文名称。
remaining_80pct,2527990,児童館,じどうかん,f145e184t1,gloss,child welfare residential facility,,儿童福利住宅设施,児童館指面向儿童的活动/福利设施，英文却写 residential facility（住宿设施）；需核对英文源义后确定中文。
remaining_80pct,2529570,バイコレーター,バイコレーター,f145e479t0,gloss,bicycle escalator (slim conveyor belt beside a flight of stairs),,自行车电梯（楼梯旁的窄传送带）,bicycle escalator 是楼梯旁供自行车使用的窄传送带，现译“自行车电梯”可能误解为封闭升降电梯；需核实常用中文设备名。
remaining_80pct,2534890,ベタ組み,ベタぐみ,f145e1496t0,gloss,solid printing,,整版印刷,printing 语境中的 solid printing 具体指无间隔排版/满版排字，现译“整版印刷”可能不是该术语的规范中文。
remaining_80pct,2545740,ブラックテールラス,ブラックテールラス,f146e1459t0,gloss,blacktail wrasse (Thalassoma ballieui),,黑尾锦鱼（Thalassoma ballieui）,Thalassoma ballieui 的规范中文鱼名需核实；现译“黑尾锦鱼”可能为描述性译名。
remaining_80pct,2545740,ブラックテールラス,ブラックテールラス,f146e1459t1,gloss,Ballieu's wrasse,,巴利锦鱼,Ballieu's wrasse 的规范中文名需核实，避免将人名音译误当鱼类通名。
remaining_80pct,2546270,アークティックスタッグホーンスカルピン,アークティックスタッグホーンスカルピン,f146e1565t0,gloss,Arctic staghorn sculpin (Gymnocanthus tricuspis),,北极石角鱼（Gymnocanthus tricuspis）,Gymnocanthus tricuspis 的规范中文鱼名需核实；现译“北极石角鱼”可能不是通行分类名。
remaining_80pct,2550110,ムラサキズキンベニハゼ,ムラサキズキンベニハゼ,f147e159t0,gloss,Trimma imaii (species of goby found in Japan),,日本紫金红虾虎鱼,Trimma imaii 的规范中文鱼名需核实；现译“紫金红虾虎鱼”可能不规范。
remaining_80pct,2551590,テンジクザメ属,テンジクザメぞく,f147e398t0,gloss,Chiloscyllium (genus of carpet sharks or bamboo sharks),,长尾毯鲨属（Chiloscyllium）,Chiloscyllium 属的规范中文属名需核实；“长尾毯鲨属”可能不准确。
remaining_80pct,2553050,チヒロザメ属,チヒロザメぞく,f147e622t0,gloss,Pseudotriakis (genus of ground sharks whose sole member is the false catshark),,假猫鲨属（底鲨属，仅包含一种假猫鲨）,Pseudotriakis 属的规范中文名称需核实；“底鲨属”可能是对 ground shark 的字面误译。
remaining_80pct,2635580,河鰉,かわひがい,f155e560t0,gloss,Sarcocheilichthys variegatus variegatus (subspecies of cyprinid),,鲃鱼,Sarcocheilichthys variegatus variegatus 的标准中文鱼名需核实；现译“鲃鱼”过于宽泛。
remaining_80pct,2637200,蛇銀宝,へびぎんぽ,f155e902t0,gloss,Enneapterygius etheostomus (species of threefin blenny),,蛇银宝,Enneapterygius etheostomus 的中文种名需核实；同组异写目前出现“蛇银宝/蛇银鳚”。
remaining_80pct,2637200,ヘビギンポ,ヘビギンポ,f155e903t0,gloss,Enneapterygius etheostomus (species of threefin blenny),,蛇银鳚,Enneapterygius etheostomus 的规范中文种名需核实；当前“蛇银鳚”可能只是直译俗名。
remaining_80pct,2649150,名乗り座,なのりざ,f156e1344t0,gloss,upstage right (on a noh stage),,名号座（能乐舞台上的右上位置）,名乗り座是能舞台专用方位/位置名称，需核对规范中文舞台术语；现译“名号座”可能误解词面。
remaining_80pct,2667930,人間ドラマ,にんげんドラマ,f158e1072t0,gloss,human drama,,人间戏剧,human drama 的中文需结合作品/媒体上下文确定；“人间戏剧”目前较像直译。
remaining_80pct,2698380,メラーマングース属,メラーマングースぞく,f161e868t0,gloss,Rhynchogale (genus containing Meller's mongoose),,（包含梅勒尔獴的属）,Rhynchogale 属的通行中文属名需核实；当前只解释其包含梅勒尔獴，未给出属名译文。
remaining_80pct,2698890,空間線量,くうかんせんりょう,f161e952t0,gloss,air dose (esp. radioactivity),,空气剂量（尤其指放射性）,空间线量的中文辐射防护术语需核实；英文 air dose 与日文“空间线量”所指测量量不完全明确。
remaining_80pct,2698890,空間線量,くうかんせんりょう,f161e952t1,xref,air dose rate (esp. radioactivity),,空气剂量率（尤其指放射性）,xref air dose rate 的中文规范名称需核实，并确认应对应空间剂量率还是空气吸收剂量率。
remaining_80pct,2705190,ミクソゾア門,ミクソゾアもん,f162e252t0,gloss,Myxozoa (phylum of parasitic animals),,混合动物门,Myxozoa 的规范中文分类名需核实；“混合动物门”可能是按词源直译而非采用通行分类译名。
remaining_80pct,2718950,ユビナガガエル科,ユビナガガエルか,f163e942t0,gloss,Leptodactylidae (family of frogs),,Leptodactylidae（蛙科）,Leptodactylidae 的规范中文科名需核实；现译直接保留拉丁名，括注“蛙科”过于宽泛。
remaining_80pct,2788640,東アメリカ扇歯鯨,ひがしアメリカおうぎはくじら,f170e308t0,gloss,Gervais' beaked whale (Mesoplodon europaeus),,格罗夫斯喙鲸（欧洲喙鲸）,Mesoplodon europaeus 的中文俗名需核实；“格罗夫斯/格瓦斯氏喙鲸”是不同译写，宜查标准海洋哺乳动物名录后统一。
remaining_80pct,2788640,東アメリカ扇歯鯨,ひがしアメリカおうぎはくじら,f170e308t1,gloss,Antillian beaked whale,,安地列斯喙鲸,Antillian beaked whale 的规范中文名需核实，避免误译成地名音译。
remaining_80pct,2788640,ヒガシアメリカオウギハクジラ,ヒガシアメリカオウギハクジラ,f170e309t0,gloss,Gervais' beaked whale (Mesoplodon europaeus),,格瓦斯氏喙鲸（欧洲喙鲸）,Mesoplodon europaeus 的规范中文俗名需核实；同组另一异写采用不同的人名译法。
remaining_80pct,2788640,ヒガシアメリカオウギハクジラ,ヒガシアメリカオウギハクジラ,f170e309t1,gloss,Antillian beaked whale,,安地列斯喙鲸,Antillian beaked whale 的规范中文名需核实。
remaining_80pct,2788640,ヒガシアメリカオウギハクジラ,ヒガシアメリカオウギハクジラ,f170e309t2,gloss,Gulf Stream beaked whale,,墨西哥湾暖流喙鲸,Gulf Stream beaked whale 的规范中文名需核实，现译“墨西哥湾暖流喙鲸”可能过度直译。
remaining_80pct,2800750,秩父蝙蝠,ちちぶこうもり,f171e866t0,gloss,Asian barbastelle (Barbastella leucomelas),,亚洲蝙蝠（Barbastella leucomelas）,Barbastella leucomelas 的规范中文蝙蝠名需核实；现译“亚洲蝙蝠”过于宽泛。
remaining_80pct,2828957,青の栂桜,あおのつがざくら,f176e1805t0,gloss,Aleutian mountainheath (Phyllodoce aleutica),,阿留山帚石南（*Phyllodoce aleutica*）,Phyllodoce aleutica 的规范中文植物名需核对权威植物名录；现译“阿留山帚石南”音译构词可疑，暂不擅改。
remaining_80pct,2829772,シラタキベラ,シラタキベラ,f177e1332t2,gloss,Sander's parrotfish,,桑德斯鹦嘴鱼,Sander's parrotfish 与同条其他英文别名 Philippines wrasse / Pseudocoris bleekeri 是否同物异名需查鱼类分类名录；现译中文鱼名可能不对应该英文名。
remaining_80pct,2828228,無目,むめ,f176e257t0,gloss,transom,,过梁,建筑术语 transom 在不同构造中可指横档、气窗或门上亮窗，需结合日文词条用例/建筑名词资料确认具体中文对应。
remaining_80pct,2828228,無目,むめ,f176e257t1,gloss,fanlight,,过梁窗,fanlight 的建筑中文译名依形制和位置而异，宜核实是否应作气窗、扇形亮窗等，暂不强行统一为“过梁窗”。
remaining_80pct,2831117,片切スイッチ,かたぎりスイッチ,f179e5t1,gloss,one-way switch (UK),,单向开关（英国）,英国 one-way switch 对应的中文电气安装术语可能是单控开关，需结合区域术语核实；暂保留现译。
remaining_80pct,2831117,片切スイッチ,かたぎりスイッチ,f179e5t2,gloss,two-way switch (US),,两向开关（美国）,该词义的美国 two-way switch 与片切开关的电路对应关系似有冲突，需核实源词条/地区开关命名体系。
remaining_80pct,2831117,片切スイッチ,かたぎりスイッチ,f179e5t3,xref,two-way switch (UK); three-way switch (US),,两向开关（英国）；三向开关（美国）,英国 two-way switch/美国 three-way switch 的地区电工术语对应需核实后再定中文译名。
remaining_80pct,2831117,片切スイッチ,かたぎりスイッチ,f179e5t4,xref,intermediate switch (UK); crossover switch (UK); four-way switch (US),,中间开关（英国）；交叉开关（英国）；四路开关（美国）,intermediate/crossover/four-way switch 的地区命名与中文多控开关术语需核实，暂不改动。
remaining_80pct,2831813,花大根,はなだいこん,f179e1351t1,gloss,dame's rocket,,女士火箭,Hesperis matronalis 的规范中文植物名及不同英文别名的对应需查植物名录；现有“女士火箭”等为直译，暂不猜改。
remaining_80pct,2831813,花大根,はなだいこん,f179e1351t2,gloss,dame's violet,,女士紫罗兰,dame's violet 的规范中文名需核对植物名录，现译疑为不自然直译。
remaining_80pct,2831813,花大根,はなだいこん,f179e1351t3,gloss,damask violet,,大马士革紫罗兰,damask violet 是否为 Hesperis matronalis 的别名及规范中文译名需核验。
remaining_80pct,2831813,花大根,はなだいこん,f179e1351t4,gloss,Chinese violet cress (Orychophragmus violaceus),,中国紫罗兰菜（Orychophragmus violaceus）,Orychophragmus violaceus 与条目日文词头/另一义项的关联可能是不同植物名，需核查来源关系及标准中文名。
remaining_80pct,2835786,生活語,せいかつご,f183e983t0,gloss,private-sphere language,,私域语言,private-sphere language 是社会语言学专门用语，需结合原日文定义核实“私域语言”是否为通行译名。
remaining_80pct,2839912,江戸芸者,えどげいしゃ,f187e1088t1,info,geisha living and working inside Edo (not one of the red-light districts on its outskirts),,居住在江户城内（而非其周边红灯区）并在此工作的艺伎,江户城内与江户市域的历史范围表述需核对；英文说明存在潜在地理/历史表述歧义，暂不改。
remaining_80pct,2840014,唇形,しんけい,f187e1325t0,gloss,labiate,,唇形,labiate 作为植物形态/分类术语的规范中文对应需结合原文语法确认是“唇形的”还是唇形科相关义。
remaining_80pct,2840637,犬走り,いぬばしり,f188e498t0,gloss,scarcement,,檐廊,建筑术语 scarcement 的具体构造与规范中文译名需核实；“檐廊”似与英文释义不符，暂不擅改。
remaining_80pct,2840637,犬走り,いぬばしり,f188e498t1,gloss,berm,,护墙,犬走り的日式建筑/地形用法可能指建筑周边狭长地带或坡脚平台，需结合词源和图示确定 berm 的译法。
remaining_80pct,2840637,犬走り,いぬばしり,f188e498t2,gloss,ledge,,台,ledge 是通用译释，但该建筑词的具体中文术语需结合构造资料核对。
remaining_80pct,2842606,倭色,ウェセク,f190e164t0,gloss,Japanese style,,日式风格,该词标注韩语词源与贬义，但英文释义仅写 Japanese style；需核实贬义语用及释义是否完整，暂不臆改。
remaining_80pct,2844784,利権ビジネス,りけんビジネス,f192e182t0,gloss,company granted a concession,,特许经营企业,利権ビジネス的专门/政治语境含义不清；英文 company granted a concession 与日文词头可能不匹配，需查证源条目后再改。
remaining_80pct,2844784,利権ビジネス,りけんビジネス,f192e182t1,gloss,concessionaire,,特许经营商,concessionaire 一般为特许经营者，但该义与利権ビジネス词头是否吻合需核对源条目关系。
remaining_80pct,2844960,キープレート,キープレート,f192e488t0,gloss,key plate,,主版,printing 中 key plate 的规范印刷术语需核对；“主版”是否对应该术语不能仅凭字面确认。
remaining_80pct,2843487,蝦夷小桜,えぞこざくら,f190e1802t1,gloss,pixie-eye primrose,,精灵眼报春,pixie-eye primrose 的规范中文植物名需查植物名录；暂保留直译以避免误定物种名。
remaining_80pct,2846501,メルド,メルド,f193e1166t0,gloss,"meld (in rummy, etc.)",,meld（在拉米等游戏中）,meld 在拉米等牌类游戏中有专门玩法义，需查中文游戏术语后确定是否用“成组/组合牌”等译法，暂保留原文术语。
remaining_80pct,2850334,導手,どうしゅ,f197e376t0,gloss,conductor (class field theory),,导手（类域论）,class field theory 中 conductor 的规范中文数学术语需核对；“导手”可能是专业译名，暂不擅改。
remaining_80pct,2849606,わ印,わじるし,f196e1012t2,note,from the わ in 笑い絵,,源自“笑画”中的“わ”,注释说明“わ”源自古语/术语“笑い絵”；中文译名“笑画”是否为通行专名需核实，暂保留。
remaining_80pct,2849606,ワ印,ワじるし,f196e1014t2,note,from the わ in 笑い絵,,源自“笑い絵”中的“わ”,同组异写对应的词源注释使用日语原词，宜统一确认“笑い絵”的标准中文术语后再处理。
remaining_80pct,2853834,熱価,ねっか,f200e1199t0,gloss,heat range (of a spark plug),,火花塞热范围,spark-plug heat range 的标准中文术语需核实，不同资料称热值/热范围；暂不武断修改。
remaining_80pct,2855486,ヒドリド錯体,ヒドリドさくたい,f202e283t0,gloss,hydrido complex,,氢化物络合物,hydrido complex 的协调化学中文术语可能是氢合物配合物等，需查专业术语表后确认。
remaining_80pct,2856696,コーパル油,コーパルゆ,f203e437t0,gloss,copal oil,,松香油,copal 是柯巴脂/硬树脂，不一定等于松香；copal oil 的规范化学/涂料中文名需核实，暂不将松香油擅改。
remaining_80pct,2859597,石台,せきだい,f206e120t0,gloss,rectangular flower pot,,长方形花盆,石台读音与“长方形花盆”的对应关系较特殊，需核查日文词条原始义项或园艺术语来源。
remaining_80pct,2861164,丹桂,たんけい,f207e1134t0,gloss,golden osmanthus (Osmanthus fragrans),,桂花,Osmanthus fragrans 的品种“golden osmanthus”与中文桂花品种名（金桂/丹桂）对应需依据植物分类来源核实。
remaining_80pct,2865558,アイゾメヤドクガエル,アイゾメヤドクガエル,f211e1502t0,gloss,dyeing poison dart frog (Dendrobates tinctorius),,染色箭毒蛙（Dendrobates tinctorius）,Dendrobates tinctorius 的标准中文俗名需查权威两栖动物名录；“染色箭毒蛙”可能是直译，暂不猜改。
remaining_80pct,2866214,蜜標,みつひょう,f212e762t1,gloss,pollen guide,,蜜导,pollen guide 与 nectar guide / flower guide 的植物学中文译名可能有区别，现统一“蜜导”需专业植物学术语核验。
remaining_80pct,2866214,蜜標,みつひょう,f212e762t2,gloss,flower guide,,蜜导,flower guide 的规范中文术语需核实，可能泛指花部引导标记，暂不改。
remaining_80pct,2867375,カラスザンショウ,カラスザンショウ,f213e981t0,gloss,ailanthus-like prickly ash (Zanthoxylum ailanthoides),,臭椿状花椒（Zanthoxylum ailanthoides）,Zanthoxylum ailanthoides 的标准中文植物名需查植物分类名录；当前按英文作“臭椿状花椒”可能是描述性直译。
remaining_80pct,2870211,何ちゃん,なにちゃん,f216e635t0,gloss,what name (esp. of a young female),,何酱（指年轻女性）,何ちゃん的特殊称呼语用及中文对应不清，需核实语境后决定是音译昵称还是泛称。
remaining_80pct,2871956,阿毘羅吽欠蘇婆訶,あびらうんけんそわか,f218e199t1,xref,Vairocana; Mahavairocana (Bliss Body of the historical Gautama Buddha); Dainichi Buddha; Nyorai Buddha,,Vairocana；Mahavairocana（历史 Gautama 佛陀的报身）；Dainichi 佛；Nyorai 佛,此佛教 xref 含多个梵文/日文名称，中文佛教规范译名及“历史佛陀报身”的描述需核对佛典术语来源；暂不调整。
remaining_80pct,1014370,アイドルシステム,アイドルシステム,f2e1038t0,gloss,idle system,,闲置系统,需核实 idle system 的具体行业指代，现译过于直译。
remaining_80pct,1024930,ウーステッド,ウーステッド,f3e586t0,gloss,worsted,,精梳羊毛,需核实日语ウーステッド指精纺毛纱还是精纺毛织物。
remaining_80pct,1069240,スターガイド,スターガイド,f6e1412t0,gloss,star guide,,星向导,需核实 star guide 指观星指南、器械还是其他名称，现译星向导可疑。
remaining_80pct,1081490,デーライトスクリーン,デーライトスクリーン,f7e1143t0,gloss,daylight screen,,日光屏幕,需核实 daylight screen 的投影技术中文术语。
remaining_80pct,1182010,黄梢,こうしょう,f15e1886t0,gloss,spring of yellow buds,,黄色花蕾,英文 spring of yellow buds 可疑，需核实黄梢究指黄色嫩芽、带嫩芽枝梢还是季节。
remaining_80pct,1255140,血液凝固,けつえきぎょうこ,f23e79t3,gloss,coagulant,,凝固剂,词头血液凝固及词性与 coagulant 凝固剂的名词义不一致，需查原义项。
remaining_80pct,1279090,控訴,こうそ,f25e437t1,gloss,intermediate appeal,,中间上诉,intermediate appeal 在日本控訴制度中应区别上告，需核实规范中文术语，现中间上诉疑为直译。
remaining_80pct,1332090,修飾子,しゅうしょくし,f30e771t0,gloss,modifier,,修饰语,修飾子疑为计算机修饰符而非语言修饰语，需查原词语领域。
remaining_80pct,1332090,修飾子,しゅうしょくし,f30e771t1,gloss,qualifier,,限定语,需核实 qualifier 在修飾子词条是否应为限定符。
remaining_80pct,1352830,上噛合わせ,うわかみあわせ,f32e523t0,gloss,overbite,,咬合不良,overbite 的具体口腔医学译名可能是深覆合/上颌前突，当前咬合不良过泛；需按该词条术语源核实后确定标准译名。
remaining_80pct,1359020,伸度,しんど,f32e1712t0,gloss,elasticity,,弹性,伸度在材料/纺织等领域通常涉及延伸率，当前弹性可能不精确；需核实日语词条专业定义及所指量。
remaining_80pct,1397500,組み込み,くみこみ,f36e1382t0,gloss,cut-in (printing),,插入（印刷）,cut-in (printing) 具体印刷工艺义不明，插入可能过泛；需核对英文辞书定义或专业资料。
remaining_80pct,1425650,中労委,ちゅうろうい,f39e934t0,gloss,Central Labor Relations Committee,,中央劳动委员会,该机构名称可能有固定译名（中央劳动关系委员会等）；需查正式中文机构名及当时制度背景。
remaining_80pct,1488600,百錬,ひゃくれん,f45e1038t0,gloss,well-tempered,,训练有素,well-tempered 在此可能指锤炼成熟，也可能专指材料经回火；需核对该词条源义和适用对象，避免按‘训练有素’误判。
remaining_80pct,1496420,付表,ふひょう,f46e335t1,gloss,"appended chart, table or graph",,附带的图表或表格,"原文并列 chart, table or graph 的译法可更细分；需确认 chart 在该词条语境中涵盖图表的范围。"
remaining_80pct,1520400,防止法,ぼうしほう,f48e786t0,gloss,anti-... law,,防止法,anti-... law 是含省略部分的构词模板；需确认应保留模板形式‘反……法’还是用更具体的法律类型译名。
remaining_80pct,1572240,マテ貝,マテがい,f53e954t0,gloss,razor clam (Solen strictus),,马刀贝（Solen strictus）,Solen strictus 的现代中文物种名可能为长竹蛏等；需核实该学名对应中文标准名后再决定是否替换马刀贝。
remaining_80pct,1631910,御免被る,ごめんこうむる,f61e1415t0,gloss,to receive permission,,获得许可,御免被る整体表达的词典义和语气需结合日语例句/词源复核；当前‘获得许可’可能不充分表达惯用表达。
remaining_80pct,1686340,動力計,どうりょくけい,f67e231t0,gloss,dynamometer,,测力计,動力計特指测量动力/功率的仪器，中文应为测功计或功率计；需核实本词条是否特指某类 dynamometer 后再替换测力计。
remaining_80pct,1679880,弊村,へいそん,f66e944t0,gloss,poor village,,贫穷的村庄,弊村是谦称自家村庄，poor 在英语中可能体现谦逊而非贫困；需核对该词的敬语/谦称用法以确定中文。
remaining_80pct,1750690,清朝体,せいちょうたい,f73e540t0,gloss,seichōtai,,清体,清朝体是特定印刷字体名称，英文释义描述其笔画风格，需确认其规范中文字体名（是否对应宋体/明朝体类）后决定替代‘清体’。
remaining_80pct,1700270,酸漿,ほおずき,f68e887t0,gloss,ground cherry (Physalis alkekengi var. franchetii),,酸浆果,酸漿属植物的中文常用名在酸浆、灯笼果等之间存在地区差异；需核对 Physalis alkekengi var. franchetii 的规范中文名称。
remaining_80pct,1790080,甘茶,あまちゃ,f77e718t0,gloss,Hydrangea macrophylla var. thunbergii (variety of bigleaf hydrangea),,大叶绣球变种（大叶绣球的一个变种）,Hydrangea macrophylla var. thunbergii 的植物中文名需依据规范植物志确认；现译属级描述重复且不是明确中文俗名。
remaining_80pct,1790810,慨世,がいせい,f77e897t1,example,All the accepted notions and prejudices about flesh being pink.,肉(にく)は桃(もも)色(いろ)をしているといったことについてのすべての慨(がい)世(せい)観(かん)念(ねん)や先(せん)入(にゅう)観(かん)。,关于肉是桃红色之类的各种慨世观念或先入观念。,日文例句及英文例句呈现的是片段，中文现译把 accepted notions 误作‘慨世观念’；需核对原句上下文和源文是否损坏后重译。
remaining_80pct,1912180,面頬,めんぽお,f87e1312t1,gloss,visor,,护目镜,面頬在盔甲中指面部防护构件；visor 的具体中文名称需结合盔甲部件图核实，护目镜显然可能是误译但宜确认目标结构。
remaining_80pct,1967190,ヒステリー性格,ヒステリーせいかく,f92e618t0,gloss,hysterical personality,,癔症性格,hysterical personality 是历史心理学术语，现代译名可能为表演型人格/癔症型人格；需核实词条年代和医学对应后确定。
remaining_80pct,1982050,クイルター,クイルター,f93e1448t0,gloss,quilter,,被子缝制者,quilter 通常指制作 quilt/拼布被的工匠；‘被子缝制者’偏泛，需确认采用绗缝师、拼布制作者或更通用的行业译名。
remaining_80pct,2016180,銀だら,ぎんだら,f97e428t1,gloss,black cod,,黑鳕,black cod 在中文市场常称黑鳕/银鳕，但分类资料推荐裸盖鱼；需确认词典是否优先规范物种名或保留俗名。
remaining_80pct,2221430,鉛筆の木,えんぴつのき,f117e1993t0,gloss,eastern red cedar (Juniperus virginiana),,北美红雪松（Juniperus virginiana）,Juniperus virginiana 有北美圆柏、弗吉尼亚圆柏、铅笔柏等名称；需按词库的植物名规范统一选择。现译‘北美红雪松’可能把 juniper 误作 cedar。
remaining_80pct,2230930,肉蠅,にくばえ,f118e1902t0,gloss,flesh fly (any fly of family Sarcophagidae),,肉蝇（肉蝇科 Sarcophagidae 的任意一种蝇）,Sarcophagidae 的中文科名常见麻蝇科；肉蝇是否适合作为科名需核实规范分类命名。
remaining_80pct,2336960,リスト装置,リストそうち,f127e1816t0,gloss,list device,,列表装置,list device 是较旧计算机术语，可能指清单/列表输出设备或列表装置；需核对原术语所属硬件标准后定译。
remaining_80pct,2400710,江戸花菖蒲,えどはなしょうぶ,f133e1216t1,gloss,Edo Japanese iris,,江戸花菖蒲,Edo Japanese iris 可指江户系花菖蒲栽培群，而不一定是该种的泛称；需核实词条对江户花菖蒲的专名定位后再译。
remaining_80pct,2473640,サイジング,サイジング,f140e1129t0,gloss,sizing,,尺寸,sizing 可指织物上浆处理或定尺寸/尺码；缺少语境，需核对该日语词条指哪一专业义。
remaining_80pct,2449120,紫弁慶草,むらさきべんけいそう,f138e772t0,gloss,orpine (Hylotelephium telephium),,八宝景天（Hylotelephium telephium）,Hylotelephium telephium 的中文种名可能因分类处理与园艺名差异而变化；需核对植物志后确认八宝景天是否对应该学名。
remaining_80pct,2523780,ホキ,ホキ,f144e1398t0,gloss,hoki (Macruronus novaezelandiae),,霍克鱼（Macruronus novaezelandiae）,hoki 有霍克鱼、新西兰无须鳕等商品或地区名；需按鱼类词典规范确认采用音译还是物种标准名。
remaining_80pct,2601590,ヘイジョア,ヘイジョア,f151e1881t2,gloss,guavasteen,,番石榴青,guavasteen 是 feijoa 的旧英语别名，中文标准译名可能用费约亚/费约果而非番石榴；需查植物名录确认。
remaining_80pct,2604340,船貝,ふねがい,f152e389t0,gloss,Arca avellana (species of ark shell),,阿拉卡蛤（Arca avellana）,Arca avellana 是少见蚶类学名，中文规范种名需查贝类名录后确定；当前拼音音译未核实。
remaining_80pct,2578200,覗き眼鏡,のぞきめがね,f149e1209t0,gloss,peep show,,窥视器,peep show 在此结合器具说明指老式窥视图像装置；需确认以‘窥视镜’、‘西洋镜’或其他器具名为更合适的术语。
remaining_80pct,2658240,小規模金融機関,しょうきぼきんゆうきかん,f157e1176t0,gloss,secondary bank,,二级银行,secondary bank 的制度所指可能是中小金融机构或非主流银行；需结合日文词典/日本金融制度语境确定具体译法。
remaining_80pct,2708760,吸着音,きゅうちゃくおん,f162e943t0,gloss,click consonant,,点击辅音,click consonant 的汉语语音学规范译名需查专业术语来源；“点击辅音”疑为直译，但不在未核实前替换。
remaining_80pct,2845602,無症状感染,むしょうじょうかんせん,f192e1584t0,gloss,asymptomatic spread (of an infectious disease),,无症状传播（传染病）,日文词头“无症状感染”及同条其余英中释义指感染，但该字段英文写 asymptomatic spread；需核对源词条是否误配释义或应译“无症状传播”。
remaining_80pct,2845019,伊豆千両,いずせんりょう,f192e591t0,gloss,Maesa japonica (species of flowering plant),,日本马先蒿（一种开花植物）,Maesa japonica 的规范中文植物名需查可靠植物分类/名录；当前“日本马先蒿”对应其他属，先标待核，不以字面代换。
remaining_80pct,2845741,キャロム,キャロム,f192e1826t1,gloss,cannon,,大炮,台球术语 cannon 的中文规范译名需结合此词对应玩法确认；“大炮”显然是字面译法，但具体术语待核。
remaining_80pct,2852868,ロコモティブ症候群,ロコモティブしょうこうぐん,f199e1323t0,gloss,locomotive syndrome,,运动综合征,locomotive syndrome 在日文医学语境指运动器官/运动功能相关综合征，需核对适用的中文医学规范名，现译“运动综合征”可能过于宽泛。
remaining_80pct,2864659,利子割,りしわり,f210e1899t0,gloss,prefectural share of taxes on bank deposit interest,,银行储蓄利息税的县份份额,利子割是日本地方税中的存款利息相关税种，英文简述“prefectural share”与现有中文结构不易直译；需核对日本地方税法和规范译名后确定。
remaining_80pct,1031120,エンダイブ,エンダイブ,f3e1683t0,gloss,endive,,苦苣菜,需核实 endive（Cichorium endivia）的规范中文名；苦苣菜也可能指其他属植物。
remaining_80pct,1036630,カーボンヘッド,カーボンヘッド,f4e527t0,gloss,carbon head,,碳头,需核实 carbon head 是否专指高尔夫球杆的碳纤维杆头；源释义缺少领域。
remaining_80pct,1037700,カップリングシュガー,カップリングシュガー,f4e687t0,gloss,coupling sugar,,耦合糖,需核实 coupling sugar 的食品化学中文名称，耦合糖疑为直译。
remaining_80pct,1055460,サイカシン,サイカシン,f5e1361t0,gloss,cycasin,,环辛烷,Cycasin 为苏铁中的糖苷，环辛烷明显不是同一化合物；需确认规范中文名为苏铁苷还是苏铁素。
remaining_80pct,1060460,システムハウス,システムハウス,f6e100t0,gloss,system house,,系统屋,system house 疑指计算机系统开发企业，需核实日语用法及中文术语，系统屋不自然。
remaining_80pct,1069250,スターキング,スターキング,f6e1414t0,gloss,star king,,星王,スターキング可能是苹果品种スターキングデリシャス的简称，EN star king 信息不足；需查原词源并确认中文品种名。
remaining_80pct,1073800,スラップスケート,スラップスケート,f7e79t0,gloss,slap skate,,速滑冰鞋,slap/clap/klap skate 特指鞋跟可与冰刀分离的速滑鞋，需核实规范中文名称。
remaining_80pct,1073800,スラップスケート,スラップスケート,f7e79t1,gloss,clap skate,,速滑冰鞋,同义项 clap skate 的特殊冰刀结构未在原译表达，需核定中文名称。
remaining_80pct,1073800,スラップスケート,スラップスケート,f7e79t2,gloss,klap skate,,速滑冰鞋,同义项 klap skate 的特殊冰刀结构未在原译表达，需核定中文名称。
remaining_80pct,1076060,タイムズ,タイムズ,f7e371t0,gloss,times,,次,日语タイムズ及例句指报纸名中的 Times，原译次数义疑误；需查原词条是否同时容许其他用法。
remaining_80pct,1125450,ポテンツ,ポテンツ,f10e1785t0,gloss,potency,,效力,德语 Potenz 在日语常指性能力，EN potency 多义，需核实是否应将效力改为性能力。
remaining_80pct,1209700,乾果,かんか,f18e1267t0,gloss,"dry fruit (e.g. nuts, legumes, follicles)",,干果（如坚果、豆荚、荚果等）,植物形态学 follicles 应与 legumes 区分，疑为蓇葖果；需核实中文术语后更正荚果。
remaining_80pct,1330770,収着,しゅうちゃく,f30e528t0,gloss,sorption,,吸附,sorption 同时涵盖吸收与吸附，原译吸附疑过窄；需核实中文术语吸着。
remaining_80pct,1338200,出っ歯,でっぱ,f30e1842t1,gloss,overbite,,咬合不良,EN overbite 对应覆合而日文出っ歯通常为前突，原译咬合不良又过宽；需核实日英源释义关系。
remaining_80pct,1360740,心神耗弱者,しんしんこうじゃくしゃ,f33e63t0,gloss,"person of diminished capacity (e.g. drugs, alcohol, mental retardation, etc.)",,行为能力减弱者（例如因药物、酒精、智力障碍等）,心神耗弱属于刑法责任能力范畴，行为能力可能误导至民事概念；需核实对应术语。
remaining_80pct,1360740,心神耗弱者,しんしんこうじゃくしゃ,f33e63t1,xref,diminished capacity; diminished responsibility,,行为能力减弱；责任能力减弱,需核实 xref 中 diminished capacity 应使用责任能力减弱还是行为能力减弱。
remaining_80pct,1364200,真田編み,さなだあみ,f33e824t0,gloss,plait,,辫子,真田編み 可能指扁平的编织方法而非头发辫子，需查日文工艺术语。
remaining_80pct,2067010,小楢,こなら,f102e298t1,gloss,pin oak,,小楢（日本栎）,核实英语 pin oak 是否误配：t0 给出 Quercus serrata，但 pin oak 通常指另一物种；需要词源/词典原条目确认。
remaining_80pct,2067010,コナラ,コナラ,f102e299t1,gloss,pin oak,,针叶栎,核实英语 pin oak 是否误配：日文コナラ及 t0 学名 Quercus serrata 与 pin oak 的物种名可能冲突。
remaining_80pct,2222960,前進的論証,ぜんしんてきろんしょう,f118e326t0,gloss,progressive probation,,前进式论证,英语 progressive probation 与词头‘渐进式论证’不匹配，需核实英语源释义是否应为 progressive proof/reasoning 及对应技术术语。
remaining_80pct,2246330,四手の木,しでのき,f120e1275t0,gloss,loose-flowered hornbeam (Carpinus laxiflora),,松花树（Carpinus laxiflora）,Carpinus laxiflora 的中文植物名‘松花树’需查可靠植物志或分类数据库确认。
remaining_80pct,2368510,正常動作精度,せいじょうどうさせいど,f130e1262t0,gloss,mean rate accuracy,,平均速率精度,mean rate accuracy 的标准领域含义和中文术语不明；需核对该 computing 指标的原始标准或相邻词条。
remaining_80pct,2391000,有意瞬間,ゆういしゅんかん,f132e1349t0,gloss,significant instant,,显著时刻,significant instant 在该 computing 语境下的标准中文术语不确定；需查相应标准/术语库。
remaining_80pct,2401260,雁足,がんそく,f133e1341t1,gloss,Onoclea orientalis,,鸵鸟蕨（鸵鸟蕨属植物）,Onoclea orientalis 与同条目所列 ostrich fern/Matteuccia struthiopteris 似为不同蕨类；需核实该英文释义和中文对应种名。
remaining_80pct,2401260,雁足,がんそく,f133e1341t2,xref,ostrich fern (Matteuccia struthiopteris),,鸵鸟蕨（鸵鸟蕨属植物）,xref 明示 Matteuccia struthiopteris，但日文参考词草苏铁/鸵鸟蕨是否指同一物种需查植物志确认。
remaining_80pct,2479550,ボーダーライト,ボーダーライト,f141e80t0,gloss,border light,,边框灯,border light 在舞台照明中指特定灯具，需查戏剧舞台照明术语确认中文名称。
remaining_80pct,2491380,オシロメーター,オシロメーター,f141e1729t0,gloss,oscillometer,,振荡计,oscillometer 是专门仪器名称，需核实具体测量对象后再确定中文名称。
remaining_80pct,2544020,ホラカントゥス属,ホラカントゥスぞく,f146e1186t0,gloss,Holacanthus (genus of marine angelfishes),,Holacanthus属（一种海水神仙鱼属）,Holacanthus 属的通行中文属名需核实；当前仅保留英文拉丁属名，避免生造中文鱼名。
remaining_80pct,2586080,峻酷,しゅんこく,f150e809t0,gloss,severe (personality),,严厉（性格）,severe (personality) 的准确褒贬色彩不确定；需核对辞书例句后再决定中文性格词。
remaining_80pct,2601970,身上がり,みあがり,f151e1945t0,gloss,taking a day off by paying one's own fee to one's master (of a prostitute; often in order to see her lover),,自赎（妓女向主人支付费用以休一天，常为见情人）,历史语境的身上がり既可能指妓女付费赎身，也可能是付费外出一天；需核实日文词条传统用法。
remaining_80pct,2725390,足趾,そくし,f164e157t0,gloss,footprints,,足印,日文词形足趾通常指脚趾，而当前英语释义 footprints 与此不符；现有中文‘足印’匹配英语但不能判断是源条目错配还是译文问题，需核对词典源数据。
remaining_80pct,2790220,段戸襤褸菊,だんどぼろぎく,f170e676t0,gloss,fireweed (Erechtites hieracifolia),,火绒草（Erechtites hieracifolia）,Erechtites hieracifolia 的中文植物名存在多个俗名，现译‘火绒草’看起来可能混淆 Leontopodium；需核定中文植物志的规范名后再修正。
remaining_80pct,2778140,回旋塔,かいせんとう,f169e197t0,gloss,giant stride (e.g. in amusement park),,摩天轮,该游乐设施具体对应哪类中文设备名称不确定；可确定原译摩天轮错误，但先保留待核。
remaining_80pct,2828580,釣船草,つりふねそう,f176e978t0,gloss,touch-me-not (Impatiens textori),,勿忘我（文冠草属植物）,Impatiens textori 是凤仙花属植物而非勿忘我；具体种的规范中文名需核对植物志，因此暂不猜测替换。
remaining_80pct,2831170,ショコラティーヌ,ショコラティーヌ,f179e118t3,gloss,chocolate terrine,,巧克力陶林,chocolate terrine 是一种甜点，但中文对应名称可能为巧克力冻糕/巧克力蛋糕，现有音译显然有误，需核实具体甜点形态。
remaining_80pct,2837939,舟囲い,ふながこい,f185e1309t0,gloss,boat castle,,船城,舟囲い是将棋中的船囲い防御阵型，中文将棋资料中译法不统一；“船城”是否为规范译名需进一步核对。
remaining_80pct,2840799,針毛菜種,はりげなたね,f188e829t0,gloss,pale cabbage (Brassica tournefortii),,淡色甘蓝（Brassica tournefortii）,Brassica tournefortii 的中文规范植物名不确定；“淡色甘蓝”看似按 pale cabbage 直译但可能非规范，需查植物志。
remaining_80pct,2860012,ヌメリイグチ,ヌメリイグチ,f206e991t0,gloss,slippery jack (Suillus luteus),,滑猪口菌（Suillus luteus）,Suillus luteus 的中文规范名可能是粘盖牛肝菌/黏盖牛肝菌；当前直译“滑猪口菌”似非规范，待核植物/菌物名录。
remaining_80pct,2867355,チゴユリ,チゴユリ,f213e935t0,gloss,Japanese fairy bells (Disporum smilacinum),,日本铃兰,Disporum smilacinum 是日本植物，中文规范名有“宝铎草”等译名；现译日本铃兰不匹配，具体采用名需植物志核定。
remaining_80pct,1024990,ウーリーコットン,ウーリーコットン,f3e592t0,gloss,woolly cotton,,羊毛棉,需核实woolly cotton是否指仿毛整理棉布；羊毛棉疑将质感误作成分。
remaining_80pct,1028190,エクメーネ,エクメーネ,f3e1266t0,gloss,ecumenism,,大公会议,日文エクメーネ及词源Oekumene通常涉及人类居住区域，英文却为ecumenism；大公会议也不等于ecumenism。需核查源词条义项。
remaining_80pct,1040050,ガジェットバッグ,ガジェットバッグ,f4e1047t0,gloss,gadget bag,,小玩意袋,需核实gadget bag是否专指摄影器材包，原译小玩意袋疑为逐字译。
remaining_80pct,1049670,コーンスノー,コーンスノー,f5e510t0,gloss,corn snow,,玉米雪,corn snow疑应为粒雪或粗粒雪，需查雪学术语及日文所指。
remaining_80pct,1090350,ナチュラルウェーブ,ナチュラルウェーブ,f8e440t0,gloss,natural wave,,自然波浪,需核实natural wave在此是否专指头发自然卷；现译自然波浪可能遗漏适用对象。
remaining_80pct,1107930,ファールチップ,ファールチップ,f9e1082t0,gloss,foul tip,,界外球,foul tip为特定擦棒后由捕手接住的球，不等于一般界外球；需核对中文棒球规范术语。
remaining_80pct,1171560,烏蛇,からすへび,f14e1650t0,gloss,black Japanese striped snake (Elaphe quadrivirgata),,日本黑条纹蛇（Elaphe quadrivirgata）,需核对烏蛇是否指日本四线鼠蛇的黑色型；日本黑条纹蛇可能误使black修饰条纹。
remaining_80pct,1292470,再帰熱,さいきねつ,f26e1025t0,gloss,recurrent fever,,复发热,需查再帰熱是否为疾病回归热专名；复发热可能仅为逐字译。
remaining_80pct,1350120,消音器,しょうおんき,f31e1949t1,gloss,(piano) damper pedal,,（钢琴）弱音踏板,damper pedal通常指制音器踏板/延音踏板，日文消音器与现译弱音踏板不同；需核实源文钢琴义项。
remaining_80pct,1410170,対審,たいしん,f38e35t0,gloss,confrontation,,对抗,対審通常为诉讼双方到场辩论或对质，原译对抗可能太泛；需核对具体法律词义。
remaining_80pct,1493620,不善感,ふぜんかん,f45e1808t0,gloss,negative reaction,,不良反应,不善感为接种未发生预期免疫反应，negative reaction疑为阴性反应而非不良反应；需核查历史疫苗术语。
remaining_80pct,1502320,仏法僧,ぶっぽうそう,f46e1474t4,gloss,Oriental dollarbird (Eurystomus orientalis),,东方翠鸟（Eurystomus orientalis）,Eurystomus orientalis应是三宝鸟而非翠鸟；需用权威鸟类名录核实中文专名。
remaining_80pct,1502320,仏法僧,ぶっぽうそう,f46e1474t5,gloss,roller (any bird of family Coraciidae),,翠鸟（Coraciidae 科的任何鸟类）,Coraciidae为佛法僧科而非翠鸟科；需核查中文科名后修正。
remaining_80pct,1502320,仏法僧,ぶっぽうそう,f46e1474t6,gloss,Eurasian scops owl (Otus scops),,欧洲猫头鹰（Otus scops）,Otus scops需核实中文专名红角鸮及现有分类范围；欧洲猫头鹰不够准确。
remaining_80pct,1502320,仏法僧,ぶっぽうそう,f46e1474t7,xref,Eurasian scops owl (Otus scops),,欧洲猫头鹰（Otus scops）,同一Otus scops的引用释义需核实中文鸟名，不能仅泛称欧洲猫头鹰。
remaining_80pct,1563780,偕老同穴,かいろうどうけつ,f52e1169t2,gloss,Venus's flower basket (Euplectella aspergillum),,偕老同穴,动物义项应显明海绵类；需核实Euplectella aspergillum的标准中文名及偕老同穴是否已为通用名。
remaining_80pct,1631610,いのころ草,いのころぐさ,f61e1362t0,gloss,spike-eared grass,,尖耳草,‘いのころ草’疑为狗尾草类植物；需核对该词的日文异名及对应中文物种名后再决定是否将‘尖耳草’改为‘狗尾草’。
remaining_80pct,1674190,馬追い,うまおい,f65e1838t2,gloss,Hexacentrus japonicus (species of katydid),,日本六节虫（Hexacentrus japonicus）,此处是蝈蝈/螽斯类昆虫 Hexacentrus japonicus；‘日本六节虫’疑似错误直译，需核对该物种的可靠中文名。
remaining_80pct,1674190,馬追い,うまおい,f65e1838t3,gloss,Hexacentrus unicolor (species of katydid),,单色六节虫（Hexacentrus unicolor）,此处是蝈蝈/螽斯类昆虫 Hexacentrus unicolor；‘单色六节虫’疑似错误直译，需核对该物种的可靠中文名。
remaining_80pct,1725490,紫露草,むらさきつゆくさ,f70e1983t0,gloss,Ohio spiderwort (Tradescantia ohiensis),,紫露草（Tradescantia ohiensis）,学名为Tradescantia ohiensis，常见英文名Ohio spiderwort；需核对中文植物名是否应作‘俄亥俄紫露草’等具体名称，暂保留现译。
remaining_80pct,1783890,膠着剤,こうちゃくざい,f76e1602t3,gloss,agglutinative agent,,凝聚剂,chemistry gloss agglutinative agent可能指粘结剂/凝集剂，现译‘凝聚剂’需结合该罕见专业用法和源条目核实。
remaining_80pct,1810310,略帽,りゃくぼう,f79e627t0,gloss,ordinary cap,,常帽,‘略帽’的具体历史制服款式需核对；现译‘常帽’不自然，但仅凭ordinary cap无法确认其中文服饰名称。
remaining_80pct,1926240,ガソリンカー,ガソリンカー,f88e1406t0,gloss,gasoline railcar,,汽油动车,ガソリンカー指汽油发动机轨道车辆；现译‘汽油动车’是否适用于该历史车型需核对铁路术语。
remaining_80pct,1954620,分葱,わけぎ,f91e732t0,gloss,tree onion (Allium x proliferum),,分葱（Allium x proliferum）,Allium x proliferum常见中文名可能为楼葱/龙爪葱；需核对植物分类中文名，暂保留‘分葱’。
remaining_80pct,2060540,熾きる,おきる,f101e990t1,gloss,to be made,,被制造,英文‘to be made’与熾きる（火が燃える、燃え立つ）语义不合；需检查源词条或英译是否损坏。中文‘被制造’仅照译当前英文。
remaining_80pct,2062260,小柄,しょうへい,f101e1367t0,gloss,sterigma,,菌柄,sterigma为真菌/生物学术语，现译‘菌柄’可能混淆菌体柄部；需核查该术语的中文标准译名。
remaining_80pct,2139380,踏み出し,ふみだし,f109e764t0,gloss,rear step out,,后步出,相扑技名‘踏み出し’译作‘后步出’不明其具体动作；需查相扑技名词典及动作描述。
remaining_80pct,2145790,寒鯛,かんだい,f110e128t0,gloss,Asian sheepshead wrasse (Semicossyphus reticulatus),,日本鲷（Semicossyphus reticulatus）,Semicossyphus reticulatus的中文鱼名需按学名核对，‘日本鲷’可能是过泛或不准确的鱼名。
remaining_80pct,2145790,寒鯛,かんだい,f110e128t1,gloss,scarbreast tuskfin (Choerodon azurio),,蓝点赤尾（Choerodon azurio）,Choerodon azurio的中文鱼名需按学名核对，‘蓝点赤尾’的对应关系待确认。
remaining_80pct,2149060,擁護論,ようごろん,f110e744t0,gloss,championship,,辩护,英文championship与日文‘擁護論’（defense/advocacy argument）矛盾；中文‘辩护’符合日文，需核对英文源字段。
remaining_80pct,2154430,ウォームビズ,ウォームビズ,f110e1919t0,gloss,warm biz,,温暖商务,Warm Biz为日本政府活动的专名，直译‘温暖商务’不自然；需核对该活动的中文固定译名。
remaining_80pct,2155080,アイソパイア,アイソパイア,f111e52t0,gloss,isopyre,,等火,isopyre属专业术语，现译‘等火’需核查对应学科中是否指等温线/火山相关线，暂不改。
remaining_80pct,2189030,クーバード,クーバード,f114e819t0,gloss,couvade (custom in which a male acts out the physical process of his own child being born),,假产（男性模仿分娩过程的习俗）,couvade的中文人类学术语通常涉及‘产翁制/产翁习俗’，现译‘假产’较生硬；需核查适用译名。
remaining_80pct,2199650,鼬魚,いたちうお,f115e1055t0,gloss,"goatsbeard brotula (species of ophidiiform fish, Brotula multibarbata)",,山羊须鱼,goatsbeard brotula (Brotula multibarbata)的中文鱼名需查专业鱼类名录，暂保留‘山羊须鱼’。
remaining_80pct,2202990,逆輸入車,ぎゃくゆにゅうしゃ,f115e1783t0,gloss,reverse-imported vehicle (esp. high-displacement motorcycles meant for sale outside Japan),,逆向进口车（特指为在日本以外销售而生产的大排量摩托车）,逆輸入車指日本制造后出口并回流日本的车辆；需核实中文常用专名，现译‘逆向进口车’较生硬。
remaining_80pct,2215880,木の葉鳥,このはどり,f117e710t1,gloss,fairy bluebird,,仙蓝鸟,fairy bluebird的中文标准名需核对鸟类名录，暂保留‘仙蓝鸟’。
remaining_80pct,2222970,後退的論証,こうたいてきろんしょう,f118e328t0,gloss,regressive probation,,后退式论证,英文regressive probation与日文後退的論証及中文‘后退式论证’冲突；需核查英语释义是否有误。
remaining_80pct,2258490,祭り寿司,まつりずし,f121e1748t1,gloss,brand of sushi bento,,寿司便当品牌,祭り寿司的‘brand of sushi bento’可能指冈山地方寿司便当种类而非商业品牌，需核对源词条具体用法。
remaining_80pct,2283510,インターメディア,インターメディア,f124e511t0,gloss,intermedia,,中间媒体,intermedia是艺术领域术语，‘中间媒体’可能误解为传播媒介；需核对中文艺术史固定译法。
remaining_80pct,2299840,シーケンスソフト,シーケンスソフト,f125e587t0,gloss,sequence soft,,序列软,シーケンスソフト是控制/计算机领域专名，现译‘序列软’明显残缺；需查明是顺序控制软件还是其他序列软件后确定。
remaining_80pct,2304780,スループットＢＯＤ,スループットビーオーディー,f125e1287t0,gloss,throughput Bandwidth On Demand,,吞吐量带宽按需,Throughput BOD (Bandwidth On Demand)的‘吞吐量带宽按需’结构关系不明，需核对电信术语的标准中文表达。
remaining_80pct,2314580,ドッチーモ,ドッチーモ,f126e648t0,gloss,doccimo,,doccimo,ドッチーモ/Doccimo看似专有产品或服务名，现译保留英文品牌拼写；需确认适合采用的中文名。
remaining_80pct,2345290,回復用情報,かいふくようじょうほう,f128e1223t0,gloss,docket,,恢复用信息,日文回復用情報与中文‘恢复用信息’吻合，但英文docket意为案卷/议程，疑为源英译错误，需核对原词条。
remaining_80pct,2385800,複式本体,ふくしきほんたい,f132e479t0,gloss,multi-part body,,多部分主体,‘複式本体’与multi-part body的具体计算机结构语境不明，现译‘多部分主体’很生硬，需核实术语对象。
remaining_80pct,2397600,人工乳,じんこうにゅう,f133e604t2,gloss,baby milk,,婴儿牛奶,baby milk在婴幼儿食品语境通常指婴儿配方奶；现译‘婴儿牛奶’可能造成产品类别误解，需核对源条目语义。
remaining_80pct,2400030,法廷会計学,ほうていかいけいがく,f133e1056t0,gloss,legal accounting,,法庭会计学,legal accounting可能对应法务会计/司法会计等专门学科名，‘法庭会计学’需核对中文规范术语。
remaining_80pct,2408260,中継車,ちゅうけいしゃ,f134e739t2,gloss,mobile unit,,移动单元,mobile unit可能指移动转播设备/车辆，需结合广播设备语境核实；暂保留‘移动单元’。
remaining_80pct,2440350,リポトロピン,リポトロピン,f137e1076t0,gloss,lipotropin,,脂溶素,lipotropin的规范中文生化名称需查专业词典，‘脂溶素’疑似把lipo-误作脂溶；暂不擅改。
remaining_80pct,2440350,リポトロピン,リポトロピン,f137e1076t1,gloss,lipotrophin,,脂溶素,lipotrophin是lipotropin的异拼，中文术语同样需核查。
remaining_80pct,2460630,孔雀羊歯,くじゃくしだ,f139e974t0,gloss,northern maidenhair (Adiantum pedatum),,北方凤尾蕨（Adiantum pedatum）,Adiantum pedatum的中文植物名疑为北美铁线蕨等，现译‘北方凤尾蕨’可能混淆蕨科；需查植物名录。
remaining_80pct,2480230,キャップスリーブ,キャップスリーブ,f141e183t0,gloss,cap sleeve,,帽袖,cap sleeve是服装版型术语，现译‘帽袖’较生硬；需核对中文服装术语（如盖袖/小飞袖）。
remaining_80pct,2487560,ヒドロポリプ,ヒドロポリプ,f141e1203t0,gloss,hydropolyp,,水息肉,hydropolyp是水螅纲生物学术语，‘水息肉’疑为直译；需核对中文标准名。
remaining_80pct,2491400,オッタートロール,オッタートロール,f141e1732t0,gloss,otter trawl,,河狸拖网,otter trawl指借助网板张开的拖网，现译‘河狸拖网’把otter误作动物；需核对渔业中文术语。
remaining_80pct,2493230,ポリノジック,ポリノジック,f141e1973t0,gloss,polynosic,,多诺克,polynosic是高湿模量再生纤维素纤维的名称，现译‘多诺克’无法对应；需核实规范中文译名。
remaining_80pct,2498830,テレフォトグラフ,テレフォトグラフ,f142e764t0,gloss,telephotograph,,远程照片,telephotograph可能指经电信传送的照片或远摄照片，‘远程照片’需结合历史术语语境核实。
remaining_80pct,2501790,エンパイアチューブ,エンパイアチューブ,f142e1178t0,gloss,empire tube,,帝国管,empire tube为罕见器材/商品名称，‘帝国管’疑似音译误解；需查具体产品或技术语境。
remaining_80pct,2615050,プルプリン,プルプリン,f153e482t0,gloss,purpurin,,普鲁普林,purpurin的规范中文化学名可能为紫红素/茜素红相关名称，现译‘普鲁普林’是音译；需核对化学名录。
remaining_80pct,2628460,コーライト,コーライト,f154e1114t0,gloss,coalite,,煤焦油,Coalite为煤制无烟燃料/半焦商品名，现译‘煤焦油’与该产品类别不符；需核查专名的中文商品译名。
remaining_80pct,2636510,鰖,たかべ,f155e757t0,gloss,Labracoglossa argentiventris (species of knifefish),,银腹刀鱼（一种刀鱼）,Labracoglossa argentiventris的中文鱼类名需核对权威名录，‘银腹刀鱼’的分类对应待确认。
remaining_80pct,2666870,女流名人,じょりゅうめいじん,f158e852t0,gloss,female professional,,女性名人,女流名人在不同语境可指女性职业棋手或某领域的女性名家；英文female professional无法确定领域，‘女性名人’需核实。
remaining_80pct,2677900,這い込む,はいこむ,f159e1008t1,gloss,to work oneself into,,爬入,work oneself into需要结合宾语理解为设法进入/挤进某处或角色，现译‘爬入’仅对应字面义；需核实具体搭配。
remaining_80pct,2678590,釈迦占地,しゃかしめじ,f159e1143t0,gloss,Lyophyllum fumosum (species of mushroom),,烟粉菌（一种蘑菇）,Lyophyllum fumosum的标准中文菌名需核对，现译‘烟粉菌’可能只是按词素直译。
remaining_80pct,2704090,コリコドン科,コリコドンか,f162e39t0,gloss,Kollikodontidae (extinct family of monotremes),,科利科龙科（单孔类已灭绝科）,Kollikodontidae的中文科名及单孔类分类关系需查古生物学文献，‘科利科龙科’可能不准确。
remaining_80pct,2783480,寒緋桜,かんひざくら,f169e1261t0,gloss,Taiwan cherry (Prunus campanulata),,台湾樱桃（Prunus campanulata）,Prunus campanulata常称台湾山樱花/钟花樱，‘台湾樱桃’容易与食用果树混淆；需确认希望采用的标准植物名。
remaining_80pct,2814920,音形,おんけい,f172e1652t1,gloss,figure,,图形,figure在音乐术语中可能指乐句、音型或动机；需核查音形的具体音乐学译名，暂保留‘图形’。
remaining_80pct,2826114,麹室,こうじむろ,f174e305t1,xref,kōji; malted rice; malt,,麹；麦芽米；麦芽,kōji的英语gloss并列malted rice和malt，中文‘麦芽米；麦芽’可能造成与发芽麦芽混淆；需核实词条是否应释为米曲/麴及其英语用法。
remaining_80pct,2834748,虎蛾,とらが,f182e984t0,gloss,Chelonomorpha japona (species of owlet moth),,日本夜蛾（Chelonomorpha japonica）,学名Chelonomorpha japona和括号内Chelonomorpha japonica不一致，需核对分类学名及该蛾的通行中文名，暂不改。
remaining_80pct,2833951,雪隠で饅頭,せんちでまんじゅう,f181e1444t0,gloss,"if you are hungry, where you eat doesn't matter",,饿了的话，在哪里吃都一样,该谚语首义的中文习惯译法不确定，直译英文释义可理解但不够自然。
remaining_80pct,2837666,内名,ないめい,f185e780t0,gloss,endonym,,内名,endonym一般指一个地方或民族自称的名称，并非必然是个人本名；中文译为内名还是自称名，宜结合词条目标义项进一步确认，暂留待核。
remaining_80pct,2844232,新肌,にいはだ,f191e1120t0,gloss,skin where two lovers first touch,,肌肤之亲,archaic新肌释义所指语境不寻常，现译“肌肤之亲”可能过度具体；需查历史语料确认。
remaining_80pct,2850585,２０２５年の崖,にせんにじゅうごねんのがけ,f197e806t0,gloss,2025 digital cliff,,2025年数字悬崖,该词所指“2025年之崖”预测发生时间已过，释义中的anticipated和信息字段宜依据现况和来源重新核验。
remaining_80pct,2846992,吟味役,ぎんみやく,f194e93t4,gloss,"winner (of the most rounds, i.e. a full game)",,赢家（赢得最多局数，即整局胜利）,花札吟味役的具体胜者规则描述可能依地方/规则版本而异，需专门核实。
remaining_80pct,2855614,控除率,こうじょりつ,f202e531t0,gloss,recovery rate (tax),,扣除率（税）,tax recovery rate可指税收回收率、税款回收率等，需结合具体税务语境确认。
remaining_80pct,2854183,延べ単,のべたん,f200e1899t1,info,tenpai shape accepting two types of tiles to complete the hand's pair (e.g. 5678 accepting 5 or 8),,听牌型，接受两种牌型以完成手牌的对子（例如5678接受5或8）,麻将延べ単具体待牌形及术语译法需要由熟悉日麻规则的审校进一步核对。
remaining_80pct,2854183,延べ単,のべたん,f200e1899t0,gloss,stretched pair wait,,延べ对子听,延べ単为日本麻将术语，具体中文术语和说明中的“完成对子”是否正确需要熟悉立直麻将规则者核查，暂不贸然改译。
remaining_80pct,2856860,早松,さまつ,f203e740t0,gloss,Tricholoma colossus (species of mushroom),,Tricholoma colossus（蘑菇的一种）,Tricholoma colossus的中文正式物种名需核验，现仅保留学名并释为蘑菇，暂不擅自采用俗名。
remaining_80pct,2865980,アナダコ,アナダコ,f212e338t0,gloss,Octopus oliveri,,安纳托克,Octopus oliveri的中文规范名需查海洋生物名录，暂时仅保留学名更稳妥。
remaining_80pct,2862856,光札,ひかりふだ,f209e457t1,gloss,bright,,明亮的,花札光札译作bright是否有单独光牌义项，需结合规则及原文语境核对。
remaining_80pct,2869436,仏作って魂入れず,ほとけつくってたましいいれず,f215e743t0,gloss,"so near, yet so far",,近在咫尺，远隔天涯,该日语谚语核心义是只完成外形、缺少点睛部分；英译“so near yet so far”似非等值，建议进一步核对词条来源。
remaining_80pct,2867069,アゼナ,アゼナ,f213e323t0,gloss,common false pimpernel (Lindernia procumbens),,半边菜,common false pimpernel（Lindernia procumbens）在中文植物名录中的规范名需确认，目前“半边菜”可能不准确。
remaining_80pct,2872469,郷入り,ごういり,f218e1228t0,gloss,confinement to a secluded hut in one's home domain,,被禁闭于本籍地偏僻小屋,郷入り的历史刑罚具体执行方式及“幽闭小屋”表述需要庄内藩史料复核。
remaining_80pct,1017400,アナテマ,アナテマ,f2e1503t0,gloss,anathema,,禁忌,anathema 可能指绝罚、诅咒或被憎恶之物，禁忌可疑；需核对该日语词的宗教义范围。
remaining_80pct,1026330,ウォーキールッキー,ウォーキールッキー,f3e915t0,gloss,walkie-lookie,,对对镜,对对镜明显不自然，疑为早期便携式无线电视摄像设备；需核对原始技术史来源确定中文全称。
remaining_80pct,1081540,デーリースプレッド,デーリースプレッド,f7e1153t0,gloss,daily spread,,每日价差,日文疑指 dairy spread 乳制品涂抹酱，而英文为 daily spread；需核对词源，避免依错误英文改译。
remaining_80pct,1042380,キュービックタイプ,キュービックタイプ,f4e1385t0,gloss,cubic type,,立方体类型,cubic type 的具体日语行业义不明；需核实是立方体造型还是印刷术语。
remaining_80pct,1163040,一次記憶,いちじきおく,f13e1923t0,gloss,first memory,,一次存储器,一次記憶可能指心理学初级记忆或主存，英文 first memory 不充分；需核对原始义项领域。
remaining_80pct,1164180,一切り,ひときり,f14e150t4,gloss,some years ago,,几年前,一切り通常指一个阶段或一阵，英文 some years ago 与词头关系可疑；需核查源词条。
remaining_80pct,1207980,割り楔,わりくさび,f18e895t0,gloss,split wedge,,楔形木,split wedge 可能为开口楔或特定木作楔结构，楔形木未体现 split；需核查木工术语。
remaining_80pct,1243250,金木犀,きんもくせい,f21e1607t0,gloss,fragrant olive (Osmanthus fragrans var. aurantiacus),,金木犀,金木犀为日文名称；需核实学名 Osmanthus fragrans var. aurantiacus 对应的中文规范名是丹桂还是其栽培类别。
remaining_80pct,1346520,召集令,しょうしゅうれい,f31e1305t0,gloss,mustering-out order,,复员令,召集令与同义 callup 均为征召，但英文 mustering-out order 指复员；源文冲突需核对，不直接保留复员义为正确。
remaining_80pct,1414970,大文節,だいぶんせつ,f38e912t0,gloss,large paragraph,,大段落,大文節疑指日语句节组合或输入法转换单位，英文 large paragraph 可疑；需核查源词条与计算机领域用法。
remaining_80pct,1498450,武鑑,ぶかん,f46e721t0,gloss,book of heraldry,,武鉴,“武鑑”是历史专名类词条，需核实其具体内容是武家/大名名鉴、系谱还是纹章书，再确定适当中文史学译名；现有“武鉴”疑似直译，暂不贸然改写。
remaining_80pct,1715750,見神,けんしん,f70e162t0,gloss,beatific vision,,神视,beatific vision 是基督教神学术语，涉及对神的荣福直观/福乐异象等译名；“神视”是否为合适术语需查中文神学辞典或权威译本，暂不改。
remaining_80pct,1790480,塩辛蜻蛉,しおからとんぼ,f77e809t0,gloss,Orthetrum albistylum speciosum (subspecies of white-tailed skimmer),,白尾蜻蜓（白尾蜻蜓亚种）,Orthetrum albistylum speciosum 的中文物种/亚种通名需要依据权威分类名录核对；现译把种名和亚种名重复译成“白尾蜻蜓”，暂不猜改。
remaining_80pct,1942200,断層写真,だんそうしゃしん,f90e549t1,gloss,tomograph,,断层照片,tomogram 通常指断层图像，而 tomograph 可指断层摄影设备；需核实词典该英语对译是否确为设备义，避免将词头断层写真误译成仪器。
remaining_80pct,1967860,プール制,プールせい,f92e707t0,gloss,pool system,,池式制,“pool system”在此可能指资金/资源统筹制度等多种含义；“プール制”缺上下文，需查原词条具体领域后再定中文译名。
remaining_80pct,1971090,為替マリー,かわせマリー,f92e1233t0,gloss,exchange marry,,外汇婚姻,為替マリー/“exchange marry”疑为特定经济术语或源英释义异常；需核实原词条背景和英文拼写再确定中文译法，现译“外汇婚姻”不宜贸然替换。
remaining_80pct,2123290,重電気,じゅうでんき,f107e1420t0,gloss,heavy electric (power),,重电,“heavy electric (power)”是日语产业分类缩略语，可能指重电设备/重电行业；“重电”是否为目标地区可读译名需查行业语料或权威术语表。
remaining_80pct,2160520,相関性,そうかんせい,f111e1050t0,gloss,relativity,,相对性,相関性通常指相关/关联，但该字段英译给 relativity（相对性）；需要核对日文原词条及英释义是否有错，再确定保留“相对性”还是统一改为“关联性”。
remaining_80pct,2187430,油女,あぶらめ,f114e441t0,gloss,fat greenling (Hexagrammos otakii),,油鱼（Hexagrammos otakii）,Hexagrammos otakii 的目标中文鱼名需按可靠鱼类名录核实；“油鱼”在中文另指其他鱼类，可能造成物种误认。
remaining_80pct,2230810,螟蛉,めいれい,f118e1880t0,gloss,hornworm,,角虫,hornworm 可泛指多种天蛾科幼虫，中文“角虫”不是足以确认的标准译名；需核实该旧词条的具体昆虫对应和中文昆虫名录。
remaining_80pct,2303940,ステム幅整合,ステムはばせいごう,f125e1169t0,gloss,snap,,字距对齐,stem width alignment 在计算机字体/排版语境可能对应字干宽度对齐、笔画对齐或字体 hinting；需查原条目所属软件技术上下文后确认，不宜按“字距对齐”直接猜译。
remaining_80pct,2361990,実装密度,じっそうみつど,f130e146t0,gloss,population (density),,填充密度,実装密度/ population density 可能指电子元件装配密度、芯片布置密度或填充密度；需确认该计算机技术词条的具体领域后定译。
remaining_80pct,2401270,皀莢,さいかち,f133e1342t0,gloss,honey locust (Gleditsia japonica),,皂荚（皂荚属植物）,Gleditsia japonica 的中文植物学名可能是山皂荚/日本皂荚；需查权威植物名录后确认“皂荚”是否能唯一对应该物种。
remaining_80pct,2411420,エル,エル,f134e1411t0,gloss,"ell (unit of length, approx. 45 inches)",,肘（长度单位，约45英寸）,ell 是约45英寸的历史布料长度单位；中文对应译名需核对历史度量衡词典，原译“肘”可能被误解为较短的 cubit，暂不猜改。
remaining_80pct,2418150,親に似ぬ子は鬼子,おやににぬこはおにご,f135e744t0,gloss,"like father, like son",,有其父必有其子,"日文谚语和 info 表示不像父母的孩子是鬼子/调换儿；当前英文 like father, like son 含义相反。需核对英文源释义并按日文确认最终中文谚语译法。"
remaining_80pct,2489530,メロゴニー,メロゴニー,f141e1474t0,gloss,merogony,,不完全分裂,merogony 是寄生原虫的繁殖过程，中文译名需核实是裂殖生殖、裂体生殖或其他术语；“不完全分裂”可能不准确。
remaining_80pct,2499300,タイバック,タイバック,f142e827t0,gloss,tie-back,,系回,tie-back 可指窗帘束带、服装/发型固定方式或结构锚固件；无领域上下文，需查该词条目标义后再译，暂不保留字面“系回”。
remaining_80pct,2503850,スパンレーヨン,スパンレーヨン,f142e1507t0,gloss,spun rayon,,纺粘人造丝,spun rayon 是纺制人造丝/短纤人造丝类纺织术语；现译“纺粘人造丝”可能混淆 spunbond 工艺，需查权威纺织术语后确定。
remaining_80pct,2552450,ナヌカザメ属,ナヌカザメぞく,f147e528t0,gloss,Cephaloscyllium (genus of catshark known as swellsharks),,Cephaloscyllium（猫鲨属，俗称膨胀鲨）,Cephaloscyllium 的中文属名应核对权威鱼类名录（可能为膨鲨属）；现译“猫鲨属/膨胀鲨”混合分类层级和俗名，暂不猜改。
remaining_80pct,2553100,エイラクブカ属,エイラクブカぞく,f147e629t0,gloss,Hemitriakis (genus of houndshark in the family Triakidae),,半猫鲨属（Hemitriakis，猫鲨科猫鲨属鱼类）,Hemitriakis 是 Triakidae 科的一属，中文属名与科名需查权威鱼类名录；现译“半猫鲨属（猫鲨科猫鲨属鱼类）”内部分类表述不一致。
remaining_80pct,2560120,ツノダシ科,ツノダシか,f147e1927t0,gloss,Zanclidae (family of perciform fish),,角突科（鲈形目鱼类）,Zanclidae 的中文科名需查权威鱼类分类名录；现译“角突科”可能不是该科的标准名。
remaining_80pct,2570770,ジホスフィン,ジホスフィン,f148e1862t0,gloss,diphosphine,,双磷化氢,diphosphine/diphosphane (P2H4) 的中文化学名称需核实是否应为联膦/二磷化氢等规范名；“双磷化氢”暂无法确认。
remaining_80pct,2584660,準結晶,じゅんけっしょう,f150e529t1,gloss,paracrystal,,准晶体,paracrystal 与 quasicrystal 在材料科学中是不同的结构类型；需核实 paracrystal 的规范中文术语后决定是否用“副晶体”等，暂不直接沿用“准晶体”。
remaining_80pct,2636640,沼鯥,ぬまむつ,f155e791t0,gloss,Nipponocypris sieboldii (species of cyprinid),,日本鲤,Nipponocypris sieboldii 的标准中文鱼名需查可靠鱼类名录；“日本鲤”可能与鲤属混淆，不宜按字面猜改。
remaining_80pct,2646530,残り物に福あり,のこりものにふくあり,f156e787t1,gloss,last but not least,,最后但并非最不重要,“last but not least”表示最后提及但同样重要，与日文谚语“剩下的东西里有福气”并非同义；需核对英文源释义，暂不伪造对应译文。
remaining_80pct,2653810,在宅起訴,ざいたくきそ,f157e298t1,gloss,house arrest,,居家拘禁,在宅起訴是嫌疑人未被羁押而在住所状态下起诉；英语 house arrest 通常指居家拘禁，含义不一致，需核实源英文是否有误。
remaining_80pct,2712950,ユウレイイカ科,ユウレイイカか,f162e1772t0,gloss,Chiroteuthidae (family of squids),,帝王乌贼科（鱿鱼科）,Chiroteuthidae 的中文科名需按权威头足类分类名录核实；现译“帝王乌贼科”看似物种俗名而非科名。
remaining_80pct,2827598,目寄れ,めよれ,f175e1017t0,gloss,distortion in the weave of a fabric,,织物织纹的扭曲,目寄れ的织物术语可描述织纹偏斜/扭曲；当前译文大意成立，但未核定更标准的纺织专业术语。
remaining_80pct,2828529,韮葉蘭,にらばらん,f176e893t0,gloss,Microtis unifolia (species of orchid),,单叶微兰（Microtis unifolia，一种兰花）,Microtis unifolia 的中文标准植物名待核；当前采用音译式译名并附学名，避免误认。
remaining_80pct,2833967,白血球増加症,はっけっきゅうぞうかしょう,f181e1492t1,gloss,hyperleukocytosis,,白细胞增多症,hyperleukocytosis 通常指极高白细胞计数，现译与 leukocytosis 完全相同；中文常用术语/阈值需医学来源核对后定。
remaining_80pct,2844528,レジスタントプロテイン,レジスタントプロテイン,f191e1682t1,gloss,PrP,,蛋白酶抗性蛋白,该组把 protease-resistant protein 的同义缩写列为 PrP；PrP 在生物医学常指 prion protein，缩写对应关系可疑，需核原词典来源。
remaining_80pct,2850195,間皮茸,あいかわたけ,f197e53t0,gloss,Laetiporus versisporus (species of mushroom),,侧生侧耳菌（Laetiporus versisporus）,Laetiporus versisporus 的中文物种名待核；当前“侧生侧耳菌”与学名对应关系不确定，宜保留学名并请分类来源确认。
remaining_80pct,2852205,太陽系外,たいようけいがい,f199e45t1,gloss,trans-Neptunian,,海王星轨道外,trans-Neptunian 与词头“太陽系外”及其他释义 extrasolar 不同，疑似英语字段串入另一概念；当前中文对应英语字段本身无误，待核对词典原始条目。
remaining_80pct,2859087,コーク,コーク,f205e1072t0,gloss,cork (snowboarding maneuver),,软着陆（单板滑雪动作）,单板滑雪动作 cork 是带偏轴旋转的空翻类动作；原译“软着陆”明显不符，但精确中文术语待核，记录待查。
remaining_80pct,2862199,真無盲腸目,しんむもうちょうもく,f208e1079t0,gloss,Eulipotyphla (order of mammals),,真盲兽目（哺乳动物目）,Eulipotyphla 的标准中文分类名在资料中可能因分类系统而异；当前译名需分类学来源复核。
remaining_80pct,1012300,ミンミンゼミ,ミンミンゼミ,f2e661t0,gloss,robust cicada (Oncotympana maculaticollis),,健壮蝉（Oncotympana maculaticollis）,健壮蝉疑为 robust 的逐词错译；检索见斑透翅蝉/鸣鸣蝉，但尚须中文分类学权威来源核对 Oncotympana maculaticollis 的规范中文名。
remaining_80pct,1076570,タンダー,タンダー,f7e447t0,gloss,tender,,温柔,词性为名词而温柔是形容义；需核对タンダー在日文究竟指炭水车、补给船或其他 tender 名词义。
remaining_80pct,1079650,テクノレディー,テクノレディー,f7e883t0,gloss,techno lady,,电子乐女歌手,テクノレディー可能指从事技术工作的女性，现译电子乐女歌手缺少依据；需查日本外来语词典的具体定义。
remaining_80pct,1101740,パッケージメディア,パッケージメディア,f9e123t0,gloss,package media,,软件包媒体,package media 通常涉及实体载体，软件包媒体可能误解 package；需核查日语媒体术语的范围。
remaining_80pct,1122100,ホームリザベーション,ホームリザベーション,f10e1263t0,gloss,home reservation,,家庭预约,home reservation 可能指利用家用通信设备在家预订，现译家庭预约对象不清；需查日语术语定义。
remaining_80pct,1129750,マルチチャネラー,マルチチャネラー,f11e377t0,gloss,multichanneler,,多通道器,multichanneler 可能是器件或具有多种兴趣/信息渠道的人，需核对日语外来语定义以判定多通道器是否正确。
remaining_80pct,1261980,原成岩,げんせいがん,f23e1408t0,gloss,primary rocks,,原岩,primary rocks 的旧式地质分类含义需核对；中文原岩通常对应 protolith，可能与原成岩不是同一概念。
remaining_80pct,1361390,振作,しんさく,f33e241t0,gloss,prosperity,,繁荣,振作通常指振兴或振奋，但源英释 prosperity 为繁荣；需查原义项是否误译/遗漏动作义。
remaining_80pct,1371530,水酸化,すいさんか,f34e242t0,gloss,hydration,,水合,水酸化可能对应 hydroxylation 而源英释为 hydration；需核对化学术语及原始词条。
remaining_80pct,1394160,前立て,まえだて,f36e809t3,gloss,figurehead,,前立,前立て第二义项 figurehead 可能指名义领袖，现译照抄日文；需查日文释义排除船首像含义。
remaining_80pct,1773060,海棠,かいどう,f75e1217t4,gloss,aronia (flower),,阿罗尼亚（花）,原英释 aronia (flower) 与日本海棠词条所列苹果属物种不一致；需核对该义项源词和实际指称后再确定中文植物名。
remaining_80pct,1791800,入漁,にゅうぎょ,f77e1166t0,gloss,fishing in restricted waters,,进入渔场,fishing in restricted waters 指在受限/专属水域捕鱼，需核实具体制度语境才能确定应称禁渔区、专属渔场或特许渔区。
remaining_80pct,1851630,織り出す,おりだす,f83e1121t2,example,He fell a victim to his own ambition.,彼(かれ)は自(みずか)ら野(や)心(しん)の事(じ)業(ぎょう)に織(お)り出(だ)した。,他把自己织进了自己的野心事业中。,英文例句称因野心受害，日文则是开始投身野心事业，存在源例句语义冲突；需核对词源并决定例句以哪种语言为准。
remaining_80pct,1931460,会計報告,かいけいほうこく,f89e431t2,example,Paul's knowledge of creative bookkeeping has been the secret of his ability to get all the staffing he needs.,ポールは会計報告の裏面操作について知識があったので、その隠れた才能を発揮して必要なものを全て手に入れていた。,保罗对会计报告的后台操作有知识，因此发挥其隐藏的才能，获得了所有需要的东西。,英文例句讲 creative bookkeeping 如何帮助取得所需员工，日文却说会计报告的幕后操作及取得所需的一切；两种源句语义不同，需核对源文及中文应据何者修订。
remaining_80pct,2215550,ネグリロ,ネグリロ,f117e649t0,gloss,Negrillo,,尼格里洛人,Negrillo 是历史性西语族称，需核对该条具体所指群体及中文约定译名（尼格利陀人/其他），暂不自行音译定名。
remaining_80pct,2257060,カーヌーン,カーヌーン,f121e1483t0,gloss,qanun (Near-Eastern string instrument),,卡农琴（近东地区的弦乐器）,qanun 是近东拨弦乐器，中文专名译法存在多种音译；“卡农琴”易与西方卡农混淆，需核对权威乐器名后确定译名。
remaining_80pct,2391720,利用可能時間,りようかのうじかん,f132e1475t0,gloss,accountable time,,可归因时间,accountable time 是特定计算机资源/时间管理术语，现译可归因时间不通顺；需核实该词条具体系统语境及其规范中文术语后修订。
remaining_80pct,2409250,共通感覚,きょうつうかんかく,f134e1023t0,gloss,common sense,,常识,philosophy 标签下 common sense 指哲学术语共通感/共通感官；需确认目标中文体系采用“共通感”“共通感官”还是“共同感觉”，不直接按日文改词。
remaining_80pct,2414850,合接,ごうせつ,f134e1988t0,gloss,conjunction,,连词,合接在语法/逻辑语境可能指连词或逻辑合取，需查原条目所属学科语境后决定是否用“合取”。
remaining_80pct,2464870,にざだい,にざだい,f139e1728t0,gloss,scalpel sawtail (Prionurus scalprum),,手术刀锯尾鲈（Prionurus scalprum）,Prionurus scalprum 是刺尾鱼科鱼类，中文专名需查可靠鱼类名录；“手术刀锯尾鲈”是逐字误译，暂不另造名称。
remaining_80pct,2501830,個虫,こちゅう,f142e1184t0,gloss,zooid,,个体虫,zooid 是群体生物中的个员/个体，需核实该领域规范中文术语，现译“个体虫”可能不规范。
remaining_80pct,2508280,陸鹿尾菜,おかひじき,f143e293t0,gloss,Salsola komarovii (species of saltwort),,沙氏碱蓬（ Salsola komarovii，碱蓬的一种）,Salsola komarovii 的规范中文植物名需核实；现译沙氏碱蓬可能不准确，不据字面自行造名。
remaining_80pct,2524070,弾機孔針,だんきあなはり,f144e1456t0,gloss,split-eye needle,,分眼针,split-eye needle 指针眼开口至针尖的缝隙结构，需核对缝纫/制针行业规范术语，暂不把分眼针擅改为开口针。
remaining_80pct,2535000,妻問婚,つまどいこん,f145e1517t1,gloss,duolocal marriage,,双地婚姻,duolocal marriage 是婚后夫妻分别居住的婚制术语，需核实人类学领域标准中文译法（如双居婚）再确定，双地婚姻可能不规范。
remaining_80pct,2566730,桷,ずみ,f148e1121t0,gloss,Toringo crabapple (Malus sieboldii),,唐梨（学名：Malus sieboldii）,Malus sieboldii 的常用中文名需核对植物分类名录；唐梨可能与其他梨属植物混淆，暂不自造名称。
remaining_80pct,2584180,粉種,ふんしゅ,f150e448t0,gloss,"blend code (metallurgy, manufacturing)",,粉种（冶金、制造）,blend code 在粉末冶金/制造语境可能指混合料编号或配方代码，需核对领域定义后再定“粉种”的译法。
remaining_80pct,2649370,脇座,わきざ,f156e1378t0,gloss,"downstage left (in noh), where the secondary actor is often seated",,舞台左前方（能乐），次要角色常坐于此,能舞台的方位通常以观众/演员视角表示不一，英语明确为downstage left但日文脇座通常是舞台一侧的脇方座位；需确认术语对应视角后再判是否应保留“左前方”。
remaining_80pct,2742400,瀬田蜆,せたしじみ,f165e1336t0,gloss,Corbicula sandai (species of basket clam),,砂田篮蛤（一种篮蛤）,Corbicula sandai 的中文种名存在区域差异，需核对权威双壳类名录后确定“瀬田蜆/砂田篮蛤”应对应的简体中文名称。
remaining_80pct,2827003,ジンミー,ジンミー,f175e17t0,gloss,dhimmi,,迪米,dhimmi 是伊斯兰政权中受保护的非穆斯林臣民/居民，中文学术译名有“齐米”“迪米”等差异，需确认统一术语后再决定音译。
remaining_80pct,2827629,ギュメ,ギュメ,f175e1068t0,gloss,angle bracket,,尖括号,guillemet 常指法式角引号« »，而英释 angle bracket 也可指尖括号；需结合该词条实际排印用法判定中文名称。
remaining_80pct,1017420,アナフィラキシー,アナフィラキシー,f2e1505t0,gloss,anaphylaxis,,过敏反应,anaphylaxis的医学译名是否应细化为全身性严重过敏反应，需核对中文医学术语。
remaining_80pct,1021450,イッピー,イッピー,f3e66t0,gloss,yippie,,嬉皮士,yippie与hippie并非完全等同；需核对青年国际党成员的惯用中文称谓。
remaining_80pct,1066940,スーパーマウス,スーパーマウス,f6e1052t0,gloss,super mouse,,超级鼠标,スーパーマウス可能指经基因处理的超级小鼠，当前译成电脑鼠标；需核对日语词源义项。
remaining_80pct,1115680,プラスチックマネー,プラスチックマネー,f10e278t0,gloss,plastic money,,塑料货币,plastic money通常指信用卡等卡式支付，原译可能误读为塑料制货币；需核实日语词典定义。
remaining_80pct,1118760,ヘリオスコープ,ヘリオスコープ,f10e724t0,gloss,helioscope,,日光反射镜,helioscope疑为太阳观测镜，日光反射镜对应heliostat等；需查专业光学词典。
remaining_80pct,1139570,ラブイン,ラブイン,f11e1776t0,gloss,love-in,,恋爱活动,love-in疑为嬉皮士友爱聚会而非恋爱活动；需核实约定中文译法。
remaining_80pct,1177980,遠隔視,えんかくし,f15e954t0,gloss,remote viewing,,远程视觉,remote viewing可能特指超心理学遥视，需核实远隔視在此词条的领域。
remaining_80pct,1204000,外湯,そとゆ,f18e35t0,gloss,"open air bath (in an inn, onsen, etc.)",,露天浴,日语外湯常指旅馆外的公共浴场，英文open air bath与此可能冲突；需核对原词条。
remaining_80pct,1204000,外湯,そとゆ,f18e35t1,gloss,external hot spring bath,,露天温泉,external hot spring bath可能指旅馆外浴场而非露天温泉；与上一字段英文有冲突需核实。
remaining_80pct,1229530,求人誌,きゅうじんし,f20e1066t0,gloss,job advertisement,,招聘广告,求人誌按词头应是招聘杂志，而英文只给job advertisement；需核对是否源文漏刊物义。
remaining_80pct,1339820,出店,でみせ,f31e74t1,example,There was a row of about 20 stalls at the fair.,勧工場には約２０の出店が並んだ。,劝工会上排着约20个摊位。,勧工場为历史商业设施，当前劝工会疑不准确；英文fair与日文具体名词不同，需核实设施译名。
remaining_80pct,1406780,損保,そんぽ,f37e1334t1,gloss,general insurance,,综合保险,general insurance为非寿险统称，综合保险可能误成险种覆盖范围；需核实保险业中文术语。
remaining_80pct,1406780,損保,そんぽ,f37e1334t3,xref,non-life insurance; general insurance; property and casualty insurance,,非人寿保险；综合保险；财产与责任保险,xref同有general insurance译综合保险以及casualty译责任保险的问题，需核实行业译法。
remaining_80pct,1521780,牧場鳥,まきばどり,f48e1037t0,gloss,meadowlark,,草地百灵,meadowlark（牧場鳥）属于拟黄鹂科，并非百灵；常见中文属名和具体物种中文名可能不同。需核实此日文泛指词在权威中文鸟类名录中的通行译名，确认应译“草地拟黄鹂”或其他名称。
remaining_80pct,1521780,牧場鳥,まきばどり,f48e1037t1,gloss,field lark,,草地百灵,field lark 是 meadowlark 的旧称/别称；需和 t0 一并核实同一鸟类泛称的权威中文译名。
remaining_80pct,1637060,鯣烏賊,するめいか,f62e480t0,gloss,Japanese common squid,,日本普通鱿鱼,Japanese common squid 与 Pacific flying squid 指向 Todarodes pacificus，当前“日本普通鱿鱼”可能不是该物种规范中文名。需核查权威中国海洋生物名录对该学名的标准中文名，并统一 t0/t1。
remaining_80pct,1637060,鯣烏賊,するめいか,f62e480t1,gloss,Pacific flying squid (Todarodes pacificus),,太平洋飞鱿鱼（Todarodes pacificus）,Todarodes pacificus 的规范中文名待查；请核对权威中国海洋生物名录，确认“太平洋飞鱿鱼”是否标准并与 t0 统一。
remaining_80pct,1748780,浮塵子,うんか,f73e110t1,gloss,leafhopper,,叶蝉,浮塵子对应 Delphacidae（飞虱科），而 leafhopper 通常指 Cicadellidae（叶蝉科），英文义项可能存在分类冲突。需核对该日文词条或 JMdict 英文释义的分类依据，再决定是否保留/修订“叶蝉”。
remaining_80pct,1830620,生き霊,いきりょう,f81e604t2,gloss,co-walker,,同行者,co-walker 在英语中可指与本人同行的幽灵或分身；当前“同行者”会被理解为普通同行者。需核对此罕见民俗义项的来源和确切所指后再定中文。
remaining_80pct,1962800,ガス液,ガスえき,f91e1962t0,gloss,gas liquor,,煤气,gas liquor 是煤气制造过程中产生的副产液体，不等同于煤气本身。需核实该日文“ガス液”是否特指煤气液（含氨废液等）及合适的中文术语，再决定译法。
remaining_80pct,2281070,アプリオリ法,アプリオリほう,f124e215t0,gloss,gestalt method,,先验法,“アプリオリ法”与 t1 的 a priori method 相符，但 t0 英文写 gestalt method（格式塔方法），二者不是同一方法。需核对 JMdict 原英文释义或该术语实际所指，再决定修正英文源字段还是中文翻译。
remaining_80pct,2309080,テキスト平面定義ベクトル,テキストへいめんていぎベクトル,f125e1848t0,gloss,text direction vectors,,文本平面定义向量,日文词头逐字对应“文本平面定义向量”，英文却是 text direction vectors；需核对该计算机图形学术语的原始定义后，再确定中文是“文本平面定义向量”还是“文本方向向量”。
remaining_80pct,2353240,研究展望報告書,けんきゅうてんぼうほうこくしょ,f129e620t0,gloss,state of the art report,,研究展望报告,英文 state-of-the-art report 指介绍某领域当前技术水平/研究现状的报告，而日文研究展望報告書和当前中文“研究展望报告”更像未来展望。需核对源词条定义究竟是现状综述还是未来展望，再确定修订方向。
remaining_80pct,2466860,クリーンビル,クリーンビル,f140e48t0,gloss,clean bill,,清洁账单,clean bill 脱离上下文可指清洁账单、经审议未作修订的法案，也可缩写自 clean bill of health。需确认词条原义属于哪一语境后再定中文；现译“清洁账单”无法据此判断。
remaining_80pct,2532000,確認写真,かくにんしゃしん,f145e964t0,gloss,portal film (e.g. in radiotherapy),,验证照片,portal film 在放射治疗中具体指验证影像/验证片；需核对临床放疗术语在简体中文中的规范写法，再决定是否把“验证照片”改为“放疗验证片”。
remaining_80pct,2550490,アズマギンザメ,アズマギンザメ,f147e220t1,gloss,narrownose chimaera,,窄鼻鳐,narrownose chimaera 的中文种名需要核实分类学与规范中文名；现译“窄鼻鳐”至少有鳐类归属问题，但不确定其固定译名。
remaining_80pct,2578090,カワユス,カワユス,f149e1188t3,xref,① cute; adorable; charming; lovely; pretty,,① 可爱；讨人喜欢；迷人；可爱；漂亮,xref 中 lovely 对应译为“可爱”可能与 adorable 重复；“可爱的”或“秀丽的”需结合被引用词条的中文释义风格确认。
remaining_80pct,2622140,類線形動物,るいせんけいどうぶつ,f153e1855t0,gloss,nematomorpha,,线形动物,Nematomorpha 是与线虫门不同的动物门，需核实简体中文规范门名后再改；现译“线形动物”可能误导为线虫。
remaining_80pct,2642640,戸毎眼張,とごっとめばる,f156e63t0,gloss,Sebastes joyneri (genus of fish),,乔氏平鲉（鱼类属）,Sebastes joyneri 是鱼类物种而非属，现译“乔氏平鲉（鱼类属）”将种误标为属；需核实该种规范中文名及属级信息。
remaining_80pct,2735440,ダメリカ,ダメリカ,f164e1903t0,gloss,America,,美国,ダメリカ是ダメ（糟糕）与アメリカ的贬称混成词；需核对该词条中文是否应体现贬义，单写“美国”可能遗漏语用色彩。
remaining_80pct,2751920,桑鳲千鳥,いかるちどり,f166e1160t0,gloss,long-billed plover (Charadrius placidus),,长嘴鹬,Charadrius placidus 属鸻科而非鹬科，需核实该种标准中文名（疑为长嘴鸻）；现译“长嘴鹬”可能类群用字不准。
remaining_80pct,2786000,采振木,ざいふりぼく,f169e1785t0,gloss,Asian serviceberry (Amelanchier asiatica),,欧洲李,Amelanchier asiatica 是东亚树种，现译“欧洲李”似对应不同植物；需查规范中文种名后再统一此词条多个英文别名。
remaining_80pct,2786000,ザイフリボク,ザイフリボク,f169e1786t0,gloss,Asian serviceberry (Amelanchier asiatica),,亚洲沙梨（Amelanchier asiatica）,同组 Amelanchier asiatica 的“亚洲沙梨”可能误导为梨属；需查该树种规范中文名，并核对各异名译法。
remaining_80pct,2795370,食養,しょくよう,f170e1715t5,gloss,macrobiotics,,宏观饮食,macrobiotics / macrobiotic diet 明确不是“宏观饮食”，建议改为“宏生饮食”或“长寿饮食”；需确认项目中统一采用的中文术语后修正。
remaining_80pct,2831245,衛星政党,えいせいせいとう,f179e247t0,gloss,bloc party,,集团党,bloc party 在政治语境中可能指集团/阵营政党或卫星党；需核实此处日文用法与当前译名“集团党”的惯用程度。
remaining_80pct,2832704,ポルトギーザー,ポルトギーザー,f180e1063t0,gloss,Portugieser (wine grape variety),,葡萄牙（葡萄酒葡萄品种）,葡萄品种 Portugieser 被译为“葡萄牙”过于字面；需核对葡萄酒领域中文品种名后改。
remaining_80pct,2841287,ストッティング,ストッティング,f188e1715t0,gloss,stotting,,跳跃,stotting 是羚羊等动物的特定弹跳展示行为，不只是普通跳跃；需查适用于该动物行为的规范中文术语。
remaining_80pct,2854955,合法主義,ごうほうしゅぎ,f201e1298t0,gloss,legalism,,合法主义,legalism 在法律语境可指依法主义/法治主义，现译“合法主义”不够明确；需核对条目来源所指学说后确定规范译名。
remaining_80pct,2863661,スリークォーターバック,スリークォーターバック,f209e1973t0,gloss,three-quarter back (in rugby),,四分之三卫（橄榄球）,three-quarter back 是橄榄球位置名称，现译“四分之三卫”可能是直译且不够明确；需核实中文橄榄球位置规范术语。
remaining_80pct,2865888,モノ質,モノしち,f212e158t0,gloss,taking an object hostage,,扣押物品,taking an object hostage 指挟持/扣留物品以胁迫，现译“扣押物品”可能遗漏人质要挟含义；需核对具体网络俚语用法。
remaining_80pct,2872367,尾白ヌー,おじろヌー,f218e1035t0,gloss,white-tailed gnu (Connochaetes gnu),,白尾角牛（Connochaetes gnu）,Connochaetes gnu 是已灭绝的白尾牛羚（white-tailed wildebeest），现译“白尾角牛”疑为未采用常见中文种名；需核实可靠分类数据库的中文名。
remaining_80pct,1038570,カラーダイナミックス,カラーダイナミックス,f4e831t0,gloss,color dynamics,,色彩动态,color dynamics 在该日语词条是否特指色彩调节或色彩心理效应，需查日语专业定义；现译色彩动态与另字段色彩动力学不一致。
remaining_80pct,1118770,ヘリオトロープ,ヘリオトロープ,f10e725t0,gloss,heliotrope,,日光石,heliotrope 可能为天芥菜、香水草或血石，日光石不对应常见义；需查日语词条实际所指再选定译名。
remaining_80pct,1276330,口述書,こうじゅつしょ,f24e1930t0,gloss,affidavit,,口述书,口述書与英文 affidavit 的通常含义（宣誓书）存在范围差异，需核对日语原词条的文书制度语境，避免仅依英文改义。
remaining_80pct,1354050,上等兵,じょうとうへい,f32e683t2,gloss,lance corporal (US Marines; Commonwealth military),,下士（美国海军陆战队；英联邦军队）,lance corporal 在美海军陆战队与英联邦的对应军衔不同，统一译下士可能不准；需核对各制度通行中文译名。
remaining_80pct,1639250,矢柄,やがら,f62e965t1,gloss,cornetfish,,角鱼,cor netfish 的具体鱼类中文标准名需核对物种对应；现译‘角鱼’可能过泛或指向不同鱼类。
remaining_80pct,1712480,鉤十字,かぎじゅうじ,f69e1565t0,gloss,"swastika (in its clockwise form, esp. as a Nazi symbol)",,卐字（顺时针形态，尤其作为纳粹标志）,英文限定了顺时针钩十字形态，但中文卐/卍字符的方向对应需核对源字形或字典图示后确认。
remaining_80pct,1772860,海洋投棄規制条約,かいようとうききせいじょうやく,f75e1158t0,gloss,Convention on the Prevention of Marine Pollution by Dumping of Wastes and Other Matter (1972),,海洋倾倒管制条约,该条约的正式中文名称需查权威公约文本，现译‘海洋倾倒管制条约’可能不是官方译名。
remaining_80pct,1825440,糸印,いとじるし,f80e1562t0,gloss,thread to make seams conspicuous,,线迹,糸印在缝纫语境中的具体工艺对应需查纺织术语；现译‘线迹’可能指缝成后的针迹，未必是用于显出接缝的线。
remaining_80pct,1880890,執金鋼,しっこんごう,f85e1288t0,gloss,Diamond Holder (name of a Buddhist celestial being),,金刚持（佛教天神名）,佛教天神 Diamond Holder 的中文专名需核对对应佛教人物，现译‘金刚持’可能与不同尊名混淆。
remaining_80pct,1989030,営業手法,えいぎょうしゅほう,f94e714t0,gloss,business model,,营业手法,日文词头営業手法指销售方法/销售手法，而英文 business model 指商业模式；中文现译贴合日文，需上游确认英文释义是否错配。
remaining_80pct,2026900,ユーロ円債,ユーロえんさい,f98e307t0,gloss,Euro-yen bond,,欧元日元债券,Euro-yen bond 是在日本境外发行的日元债券，不是欧元与日元混合债券；中文规范译名需核对金融术语资料。
remaining_80pct,2066770,一葉楓,ひとつばかえで,f102e230t0,gloss,lime-leaved maple (Acer distylum),,石灰叶枫（Acer distylum）,此条一叶楓/一葉楓的常用中文植物名需以权威植物志核验；在核对前暂不确定‘一叶槭’是否为接受名。
remaining_80pct,2107760,Ｂｌｕｅｔｏｏｔｈ,ブルートゥース,f106e301t0,gloss,Bluetooth (variety of short-range wireless LAN),,蓝牙（一种短距离无线局域网技术）,释义称Bluetooth为wireless LAN的一种，可能混淆近距离无线技术与无线局域网；需查Bluetooth SIG或标准文本确认源文分类。
remaining_80pct,2165880,胎児切迫仮死,たいじせっぱくかし,f112e217t0,gloss,fetal death due to distress,,胎儿窘迫死亡,胎児切迫仮死是专业产科术语，现译‘胎儿窘迫死亡’可能把窘迫状态与已死亡混为一谈；需核对权威医学词典定义。
remaining_80pct,2180550,フルカラー,フルカラー,f113e1078t1,example,"Simply follow the instructions below, and in no time you will be printing full color documents just as easily and quickly as black and white.",下記の指示に従いさえすれば、すぐに白票と同様に容易かつ迅速にフルカラーの書類を印刷することができる。,只要按照下面的指示操作，就能像黑白打印一样轻松快速地打印出全彩文件。,英文例句为黑白打印，但日文原句写白票（白纸选票），与上下文不符，需核对源例句是否损坏。
remaining_80pct,2288630,オーバードライブプロセッサ,オーバードライブプロセッサ,f124e992t0,gloss,over drive processor,,超驱动处理器,OverDrive Processor 可能是历史产品专名，现译‘超驱动处理器’需核对是否应保留品牌名或译作超频处理器。
remaining_80pct,2401520,乱れ勝ち,みだれかち,f133e1385t0,gloss,undone victory,,胜局被毁,‘乱れ勝ち’的源词义与英文备选释义（undone/upset/lost victory）彼此不完全吻合，需核对日文词典原义后再确定中文。
remaining_80pct,2405460,国際貿易,こくさいぼうえき,f134e176t2,example,An international trade ban could be the last straw for that country's economy.,国(こく)際(さい)貿(ぼう)易(えき)禁(きん)止(し)令(れい)がその国(くに)の経(けい)済(ざい)にとって最(さい)後(ご)の頼(たの)みでしょう。,国际贸易禁令对该国的经济来说，恐怕是最后的救命稻草了。,英文例句说贸易禁令是压垮经济的最后一根稻草，日文却说是最后的依靠，源例句含义相反，需核实哪种源文正确。
remaining_80pct,2421500,後形質,こうけいしつ,f135e1548t0,gloss,metaplasm (granular portion of cytoplasm),,后质体（细胞质的颗粒部分）,metaplasm 的细胞学义项及 granulated portion of cytoplasm 的对应译名较专业，需查细胞学词典核定‘后质体’。
remaining_80pct,2438870,白雲母,しろうんも,f137e827t2,gloss,talc,,滑石,英文将白云母释为talc（滑石），与同条mus covite（白云母）冲突；需核实原词是否另有矿物义或英文错配。
remaining_80pct,2438870,白雲母,はくうんも,f137e828t2,gloss,talc,,滑石,英文将白云母释为talc（滑石），与同条mus covite（白云母）冲突；需核实原词是否另有矿物义或英文错配。
remaining_80pct,2444340,鬼鼠,おにねずみ,f137e1834t0,gloss,greater bandicoot rat (Bandicota indica),,大袋狸鼠（Bandicota indica）,Bandicota indica 是鼠类而非有袋类 bandicoot；现译‘大袋狸鼠’可能误导，需核对该鼠种标准中文名。
remaining_80pct,2452630,吊るし責め,つるしぜめ,f138e1540t0,gloss,strappado,,吊刑,strappado 是特定的反绑吊拷刑具/刑罚，现译‘吊刑’可能被理解为绞刑；需核对刑罚史术语。
remaining_80pct,2463720,タップミノー,タップミノー,f139e1504t0,gloss,topminnow,,顶梢,topminnow 是一类鱼的英文统称，日文交叉引用则指食蚊鱼；‘顶梢’不像可确认的中文鱼名，需核查具体分类对应。
remaining_80pct,2466250,カーダンパー,カーダンパー,f139e1953t0,gloss,car dumper,,汽车举升器,car dumper 可能指铁路翻车机，也可能是车辆举升/倾卸装置；缺少领域语境，现译需查设备术语。
remaining_80pct,2470390,リンボー,リンボー,f140e605t0,gloss,limbo,,林博,Limbo 可指林波舞或悬而未决状态，词条缺少语境；‘林博’无法判断意图，需核实目标义项。
remaining_80pct,2490210,モノディー,モノディー,f141e1567t0,gloss,monody,,单声部,monody 是音乐体裁（独唱声部配伴奏），‘单声部’可能过宽；需查专业音乐术语确定中文规范名。
remaining_80pct,2507470,ペプラム,ペプラム,f143e149t0,gloss,peplum,,佩普姆,peplum 是服装腰部的短裙摆/装饰片，需核对服装术语；现译音译‘佩普姆’不便理解。
remaining_80pct,2544070,ロックビューティー,ロックビューティー,f146e1196t0,gloss,rock beauty (Holacanthus tricolor),,岩石美人鱼（Holacanthus tricolor）,Holacanthus tricolor 的通行中文鱼名需查权威鱼类名录；‘岩石美人鱼’像逐字翻译。
remaining_80pct,2544150,イースターアイランドバタフライフィッシュ,イースターアイランドバタフライフィッシュ,f146e1205t0,gloss,Easter Island butterflyfish (Chaetodon litus),,复活节岛蝴蝶鱼（Chaetodon litus）,Chaetodon litus 的标准中文种名需核对鱼类名录；‘复活节岛蝴蝶鱼’可能只是地名音译。
remaining_80pct,2545310,カスミチョウチョウウオ属,カスミチョウチョウウオぞく,f146e1389t0,gloss,Hemitaurichthys (genus of tropical butterflyfish),,雾蝶鱼属,Hemitaurichthys 属的中文属名需核对分类名录，‘雾蝶鱼属’准确性不确定。
remaining_80pct,2546420,ウェスタンキングラス,ウェスタンキングラス,f146e1588t0,gloss,Western king wrasse (Coris auricularis),,西王军鱼,Coris auricularis 的标准中文鱼名需核对权威名录，现译‘西王军鱼’无法确认。
remaining_80pct,2551000,オスジクロハギ,オスジクロハギ,f147e300t1,gloss,blue-banded pualu,,蓝带普鲁鱼,blue-banded pualu 的物种中文名需核实，当前‘蓝带普鲁鱼’可能为音译。
remaining_80pct,2622490,クラヴィーア,クラヴィーア,f153e1919t0,gloss,clavier,,键盘,clavier 可指键盘乐器或键盘部件；缺少上下文，‘键盘’可能过于宽泛，需查该词典该义项指向。
remaining_80pct,2635530,オショロコマ,オショロコマ,f155e552t0,gloss,"dolly varden (species of trout, Salvelinus malma, esp. subspecies Salvelinus malma malma)",,大麻河大马哈鱼,Dolly Varden（Salvelinus malma）的中文标准鱼名需核对权威鱼类名录；现译‘大麻河大马哈鱼’很可能混淆物种。
remaining_80pct,2635820,極楽鯊,ごくらくはぜ,f155e617t0,gloss,barcheek goby (Rhinogobius giurinus),,极乐鲨,Rhinogobius giurinus 的规范中文鱼名需核实；‘极乐鲨’与虾虎鱼分类不符。
remaining_80pct,2635820,ゴクラクハゼ,ゴクラクハゼ,f155e618t0,gloss,barcheek goby (Rhinogobius giurinus),,条鳍鱼,Rhinogobius giurinus 是虾虎鱼，现译‘条鳍鱼’过于宽泛；需查标准种名。
remaining_80pct,2636700,ニュージーランドミナミアユ,ニュージーランドミナミアユ,f155e811t0,gloss,New Zealand grayling (Prototroctes oxyrhynchus),,新西兰南鱼,Prototroctes oxyrhynchus 的规范中文名需核对；现译‘新西兰南鱼’可能是直译或错误俗名。
remaining_80pct,2671570,ボイド管,ボイドかん,f158e1797t0,gloss,cardboard tube for pouring concrete into on building sites,,建筑工地用于浇筑混凝土的纸板管,ボイド管在建筑中用作形成空腔/空洞的模板管，英译说‘pouring concrete into’可能省略了成型用途，需核对术语。
remaining_80pct,2675630,しんたま,しんたま,f159e585t0,gloss,round tip (cut of beef),,圆肉尖端,しんたま是特定牛肉分割部位，‘round tip’和现译‘圆肉尖端’都不足以确认中文标准切块名；需查肉类分割术语。
remaining_80pct,2833492,種数,しゅすう,f181e533t0,gloss,genus,,亏数,数学 genus 可能依分支译作亏格/属等；‘亏数’难以确认，需补查该词条具体学科定义。
remaining_80pct,2834103,癖球,くせだま,f181e1759t0,gloss,junk ball (pitch),,垃圾球（投球）,junk ball 是棒球中变化大、威力较弱的投球，中文常用译法随具体球路而异；‘垃圾球’不规范，需核实目标术语。
remaining_80pct,2841186,アウトドロップ,アウトドロップ,f188e1537t0,gloss,outdrop,,外投球,outdrop 是棒球投球术语，但其具体球路译名需核实；现译‘外投球’看似直译，暂不能确认是否对应标准中文术语。
remaining_80pct,2856149,ゆのみねしだ,ゆのみねしだ,f202e1460t0,gloss,bat's wing fern (Histiopteris incisa),,杯羽,该蕨类 Histiopteris incisa 的中文标准名需查植物分类资料；现译‘杯羽’看似误译，不能仅凭英文俗名确定可靠中文名。
remaining_80pct,2871048,おきゅうと,おきゅうと,f217e364t0,gloss,okyūto,,冲吕头,おきゅうと是福冈特产的海藻凝胶条状食品，现有音译‘冲吕头’明显不通；中文规范菜名需核实，不能可靠地自行造译名。
remaining_80pct,2867367,コナギ,コナギ,f213e961t0,gloss,heartshape false pickerelweed (Monochoria vaginalis),,心形假慈姑（Monochoria vaginalis）,Monochoria vaginalis 的中文植物学名称需查权威植物志；现译‘心形假慈姑’仅为英文俗名直译，无法确认是否为规范中文物种名。
remaining_80pct,1021540,イニシエーション,イニシエーション,f3e80t0,gloss,initiation,,启蒙,イニシエーション通常涉及入会或成年仪式；需核实单一英文 initiation 在源词条的义项范围，启蒙或过窄。
remaining_80pct,1026390,ウォークラリー,ウォークラリー,f3e929t0,gloss,walk rally,,步行集会,walk rally 疑为按路线图徒步活动，非集会；需核实日本活动官方定义与中文名称。
remaining_80pct,1033080,オープンサイド,オープンサイド,f3e1970t0,gloss,open side (rugby),,橄榄球中的开放侧,需核实橄榄球 open side 的规范术语，开放侧疑为生硬直译。
remaining_80pct,1052510,コンチネンタルプラン,コンチネンタルプラン,f5e921t0,gloss,continental plan,,大陆式计划,continental plan 疑为含欧式早餐的酒店房价方案，需核实术语。
remaining_80pct,1056410,サウンドビジネス,サウンドビジネス,f5e1494t0,gloss,sound business,,声音业务,需核实日语サウンドビジネス具体指音响或音乐产业，不能按英语 sound 的稳健义擅改。
remaining_80pct,1066040,ジュニアウェルター,ジュニアウェルター,f6e925t0,gloss,junior welter (weight),,次中量级,junior welter 与 welter 级别不同，需核实所指运动及规范中文级别。
remaining_80pct,1086250,トランスピュータ,トランスピュータ,f7e1836t0,gloss,transputer,,传输处理器,需核实 transputer 微处理器的规范中文名，传输处理器疑为误拆词。
remaining_80pct,1098110,バウサイド,バウサイド,f8e1564t0,gloss,bow side,,船首侧,bow side 可能指赛艇右舷而非船首一侧，需核实日语体育用法。
remaining_80pct,1109020,フィギュラティフ,フィギュラティフ,f9e1253t0,gloss,figurative,,比喻的,フィギュラティフ疑为美术的具象表现而非比喻，需核对法语来源与词条范围。
remaining_80pct,1148930,ワウフラッター,ワウフラッター,f12e1120t0,gloss,wow and flutter,,哇和颤动,wow and flutter 是音频转速波动相关术语，原译哇疑误；需查规范中文术语。
remaining_80pct,1275580,厚板,あついた,f24e1828t4,gloss,Elaphoglossum yoshinagae (species of fern),,吉永蕨（蕨类植物的一种）,需核实 Elaphoglossum yoshinagae 的中文分类学名称，吉永蕨可能是按种加词自行译造。
remaining_80pct,1284830,合式,ごうしき,f25e1385t3,gloss,categorical,,分类的,categorical 在合式义下译分类的疑误，但英日义项也可能不吻合，需核实原条。
remaining_80pct,1354320,上聞,じょうぶん,f32e711t0,gloss,an imperial hearing,,御前会议,‘御前会议’似乎将 imperial hearing 限定为会议；需核对该词是否专指向天皇陈情/奏报的场合。
remaining_80pct,1371650,水上警察,すいじょうけいさつ,f34e267t0,gloss,Coast Guard,,海岸警卫队,日文词头直译为水上警察，英文为 Coast Guard；需核对词典是否将该词限定为海岸警卫队，当前中文‘海岸警卫队’可能过窄。
remaining_80pct,1481500,版下書き,はんしたかき,f44e1685t0,gloss,block copy artist,,拼版艺术家,block copy artist 的具体职业可能涉及印刷制版或照相制版，当前‘拼版艺术家’可疑；需查权威日英辞典及出版印刷术语。
remaining_80pct,1477580,発信側,はっしんがわ,f44e980t1,gloss,transmitter,,发射器,词头明确为‘发送侧’，译作‘发射器’像设备而非发送方；英文 transmitter 有设备义，需核对原词典意图。
remaining_80pct,1710050,防炎剤,ぼうえんざい,f69e1122t0,gloss,fire-extinguishing agent,,灭火剂,日文防炎剤通常指阻燃剂，英文给 fire-extinguishing agent（灭火剂），两者用途不同；需核对原词条来源是否英释误标，再决定是否改中文。
remaining_80pct,1755800,山ごもり,やまごもり,f73e1697t2,gloss,retreat,,研修会,retreat 在此可能指山中集体静修或组织异地活动；‘研修会’偏培训会议，需核对该词条语境后确定中文。
remaining_80pct,1836880,角質,かくしつ,f81e1953t3,gloss,collagen,,胶原蛋白,英语列 collagen（胶原蛋白），但日文词头角質及上下文描述角质层；需核对该英文义项是否为源数据误配，不能把胶原蛋白当作角质的同义词。
remaining_80pct,1879570,散歩道,さんぽみち,f85e1124t5,gloss,mall,,商业区,mall 可指林荫步道/公共散步道，也可指购物中心；词头散歩道支持前者，当前‘商业区’可能取了现代购物中心义。需核对英释的具体词源语境。
remaining_80pct,1901550,白頭翁,はくとうおう,f86e1980t0,gloss,windflower,,白头翁,植物义 windflower 与 anemone 的中文名有多个分类和俗名映射；‘白头翁’可能指不同属种，需核实日文白頭翁此处具体所指再定译名。
remaining_80pct,1991910,血液ドーピング,けつえきドーピング,f94e1358t0,gloss,blood doping,,血液兴奋剂,blood doping 是通过血液回输提高携氧能力的运动禁用方法，‘血液兴奋剂’可能被理解成药物；需核对中文术语是‘血液兴奋法’还是‘血液兴奋剂’后再定。
remaining_80pct,2019210,準州,じゅんしゅう,f97e1007t1,gloss,demicanton,,县,demicanton 是罕见行政区划词，‘县’可能和原词层级不符；需查该词的具体历史/地理定义后决定。
remaining_80pct,2107820,纏る,まつる,f106e325t0,gloss,to blindstitch the inside of a fold with (equally spaced) threadings (i.e. pulling shoe lacing tight),,用等距的线迹缝合折叠的内侧（即收紧鞋带）,英文释义补充‘pulling shoe lacing tight’与日文纏る（缝折边/暗缲）似乎无关，可能是源词典释义串入；需核对原英文释义后再定译文。
remaining_80pct,2184940,国会図書館,こっかいとしょかん,f113e1888t1,gloss,Library of Congress,,美国国会图书馆,日文词头指日本国会图书馆，英语却给 Library of Congress（美国国会图书馆）；需判断英释是否误配，不能将两所机构直接视作同一所。
remaining_80pct,2200140,マツモ,マツモ,f115e1155t1,gloss,Analipus japonicus (species of brown alga),,日本藻（Analipus japonicus）,Analipus japonicus 的常用中文藻名未能从可靠分类来源确认，原译‘日本藻’过于笼统；需查专业藻类名录后确定规范名。
remaining_80pct,2384430,不活性機能文字,ふかっせいきのうもじ,f132e209t0,gloss,inert function character,,惰性功能字符,inert function character 是计算机字符集/标记语言术语，可能指不执行控制功能的字符；现译‘惰性功能字符’生硬，需查具体标准定义后采用规范术语。
remaining_80pct,2546430,カンムリベラ,カンムリベラ,f146e1590t0,gloss,clown coris (Coris aygula),,小丑军鱼,clown coris 的中文物种通用名需要可靠来源核实，‘小丑军鱼’疑似不可靠，暂不猜改。
remaining_80pct,2579290,大内裏,だいだいり,f149e1474t0,gloss,greater palace,,大内里,greater palace 的中文历史建筑术语和该条‘大内里’用字需进一步核实。
remaining_80pct,2635840,高麗親睨,こうらいおやにらみ,f155e622t0,gloss,Coreoperca herzi (species of temperate perch),,高丽亲睨,高丽亲睨中文俗名可能有规范名称，但尚未核实可靠中文来源，暂保留现译。
remaining_80pct,2646430,合わせ醤油,あわせじょうゆ,f156e765t0,gloss,shoyu flavoured with katsuobushi broth,,混合酱油,合わせ醤油的具体调配方式及适合中文术语需要核实，暂保留泛译。
remaining_80pct,2672090,対華,たいか,f158e1879t0,gloss,concerning Taiwan,,关于台湾,对华（対華）与当前‘关于台湾’语境可能来自特定历史用法，需结合源条目背景进一步确认。
remaining_80pct,2705370,クロムアルベオラータ,クロムアルベオラータ,f162e275t0,gloss,Chromalveolata (proposed kingdom within the domain Eukaryota),,色藻类,Chromalveolata 分类群中文标准译名和分类地位需确认；色藻类与有色藻类可能不完全等价。
remaining_80pct,2724130,パワーストーン,パワーストーン,f163e1912t0,gloss,gemstone totem (esp. as jewelry),,宝石护身符（尤其作为首饰）,power stone 在此指具护符/灵性信念的宝石，‘护身符’或‘能量石’需结合中文惯用法，暂不改。
remaining_80pct,2732280,ラティス,ラティス,f164e1319t0,gloss,lattice,,晶格,lattice 在脱离领域语境时可指晶格、格栅或格状结构，日语词条可能对应泛义，暂不确定是否应改‘晶格’。
remaining_80pct,2740070,ミルティーユ,ミルティーユ,f165e862t0,gloss,blueberry,,蓝莓,法语 myrtille 常具体指越橘/欧洲蓝莓，蓝莓在中文语境也可能广义使用，暂无必要定改。
remaining_80pct,2753150,マダガスカル面梟,マダガスカルめんふくろう,f166e1379t0,gloss,Madagascar red owl (Tyto soumagnei),,马达加斯加红猫头鹰（Tyto soumagnei）,Tyto soumagnei 中文名需核实权威动物学资料，暂保留译名。
remaining_80pct,2762120,地雷臭,じらいしゅう,f167e1108t0,gloss,"suspicion that something is inferior (game, product, etc.)",,地雷感,网络俚语‘地雷臭’语义随社区变化，现译地雷感可用但需语境确认。
remaining_80pct,2802830,化学浸透,かがくしんとう,f171e1270t0,gloss,chemiosmosis,,化学渗透,chemiosmosis 常译化学渗透/化学渗透作用，当前短译可接受但需判断是否补足机制含义。
remaining_80pct,2821470,火船,かせん,f173e924t0,gloss,fire ship,,火船,火船可指火攻船或消防船语境，当前‘火船’直译是否可用需额外上下文。
remaining_80pct,2828533,高嶺鷺草,たかねさぎそう,f176e904t0,gloss,Platanthera maximowicziana (species of orchid),,马氏兰（Platanthera maximowicziana，一种兰花）,Platanthera maximowicziana 中文植物名需核实，‘马氏兰’暂无法验证。
remaining_80pct,2828591,瓜楓,うりかえで,f176e1000t0,gloss,hawthorn-leaf maple (Acer crataegifolium),,刺叶枫（Acer crataegifolium）,Acer crataegifolium 中文标准名可能为瓜枫，现译刺叶枫疑为旧异名，需查证。
remaining_80pct,2843876,リノール油,リノールゆ,f191e500t0,gloss,linoleic oil,,亚麻油酸,linoleic oil 译为亚麻油酸可能把油与脂肪酸混淆，具体英语名与日语词项指涉需查证。
remaining_80pct,2851820,ファーミング,ファーミング,f198e1170t0,gloss,pharming,,法姆（pharming）,pharming 的中文网络安全术语需核实，可能是域名欺骗/域名劫持，暂不以音译法姆定稿。
remaining_80pct,2854642,抵抗性,ていこうせい,f201e728t1,gloss,resistance,,电阻,resistance 在理化与电学语境的多义需对应原词条，当前译‘电阻’可能过窄。
remaining_80pct,2862519,庄屋券,しょうやけん,f208e1817t0,gloss,menko,,门子,menko 在汉语可音译或解释为翻牌游戏的圆牌，‘门子’明显难懂；需要确定词典目标译名。
remaining_80pct,2866285,コブラー,コブラー,f212e912t0,gloss,cobbler,,cobbler（鞋匠）,cobbler 在该词条食品语境是水果甜点，不是鞋匠；需查合适中文食品名再改。
remaining_80pct,1054770,サーカムスクリプション,サーカムスクリプション,f5e1260t0,gloss,circumscription,,环状,circumscription不是环状，但日语该外来词的具体义项可能为限定、外接或其他用法，需核对权威日语辞书后定译。
remaining_80pct,1382040,斉備,せいび,f35e367t1,gloss,consolidation,,齐备,中文‘齐备’符合日文词头通常含义，但英文提示为 consolidation（整合/合并），两者不一致；需核对该义项的原始英译或词源后再定。
remaining_80pct,1462600,二曹,にそう,f43e249t0,gloss,sergeant first class (JGSDF),,下士（日本陆上自卫队）,JGSDF 的 sergeant first class 对应日本自卫队特定军衔，中文‘下士’过于笼统；需查证合适的中文军衔对译。
remaining_80pct,1561030,老朽,ろうきゅう,f52e702t4,gloss,superannuation,,退休,superannuation 在此是否表示因年老而衰退/失去效用，原译‘退休’可能把状态误作退休行为；需核查源义项的历史用法及其与老朽的对应。
remaining_80pct,1667990,骨片,こっぺん,f65e704t1,gloss,spicule,,骨小梁,spicule 的骨学/生物学具体所指需结合原词典术语核对；‘骨小梁’可能对应 trabecula 而非 spicule，暂不擅自定为骨针或其他术语。
remaining_80pct,1926400,コルレス,コルレス,f88e1432t0,gloss,correspondent,,通讯记者,コルレス 是金融语境的缩略语，EN correspondent 可能指 correspondent bank/通汇银行，而非新闻通讯记者；需核查原始词条的金融义及其目标中文术语。
remaining_80pct,2067170,吊花,つりばな,f102e350t0,gloss,Korean spindletree (Euonymus oxyphyllus),,韩国吊花（Euonymus oxyphyllus）,Euonymus oxyphyllus 的中文标准植物名需要植物分类资料核实；‘韩国吊花’是直译式名称，暂不确定是否为中文规范名。
remaining_80pct,2067170,ツリバナ,ツリバナ,f102e351t0,gloss,Korean spindletree (Euonymus oxyphyllus),,朝鲜吊钟花（Euonymus oxyphyllus）,同一植物种的中文标准名需核对植物志或权威分类资料；‘朝鲜吊钟花’可能造成分类误认。
remaining_80pct,2075060,メルルーサ,メルルーサ,f102e1756t0,gloss,any fish of family Merlucciidae (which includes the hakes),,鳕鱼科鱼类（包括黑鳕鱼）,Merlucciidae 在中文分类中对应的科名可能是无须鳕科/长鳕科等；当前‘鳕鱼科’是否准确需查证权威分类名称。
remaining_80pct,2172840,大佐賀,おおさが,f112e1622t0,gloss,Sebastes iracundus (species of rockfish),,大佐贺,Sebastes iracundus 的规范中文鱼名需查证权威鱼类分类资料；‘大佐贺’是日语名称的音译，暂不确认是否适合中文词典。
remaining_80pct,2172840,大逆,おおさが,f112e1623t0,gloss,Sebastes iracundus (species of rockfish),,大逆,同组日语异写‘大逆’指 Sebastes iracundus，需查证该鱼的中文标准名后再翻译。
remaining_80pct,2172840,オオサガ,オオサガ,f112e1624t0,gloss,Sebastes iracundus (species of rockfish),,大石鱼,Sebastes iracundus 的中文标准鱼名需核实；‘大石鱼’可能是误译。
remaining_80pct,2189840,山杜鵑,やまほととぎす,f114e983t2,gloss,Tricyrtis macropoda (species of toad lily),,大花独步（Tricyrtis macropoda）,Tricyrtis macropoda 的中文植物名需查证；‘大花独步’缺乏把握，避免将植物名误改。
remaining_80pct,2189840,山杜鵑草,やまほととぎす,f114e984t2,gloss,Tricyrtis macropoda (species of toad lily),,三叶草（Tricyrtis macropoda，一种蜘蛛兰属植物）,Tricyrtis macropoda 的中文植物名需查证；现有‘三叶草’与该属植物描述明显不符。
remaining_80pct,2439160,縞牛の舌,しまうしのした,f137e882t0,gloss,zebra sole (Zebrias zebrinus),,条斑鲱,Zebrias zebrinus 的中文鱼种名需查询权威鱼类分类资料；‘条斑鲱’看似误入鲱科，暂不贸然指定舌鳎类的具体中文名。
remaining_80pct,2445910,演算子法,えんざんしほう,f138e229t0,gloss,operational calculus,,运算微积分,operational calculus 的数学中文术语需核对权威教材，‘运算微积分’可能不是通行译名；需确认是否为算子演算/运算微积分。
remaining_80pct,2491490,オーバートップ,オーバートップ,f141e1746t0,gloss,overtop,,奥弗托普,overtop 的具体义项需要上下文（可能是专业体育/技术用法），无法仅凭词条确定中文对应；需查该词的语域或例句。
remaining_80pct,2492100,パームチット,パームチット,f141e1833t0,gloss,permutite,,佩里石,Permutite 可能指商品名或离子交换材料，‘佩里石’译名缺乏把握；需核实其化学/矿物学所指后再定。
remaining_80pct,2581890,栩葺き,とちぶき,f149e1996t0,gloss,shingling using thick roof shingles,,厚瓦,栩葺き所指的厚木瓦/木板瓦铺设法需核实传统日式屋顶术语，当前‘厚瓦’可能误成陶瓦。
remaining_80pct,2581890,栩葺き,とちぶき,f149e1996t1,gloss,"roof shingled in such a manner (usu. shrine buildings, noh stages, etc.)",,厚瓦屋顶,同词条屋顶形式的中文建筑术语需要核查，‘厚瓦屋顶’未说明是木制厚板瓦。
remaining_80pct,2581890,栩葺き,とちぶき,f149e1996t2,xref,"thick roof shingle (1-3 cm thick, used for shrine buildings and noh stages)",,厚屋顶瓦（厚1-3厘米，用于神社建筑和能舞台）,厚屋顶瓦的材料与专业名称需核实，英文指1–3厘米厚的传统屋面板瓦。
remaining_80pct,2617030,大水青,おおみずあお,f153e820t0,gloss,emperor moth (Actias artemis),,大蓝（Actias artemis）,Actias artemis 的中文昆虫通名需核实；‘大蓝’不易识别，避免在未查分类资料时造译。
remaining_80pct,2635630,カナガシラ,カナガシラ,f155e577t0,gloss,redwing searobin (Lepidotrigla microptera),,红鳍海鲈（Lepidotrigla microptera）,Lepidotrigla microptera 的中文标准鱼名需查证；红翼海鲂/红翼鲂鮄等译名不确定，现译‘红鳍海鲈’可能误分类。
remaining_80pct,2637610,メチニス,メチニス,f155e989t0,gloss,silver dollar (Metynnis hypsauchen),,银元鱼（Metynnis hypsauchen）,Metynnis hypsauchen 的中文商品/物种名需核实；‘银元鱼’可能是俗称，需确认是否有更通行的‘银板鱼’名称。
remaining_80pct,2702910,ファットスプレッド,ファットスプレッド,f161e1773t0,gloss,fat spread,,脂肪涂抹酱,fat spread 是按脂肪含量分级的食品类别，中文法规/商品术语需核实；‘脂肪涂抹酱’是直译且可能不规范。
remaining_80pct,2818180,虫苔,むしごけ,f173e402t0,gloss,whiteworm lichen (Thamnolia vermicularis),,虫状地衣,Thamnolia vermicularis 的中文标准地衣名需核查植物/地衣分类资料；‘虫状地衣’像对英文 whiteworm 的直译，暂不确定是否规范。
remaining_80pct,2829069,蘇民将来,そみんしょうらい,f177e10t1,gloss,apron-shaped straw deity to ward off disease,,驱病草裙神,apron-shaped straw deity 的民俗器物具体形制不明；‘草裙神’是直译，需核对苏民将来的护符形状后再定。
remaining_80pct,2829774,シンプレクティック,シンプレクティック,f177e1335t0,gloss,symplectic,,辛普勒的,symplectic 的数学中文规范用法需要结合搭配（如辛几何）确认，‘辛普勒的’音译不可靠；需核对是否应译‘辛’或‘辛几何的’。
remaining_80pct,2855139,内臓逆位,ないぞうぎゃくい,f201e1681t0,gloss,heterotaxy,,内脏逆位,英文 heterotaxy 与日文“内臓逆位”并非严格同义：前者通常指内脏异位/排列异常，后者偏指内脏逆位；需核对源条目所指病症后确定译名。
remaining_80pct,2867378,マツブサ,マツブサ,f213e987t0,gloss,Schisandra repanda (climbing vine species),,五味子属植物（攀缘藤本）,Schisandra repanda 的中文植物名需要核对权威植物分类/标本来源；不确定是否可直接译为日本南五味子或其他地区名，暂保留待核。
remaining_80pct,2871831,生霊,せいれい,f217e1950t2,gloss,co-walker,,同行者,co-walker 是生灵离体/游魂相关的民俗术语，需核实中文民俗学译名；“同行者”仅按普通词义直译。
remaining_80pct,2871832,生き霊,いきすだま,f217e1953t2,gloss,co-walker,,同行者,co-walker 是生灵离体/游魂相关的民俗术语，需核实中文民俗学译名；“同行者”仅按普通词义直译。
remaining_80pct,2871832,生き霊,いきずたま,f217e1956t2,gloss,co-walker,,同行者,co-walker 是生灵离体/游魂相关的民俗术语，需核实中文民俗学译名；“同行者”仅按普通词义直译。
remaining_80pct,1041260,キネシクス,キネシクス,f4e1223t0,gloss,kinesics,,动理学,kinesics应为身势、体态语研究，需核实规范中文术语；原译动理学可疑。
remaining_80pct,1044920,クリッパー,クリッパー,f4e1792t0,gloss,clipper,,剪裁,clipper可指飞剪船或剪具，当前单一释义无语境，需核实日语所指。
remaining_80pct,1058090,サルビア,サルビア,f5e1734t0,gloss,scarlet sage (Salvia splendens),,朱红鼠尾草（Salvia splendens）,Salvia splendens疑应采用一串红，需核实植物规范名。
remaining_80pct,1058090,サルビア,サルビア,f5e1734t1,gloss,red salvia,,红色鼠尾草,同一植物的red salvia称呼，需核实一串红规范名。
remaining_80pct,1066060,ジュニアスタイル,ジュニアスタイル,f6e931t0,gloss,junior style,,初级风格,junior style疑指青少年服饰风格，需核对日语释义。
remaining_80pct,1079740,テスタメント,テスタメント,f7e896t0,gloss,testament,,证词,testament可能指遗嘱或圣经经卷而非证词，需核对日语词源义项。
remaining_80pct,1080760,テレマーカー,テレマーカー,f7e1036t0,gloss,telemarker,,远程营销,telemarker可能指泰勒马克式滑雪者，现译远程营销可疑，需核对日语所指。
remaining_80pct,1084500,トーケイ,トーケイ,f7e1581t0,gloss,Tokay,,东惠,Tokay疑指托卡伊葡萄酒，需核实所指及规范名称。
remaining_80pct,1137580,ヨーロピアンプラン,ヨーロピアンプラン,f11e1495t0,gloss,European plan,,欧洲计划,European plan疑为旅馆只收房费不含餐费的计价方式，需核实术语。
remaining_80pct,1167110,一夕,いっせき,f14e652t1,gloss,some evenings,,有些晚上,日语一夕常为某个晚上，英文some evenings为复数，需核实源义项。
remaining_80pct,1309780,指向性爆薬,しこうせいばくやく,f28e259t0,gloss,shaped charge,,成型炸药,shaped charge通常译聚能装药，需核实与日语指向性爆薬是否完全相当。
remaining_80pct,1343930,書き流す,かきながす,f31e819t0,gloss,to write off,,写掉,書き流す疑指流畅或随手写下，write off歧义且原译写掉不自然，需查日语释义。
remaining_80pct,1468350,年割り,ねんわり,f43e1176t0,gloss,annual rate,,年利率,年割り译作 annual rate 可能指按年计算的费率，也可能涉及年度分摊；需核查该词条源语义或金融语境后决定是否改为年率/年摊。
remaining_80pct,1473390,媒介物,ばいかいぶつ,f44e79t2,gloss,carrier,,载体,medical carrier 在不同语境可指携带者或传播媒介；需依据该医学词条具体定义确定最佳中文术语。
remaining_80pct,1473390,媒介物,ばいかいぶつ,f44e79t4,gloss,fomite,,媒介物,fomite 具体可译污染物、污染媒介等；需核对专业医学术语标准后决定。
remaining_80pct,1473390,媒介物,ばいかいぶつ,f44e79t5,gloss,fomes,,媒介物,fomes 是 fomite 的变体/同义词，建议专业核查后统一术语。
remaining_80pct,1508050,平落,ひらおち,f47e488t0,gloss,pancake (landing),,平摔,pancake landing 是飞行/跳跃中平着落地的动作，需查明该日语词的具体专业场景，确认中文术语。
remaining_80pct,1525270,末つ方,すえつかた,f48e1611t1,gloss,end of the world,,世界末日,需核实末つ方在此是否特指世界末日，当前中文直译可能把“时期末尾”误作末日概念。
remaining_80pct,1551860,立法府,りっぽうふ,f51e755t0,gloss,assize,,巡回法庭,日文词头是“立法机关”，但该条英文 assize 指巡回审判/法庭，与词头明显冲突；需回查源词条结构，不能据此确认中文。
remaining_80pct,1551860,立法府,りっぽうふ,f51e755t1,gloss,court,,法庭,英文 court 与“立法机关”不相符；需核实源数据是否混入其他词条义项。
remaining_80pct,1561210,つんぼ桟敷,つんぼさじき,f52e737t4,gloss,blind seat,,死角,blind seat 是旧义用法，需核对其具体座席所指；现译“死角”没有可靠对应依据。
remaining_80pct,1652220,禁漁区,きんりょうく,f63e1433t0,gloss,game preserve,,禁渔区,英文 game preserve 通常指野生动物保护区，与日文词头“禁渔区”不完全相符；现中文按日文词头译，建议核查源词条英文释义是否串义。
remaining_80pct,1724170,カジキマグロ,カジキマグロ,f70e1735t0,gloss,marlin,,枪鱼,marlin 在中文分类名存在枪鱼、旗鱼等用法，需依据对应鱼类物种核对中文俗名。
remaining_80pct,1724170,カジキマグロ,カジキマグロ,f70e1735t2,gloss,spearfish,,矛尾鱼,spearfish 的中文鱼类名称需按物种核实，避免和 marlin、sailfish 混淆。
remaining_80pct,1724170,カジキマグロ,カジキマグロ,f70e1735t3,gloss,sailfish,,旗鱼,sailfish 的中文俗名在不同地区有差异，需核实所指物种后统一。
remaining_80pct,1724170,梶木鮪,かじきまぐろ,f70e1737t0,gloss,marlin,,马林鱼,marlin 的中文俗名存在分类差异，需物种级核实。
remaining_80pct,1724170,梶木鮪,かじきまぐろ,f70e1737t2,gloss,spearfish,,旗鱼,spearfish 译名需按物种核实。
remaining_80pct,1724170,梶木鮪,かじきまぐろ,f70e1737t3,gloss,sailfish,,帆鱼,sailfish 的中文俗名有地区差异，需核实所指物种后统一。
remaining_80pct,1727130,腎臓病,じんぞうびょう,f71e274t2,gloss,nephrism,,肾炎,nephrism 是少见英语术语，需查医学词典确认其确切含义；“肾炎”通常对应 nephritis。
remaining_80pct,1781220,穴釣り,あなづり,f76e877t2,gloss,sniggling (fishing for eels by thrusting a baited hook into their dens),,钓鳗鱼,sniggling 是以饵钩探入鳗鱼洞穴捕捉的专门钓法，需核查规范中文渔业术语；现译“钓鳗鱼”过于泛化。
remaining_80pct,1829290,赤腹,あかはら,f81e330t1,gloss,Japanese dace (Tribolodon hakonensis),,日本石斑鱼（Tribolodon hakonensis）,Japanese dace（Tribolodon hakonensis）的中文规范俗名需查鱼类分类资料；当前“日本石斑鱼”可能有误，需确认物种。
remaining_80pct,1829290,赤腹,あかはら,f81e330t2,xref,Japanese dace (Tribolodon hakonensis),,日本石斑鱼（Tribolodon hakonensis）,该义为日本 dace，x参考释义中的“日本石斑鱼”同样需按物种核准。
remaining_80pct,1829290,アカハラ,アカハラ,f81e331t1,gloss,Japanese dace (Tribolodon hakonensis),,日本香鱼（Tribolodon hakonensis）,Japanese dace（Tribolodon hakonensis）不应译成香鱼（通常指 Plecoglossus altivelis）；需核对规范中文鱼名。
remaining_80pct,1829290,アカハラ,アカハラ,f81e331t2,xref,Japanese dace (Tribolodon hakonensis),,日本香鱼（Tribolodon hakonensis）,Japanese dace 的 xref 中文现译“日本香鱼”有物种错配风险，需核实规范中文名。
remaining_80pct,1839730,食傷,しょくしょう,f82e584t3,gloss,food poisoning,,食物中毒,食傷的该义与“food poisoning”似有源义不匹配；需查源词条是否应为消化不良/食积，而非据英文直接保留食物中毒。
remaining_80pct,1883030,小名,しょうみょう,f85e1595t0,gloss,minor feudal lord,,小名,小名是历史上的小领主/小型大名，需核实最合适的中文历史称谓；“小名”在现代中文易误解为乳名。
remaining_80pct,1897450,徳用瓶,とくようびん,f86e1478t0,gloss,economy bottle,,经济瓶,徳用瓶指经济型大容量包装瓶的用法需核查；“经济瓶”不自然，需确认是否能安全改为“大容量经济装”。
remaining_80pct,1947320,密輸船,みつゆせん,f90e1476t2,gloss,smuggler,,走私者,日文词头密輸船指走私船，但英语 gloss smuggler 指走私者，可能是源数据义项混入；需核对原词条结构。
remaining_80pct,1954520,ハマユウ,ハマユウ,f91e711t0,gloss,poison bulb (Crinum asiaticum),,毒蒜（亚洲文殊兰）,Crinum asiaticum 的规范中文植物名为文殊兰；英文 poison bulb 似别名，需核实是否要在译文保留该别名或仅用物种名。
remaining_80pct,1966000,ディーゼル電気車,ディーゼルでんきしゃ,f92e452t0,gloss,diesel electric car,,柴油电力车,diesel electric car 可能指柴油电力驱动车辆/柴油电力机车，需确认该词条的具体车辆类型，避免按现代柴油电动汽车误译。
remaining_80pct,1997930,大蔵省証券,おおくらしょうしょうけん,f95e842t1,gloss,TB,,TB,TB 在此是 treasury bill 的缩写，中文可直接译国库券；需决定是否保留英语缩写作为词条同义译法。
remaining_80pct,2034730,口無し,くちなし,f98e1846t1,gloss,non-functional mouth,,无用的嘴,口無し的“non-functional mouth”可能指失语/不能说话，需核对该古语用法；现译“无用的嘴”不自然。
remaining_80pct,2079700,ホシフグ,ホシフグ,f103e723t0,gloss,starry toado (pufferfish),,星纹河豚（河豚鱼）,星河豚的具体鱼类中文俗名需按物种学资料核实；目前“星纹河豚”可能是描述性译法。
remaining_80pct,2126910,ベロ毒素,ベロどくそ,f108e165t0,gloss,verotoxin,,贝洛毒素,verotoxin 常译维罗毒素或志贺样毒素，需核实此处所用医学规范中文名；“贝洛毒素”可能不标准。
remaining_80pct,2174680,銀宝,ぎんぽ,f113e14t0,gloss,tidepool gunnel (Pholis nebulosa),,潮池拟鲈（Pholis nebulosa）,Pholis nebulosa 的中文鱼类规范名需按分类资料核实；现译“潮池拟鲈”可能不常用或不准确。
remaining_80pct,2203250,ペッカリー,ペッカリー,f115e1859t0,gloss,peccary (Tayassuidae spp.),,佩卡里猪（Tayassuidae spp.）,Tayassuidae 的中文科名/俗名需核对动物分类资料；“佩卡里猪”是音译且不够规范。
remaining_80pct,2241540,蜘蛛海星,くもひとで,f120e213t0,gloss,brittle star (any starfish-like echinoderm of the order Ophiuroidea),,海盘车,Ophiuroidea 是蛇尾纲动物，中文名与海盘车（海星）易混；需按目标分类核实中文通名。
remaining_80pct,2241540,蜘蛛海星,くもひとで,f120e213t1,gloss,brittlestar,,海盘车,brittle star 应对应蛇尾类，不确定“海盘车”是否可用于此目。
remaining_80pct,2241540,蜘蛛人手,くもひとで,f120e214t0,gloss,brittle star (any starfish-like echinoderm of the order Ophiuroidea),,海盘车（海盘车目Ophiuroidea的任何星形棘皮动物）,brittle star 应为蛇尾类，现译“海盘车”可能与海星类混淆，需核实分类名。
remaining_80pct,2241540,蜘蛛人手,くもひとで,f120e214t1,gloss,brittlestar,,海盘车,brittlestar 的规范中文类群名需确认。
remaining_80pct,2241540,蜘蛛人手,くもひとで,f120e214t2,gloss,Ophioplocus japonicus (species of brittlestar),,日本海盘车（Ophioplocus japonicus，一种海盘车）,Ophioplocus japonicus 的种名需查分类来源后确认“日本海盘车”是否正确。
remaining_80pct,2262530,グラマースクール,グラマースクール,f122e659t0,gloss,grammar school,,文法学校,grammar school 在英国教育语境指特定类型的选拔性中学，直译“文法学校”易误解；需核实是否加注地区制度说明。
remaining_80pct,2368600,精密分類体系,せいみつぶんるいたいけい,f130e1279t0,gloss,close classification system,,紧密分类体系,close classification system 可能对应精密/细分类体系，需核查该分类术语的领域定义；“紧密分类体系”不自然。
remaining_80pct,2382190,発信時刻表示,はっしんじこくひょうじ,f131e1783t0,gloss,submission time stamp indication,,提交时间戳指示,submission time stamp indication 及缩写 MS 需核查具体标准术语，当前译法难以确认指提交时间戳的显示、字段还是标记。
remaining_80pct,2372080,損傷ログ記録,そんしょうログきろく,f130e1995t0,gloss,log-damage record,,日志损坏记录,log-damage record 的复合关系不清，可能是损坏日志记录或日志损坏记录；需核查源术语结构。
remaining_80pct,2493340,ポジティブオルガン,ポジティブオルガン,f141e1985t0,gloss,positive organ,,正面管风琴,positive organ 是一种小型管风琴的乐器分类名，需核实中文乐器学规范译法；“正面管风琴”不自然。
remaining_80pct,2504840,マーチャントバンカー,マーチャントバンカー,f142e1684t0,gloss,merchant banker,,商人银行家,merchant banker 在英国金融语境指商人银行/投资银行从业者，需核实中文金融术语；“商人银行家”可能是直译。
remaining_80pct,2511050,犬香需,いぬこうじゅ,f143e799t0,gloss,Mosla punctulata (plant),,狗香须,Mosla punctulata 的中文植物学通名需核对；当前“狗香须”不确定是否规范。
remaining_80pct,2535780,裂肛,れっこう,f145e1653t1,gloss,bleeding piles,,出血性痔,日文裂肛指肛裂，但英文 bleeding piles 指出血性痔，属于不同疾病；需核查源英文是否串义。
remaining_80pct,2535780,裂肛,れっこう,f145e1653t2,gloss,hemorrhoids,,痔,hemorrhoids 指痔疮，与日文词头“肛裂”不是同一病症，需核对源词条。
remaining_80pct,2540670,御来迎,ごらいごう,f146e635t1,gloss,Brocken bow,,布罗肯彩虹,Brocken bow 是布罗肯现象相关的光学弧/虹，需核实其规范中文名；“布罗肯彩虹”可能过于泛化。
remaining_80pct,2553190,スムーズハウンド,スムーズハウンド,f147e642t0,gloss,"smooth-hound (Mustelus mustelus, houndshark found in the Eastern Atlantic and Mediterranean)",,平滑星鲨（Mustelus mustelus，分布于东大西洋和地中海的猫鲨科鱼类）,Mustelus mustelus 的中文俗名及科名需按鱼类分类来源核实，当前名称可能不规范。
remaining_80pct,2604450,二重式火山,にじゅうしきかざん,f152e409t0,gloss,double volcano,,双峰火山,double volcano 在地质学中的具体类别需核对；“双峰火山”可能将形态特征当作分类定义。
remaining_80pct,2643080,昇竜,しょうりゅう,f156e149t1,gloss,great dash,,大跳,great dash 是将棋术语，需核实其具体棋形/战术及规范中文名称；“大跳”似直译。
remaining_80pct,2654830,自由契約,じゆうけいやく,f157e491t0,gloss,free agency,,自由代理,free agency/free contract/free booking 的英文释义横跨体育、合同和预订概念，需核实源词条语境后确定中文。
remaining_80pct,2661840,野巫,やぶ,f157e1869t1,gloss,unlearned Zen practitioner,,未受禅学训练的修行者,日文“野巫”及其交叉引用“藪”释义存在不同义项（乡间巫者/江湖郎中/未受训练的禅修者）；需核查来源的义项对应。
remaining_80pct,2691850,楕円幾何学,だえんきかがく,f160e1654t1,gloss,Riemannian geometry,,黎曼几何学,Riemannian geometry 是黎曼几何学，是否与楕圆几何作为该日语词条同义义项需核对源数据；两者概念并不等同。
remaining_80pct,2693680,小甘藻,こあまも,f160e1992t0,gloss,dwarf eelgrass (Nanozostera japonica),,矮生日本大叶藻（Nanozostera japonica）,Nanozostera japonica 的中文植物名需查海草分类来源；当前“矮生日本大叶藻”名称内部存在矮生/大叶的疑点。
remaining_80pct,2693680,小甘藻,こあまも,f160e1992t1,gloss,Japanese eelgrass,,日本大叶藻,Japanese eelgrass 需核实所指物种与规范中文名，避免与其他鳗草混淆。
remaining_80pct,2703860,早期閉経,そうきへいけい,f162e2t2,gloss,premature ovarian failure,,早发性卵巢功能不全,premature ovarian failure 与 premature menopause 相关但并非完全同义；需核查源条目是否把不同诊断概念合并。
remaining_80pct,2703860,早期閉経,そうきへいけい,f162e2t3,gloss,POF,,早发性卵巢功能不全,POF 是卵巢早衰/早发性卵巢功能不全缩写，需核实是否可作为“早期闭经”的同义项。
remaining_80pct,2729390,リーゼガング現象,リーゼガングげんしょう,f164e853t0,gloss,Liesegang phenomenon,,李色冈现象,Liesegang phenomenon 的标准中文译名需查化学/地质术语来源；“李色冈”音译不确定。
remaining_80pct,2729390,リーゼガング現象,リーゼガングげんしょう,f164e853t1,gloss,Liesegang ring,,李色冈环,Liesegang ring 的规范中文名需核实，现译音译可能有误。
remaining_80pct,2733930,博打の木,ばくちのき,f164e1603t0,gloss,Prunus zippeliana (East Asian species of prunus),,日本李（Prunus zippeliana，东亚李属植物）,Prunus zippeliana 的中文植物通名需按植物分类资料核实；“日本李”可能过泛或不对应该种。
remaining_80pct,2779700,正法,せいほう,f169e517t0,gloss,just law,,正法,正法在佛教义项明确指佛陀正法，但英文 just law 与该词头意义不匹配；需核对是否源义项错配。
remaining_80pct,2806990,鉄道線,てつどうせん,f172e23t0,gloss,railroad operating over private tracks,,在私营轨道上运营的铁路,英文释义指在私人轨道上运行的铁路，日文铁道線通常指铁路线路；需核对是否源英文误标为private。
remaining_80pct,2856736,反結合,はんけつごう,f203e520t1,gloss,back coupling,,反向耦合,反結合的第二个英译 back coupling 与物理/化学主译 antibonding 关系不明，需核对来源语境后确定是否保留。
remaining_80pct,2858323,砕骨器,さいこつき,f204e1591t0,gloss,osteoclast (surgical instrument),,碎骨器,英文 osteoclast 通常指破骨细胞，但括注 surgical instrument 与中文碎骨器又指手术器械；源义项存在冲突，需核查。
remaining_80pct,2862597,タヌキアヤメ,タヌキアヤメ,f208e1983t1,gloss,wooly waterlily,,毛质睡莲,wooly waterlily 与植物学名 Philydrum lanuginosum（wooly frogsmouth）似不匹配，需核对英文源释义是否串入他种名。
remaining_80pct,2868580,ゴースティング,ゴースティング,f214e1167t1,gloss,stream sniping,,直播狙击,游戏语境下 ghosting / stream sniping 的关系需核实；ghosting 可能指主播直播狙击，也可能指画面拖影，当前字段不宜直接视为同义。
remaining_80pct,2870058,精神保健指定医,せいしんほけんしていい,f216e316t0,gloss,designated psychiatrist (qualified under the Mental Health and Welfare Act),,指定精神科医生（依据《精神保健法》合格者）,日本《精神保健及精神障碍者福利法》的中文译名需核对；现译《精神保健法》可能漏译法名中的精神障碍者福利部分。
remaining_80pct,1034830,オフマイク,オフマイク,f4e255t0,gloss,off mike,,麦克风关闭,off mike 可能指离开麦克风或未被收音，而非关闭麦克风；需核查日语广播术语。
remaining_80pct,1036810,カイネシクス,カイネシクス,f4e550t0,gloss,kinesics,,动体学,kinesics 应为研究身体非语言表达的学科，需核实规范中文术语是否为身势学或动势学。
remaining_80pct,1050670,コホート,コホート,f5e667t1,gloss,cohort (taxonomic rank),,队列（分类等级）,生物分类等级 cohort 与统计学队列不同，需查规范分类等级中文名。
remaining_80pct,1059660,シーリング方式,シーリングほうしき,f5e1975t0,gloss,ceiling system,,天花板系统,ceiling system 可能指预算上限制而非天花板系统；需核实日语词条语域。
remaining_80pct,1061600,シャトルループ,シャトルループ,f6e285t0,gloss,shuttle loop,,穿梭循环,shuttle loop 可能为往复式环形过山车名称；需核实词条所指。
remaining_80pct,1061840,シャンク,シャンク,f6e314t0,gloss,shank,,高尔夫球杆,高尔夫 shank 通常指杆颈击球失误，需核对日语所指及规范译名。
remaining_80pct,1061840,シャンク,シャンク,f6e314t1,gloss,(footwear) shank,,鞋楦,footwear shank 是鞋底支撑结构，鞋楦疑为错译；需核对规范中文鞋材名称。
remaining_80pct,1087190,トレールバイク,トレールバイク,f7e1960t0,gloss,trail bike,,越野自行车,日语 trail bike 常指越野摩托车，需核实此词范围是否含自行车。
remaining_80pct,1103910,ヒップカット,ヒップカット,f9e426t0,gloss,hip cut,,臀部剪裁,hip cut 日语外来语可能为特定发型，需查语义以判断臀部剪裁是否字面误译。
remaining_80pct,1107010,ピリン,ピリン,f9e942t0,gloss,pyrine,,吡啶,ピリン/pyrine 与 pyridine 吡啶不同，疑涉及退热药类名称；需核实日文药学词义。
remaining_80pct,1163300,一重継ぎ,ひとえつぎ,f13e1954t0,gloss,sheet bend (knot),,单结,sheet bend 是连接两绳的结，单结可能为错名；需核实规范绳结译名。
remaining_80pct,1166740,一枚看板,いちまいかんばん,f14e603t5,gloss,one's sole Sunday best,,唯一的拿手好戏,one's sole Sunday best 可能指唯一的体面衣服，原译拿手好戏与此英文不符；需核查日语该义是否含衣服。
remaining_80pct,1179440,奥許し,おくゆるし,f15e1229t1,gloss,initiation,,入门,奥許し通常涉及秘传传授许可，入门可能误为初级入门；需核对传统艺道词义及源文。
remaining_80pct,1675050,功労金,こうろうきん,f65e1995t0,gloss,merit bonus,,绩效奖金,功労金可能指按功绩发放的酬金，也可能是离职/退休时的慰劳金；需核对该词条日文定义或可靠辞书后再定“绩效奖金”的对应范围。
remaining_80pct,1739190,類音,るいおん,f72e236t0,gloss,diaphone,,双耳听诊器,英文 diaphone 是语音学术语，现译“双耳听诊器”与词头“类音”不符；需核对此日英词典义项来源及该术语在中文语音学中的规范译名。
remaining_80pct,1882330,照映,しょうえい,f85e1495t0,gloss,portrait,,肖像,照映通常表示映照或反射，与英文 portrait 及中文“肖像”不一致；需核实日文词头、词源或源词条是否有误。
remaining_80pct,2138920,蹴手繰り,けたぐり,f109e679t0,gloss,pulling inside ankle sweep,,引内踝勾,けたぐり是相扑技，现译“引内踝勾”不自然；需查可靠相扑术语资料确认其规范中文技名。
remaining_80pct,2242720,薔薇羽太,ばらはた,f120e484t0,gloss,yellow-edged lyretail (Variola louti),,黄边鲈,Variola louti 的中文鱼名存在“星鱠/侧牙鲈/黄边尾鲈”等地区与数据库差异；应先确定采用的简体中文鱼名规范，再统一该词组的相关译名。
remaining_80pct,2242720,薔薇羽太,ばらはた,f120e484t1,gloss,lyretail grouper,,鲈鱼,lyretail grouper 对应 Variola louti；需要与 t0 选定的简体中文标准鱼名保持一致。
remaining_80pct,2242720,薔薇羽太,ばらはた,f120e484t2,gloss,coronation cod,,冠鱼,coronation cod 是该鱼的英文别名；“冠鱼”是否为目标地区常用名需查证。
remaining_80pct,2242720,バラハタ,バラハタ,f120e485t0,gloss,yellow-edged lyretail (Variola louti),,黄缘燕尾鱼,同一物种 Variola louti 的简体中文鱼名需查证并与同组译名统一。
remaining_80pct,2242720,バラハタ,バラハタ,f120e485t1,gloss,lyretail grouper,,燕尾鱼,lyretail grouper 的规范中文名需按已选定的物种中文名统一。
remaining_80pct,2242720,バラハタ,バラハタ,f120e485t2,gloss,coronation cod,,冠鱼,coronation cod 是该鱼的英文别名；“冠鱼”是否为目标地区常用名需查证。
remaining_80pct,2349020,寄託図書館,きたくとしょかん,f128e1896t0,gloss,deposit library,,寄托管库,computing 语境中的 deposit library 可能指用于存放提交资料的库或特定服务，现译“寄托管库”无法据词面确定，需核实源词条定义。
remaining_80pct,2378500,動作有効期間,どうさゆうこうきかん,f131e1183t0,gloss,regime,,运行有效期间,日文“動作有効期間”意为动作/运行的有效期间，但英文 regime 指运行制度或状态；需核实该计算机术语的原始定义后确定中文译法。
remaining_80pct,2473140,セービング,セービング,f140e1049t0,gloss,saving,,救援,セービング/ saving 可能指体育中的扑救、节省或救援，当前输入未给出语境；需查该词条的原始定义或专业领域后确定对应中文。
remaining_80pct,2522020,ポラック,ポラック,f144e1043t0,gloss,pollack,,鲱鳃鱼,pollack 与 pollock 是不同英语鱼名，当前词条未给拉丁学名，不能仅凭词面确定应对应的中文鱼种名；需查词条来源或原始物种信息。
remaining_80pct,2532140,放射線技工士,ほうしゃせんぎこうし,f145e999t0,gloss,mould room technician (radiology),,放射线技师（放射科）,mould room technician (radiology) 是放射科特殊岗位；现译“放射线技师”可能过于宽泛，尚需核实其是否专指放射治疗模室技师及规范中文职称。
remaining_80pct,2553200,ムステルスアンタルクティクス,ムステルスアンタルクティクス,f147e645t0,gloss,"gummy shark (Mustelus antarcticus, species endemic to southern Australia)",,南极星鲨（Mustelus antarcticus，南澳大利亚特有物种）,Mustelus antarcticus 的中文物种名及 gummy shark 对应译名存在地区差异；“南极星鲨”由种加词直译，不能确认是规范中文名，需查权威鱼类名录。
remaining_80pct,2578430,水締め,みずしめ,f149e1255t2,gloss,hydraulic filling,,水力填筑,hydraulic filling 在工程语境可能指水力充填或水力填筑，需确认原词所指的具体施工工艺，现译是否准确无法仅凭词条判断。
remaining_80pct,2609510,鶏冠海苔,とさかのり,f152e1460t0,gloss,Meristotheca papulosa (species of edible red alga),,鸡冠紫菜（一种可食用的红藻）,Meristotheca papulosa 的中文藻类俗名需核对规范物种名；“鸡冠紫菜”可能把红藻名称与紫菜混淆，暂不擅自替换。
remaining_80pct,2634990,アイスポットシクリッド,アイスポットシクリッド,f155e423t1,gloss,peacock bass,,孔雀鲈,peacock bass 对应 Cichla 属多个物种，中文俗名因地区而异；孔雀鲈可能被用于其他鱼类，需核对词典采用的标准物种译名。
remaining_80pct,2634990,アイスポット・シクリッド,アイスポット・シクリッド,f155e424t1,gloss,peacock bass,,孔雀鲈,peacock bass 对应 Cichla 属多个物种，中文俗名因地区而异；需核对该词典采用的物种中文名。
remaining_80pct,2655280,両ガカリ,りょうガカリ,f157e586t0,gloss,double corner approach,,双角进攻,围棋 double corner approach 是具体布局术语，当前译名“双角进攻”可能不符合围棋中文术语，需参照专业棋谱术语确认。
remaining_80pct,2677790,銀杏蟹,いちょうがに,f159e988t0,gloss,Cancer japonicus (species of crab),,日本蟹（蟹的一种）,Cancer japonicus 的中文物种名需查权威蟹类名录，当前“日本蟹”过于笼统，但不能凭字面安全确定正式中文名。
remaining_80pct,2719060,パセリガエル科,パセリガエルか,f163e953t0,gloss,Pelodytidae (family of frogs),,Pelodytidae（蛙科）,Pelodytidae 有特定的中文科名；当前泛译“蛙科”不精确，需核对可靠中文分类名录后确定。
remaining_80pct,2774410,紋殻通,もんがらどおし,f168e1454t0,gloss,Fowler's snake eel (Ophichthus erabo),,纹壳通,Ophichthus erabo（Fowler's snake eel）的规范中文物种名暂无法确认；日文词条音译不等于可靠中文名，需核查鱼类名录。
remaining_80pct,2726360,無罰的,むばつてき,f164e319t0,gloss,impunitive,,不惩罚的,impunitive 是心理学/人格术语，可能指不归咎、不惩罚的反应风格；“不惩罚的”译法需结合专业定义确认。
remaining_80pct,2780600,栃の実,とちのみ,f169e730t0,gloss,chestnut,,栗实,栃の実是日本七叶树属果实，英语 chestnut 可能是宽泛俗称，不一定等同食用栗子；需确定是否应特译为七叶树果。
remaining_80pct,2789720,鬼野芥子,おにのげし,f170e573t0,gloss,prickly sow-thistle (Sonchus asper),,刺毛牛蓟（Sonchus asper）,Sonchus asper 的中文植物名在不同植物名录中有差异；“刺毛牛蓟”看似生造名，需权威中文植物名录确认。
remaining_80pct,2827646,成分調整牛乳,せいぶんちょうせいぎゅうにゅう,f175e1099t0,gloss,homogenized milk,,均质化牛奶,日文成分调整牛乳与英语 homogenized milk 并非必然同义；需核对原词条数据来源后判断，应保留不确定而不强行改成“均质化牛奶”。
remaining_80pct,2828888,目外し,もくはずし,f176e1657t0,gloss,3-5 point,,三·五目,围棋 3-5 point / 5-3 point 属专业落子点术语，当前译法可理解但需棋谱术语校验。
remaining_80pct,2832122,ぼろぼろの木,ぼろぼろのき,f179e1946t0,gloss,Schoepfia jasminodora (tree of family Schoepfiaceae),,木棉树（木棉科木棉属植物）,Schoepfia jasminodora 为特定树种，当前译为木棉树明显不可信；需核对权威植物名录确认其规范中文名。
remaining_80pct,2833148,オルトレキシア,オルトレキシア,f180e1911t0,gloss,orthorexia,,饮食失调症,orthorexia 是对健康饮食的强迫性执着，可能译为正食症；现译“饮食失调症”过泛，需核实目标术语。
remaining_80pct,2834983,血瘤,けつりゅう,f182e1453t0,gloss,hematocele,,血肿,hematocele 是血液积聚形成的囊性肿胀，通常译为血囊肿；需核实中文医学术语后再替换现有“血肿”。
remaining_80pct,2845627,色上,いろじょう,f192e1626t0,gloss,colored wood-free paper (coloured),,彩色无木浆纸（彩色）,colored wood-free paper 的中文造纸术语可能依纸种而异，当前“彩色无木浆纸”生硬且可能不规范；需查纸业术语表后确定。
remaining_80pct,2866322,ポン抜き,ポンぬき,f212e980t0,gloss,ponnuki,,扑吃,围棋 ponnuki 指提掉一子后形成的棋形，中文专业术语可能因语境而异；需核对围棋术语词典后替换音译。
remaining_80pct,2867251,ミネカエデ,ミネカエデ,f213e681t0,gloss,butterfly maple (Acer tschonoskii),,蝴蝶枫（Acer tschonoskii）,Acer tschonoskii 的规范中文树种名需查权威植物名录；“蝴蝶枫”可能是生造直译，需核实后再改。
remaining_80pct,2870059,精神保健判定医,せいしんほけんはんていい,f216e324t0,gloss,designated mental health judgement physician,,指定精神健康判定医生,designated mental health judgement physician 是日本法定资格的专名，逐字译为“精神健康判定医生”不自然；需查官方中文译名或保留日文资格名。
remaining_80pct,1036820,カイモグラフ,カイモグラフ,f4e551t0,gloss,kymograph,,鼓图仪,核对kymograph的规范中文术语，疑为记波器；现译鼓图仪不常见。
remaining_80pct,1047830,グロリア,グロリア,f5e226t0,gloss,Gloria,,荣耀,核对拉丁语Gloria在本词头是否专指礼仪中的光荣颂，现译荣耀可能遗漏音乐／宗教专名义。
remaining_80pct,1062090,シュテムボーゲン,シュテムボーゲン,f6e350t0,gloss,stem turn,,屈膝回转,核对滑雪Stemmbogen的中文技术名称，屈膝回转可能误译。
remaining_80pct,1062090,シュテムボーゲン,シュテムボーゲン,f6e350t1,xref,stem turn,,屈膝回转,核对所引シュテムターン的规范中文术语。
remaining_80pct,1084550,トータリゼータシステム,トータリゼータシステム,f7e1590t0,gloss,totalizator system,,总额计系统,核对totalizator博彩投注统计系统的中文规范术语，现译总额计系统疑不准确。
remaining_80pct,1089410,ドローボール,ドローボール,f8e296t0,gloss,draw (shot),,抽球（高尔夫）,核对高尔夫draw shot的规范中文名称，抽球疑为逐字误译。
remaining_80pct,1129930,マロニエ,マロニエ,f11e410t0,gloss,horse chestnut (Aesculus hippocastanum),,七叶树,需核对Aesculus hippocastanum的规范种名，现译七叶树可能过泛。
remaining_80pct,1129930,マロニエ,マロニエ,f11e410t1,xref,horse chestnut (Aesculus hippocastanum); conker tree,,七叶树；七叶树属植物,conker tree也是具体种名，现译七叶树属植物可能扩展到全属；需核对分类名称。
remaining_80pct,1179550,奥書,おくがき,f15e1253t1,gloss,verification,,校勘,奥書的verification疑指书后所记的鉴定或认证，需核对是否可译校勘。
remaining_80pct,1180010,応答能,おうとうのう,f15e1360t0,gloss,competence,,胜任能力,応答能疑为生物学competence，需核对专业义是否应为感受态／反应能力，现译胜任能力可能误套普通义。
remaining_80pct,2546530,コリスフォルモーサ,コリスフォルモーサ,f146e1607t0,gloss,queen coris (Coris formosa),,皇后军鱼,Coris formosa 的中文种名在鱼类名录和观赏鱼资料间有不同译名；需核对中国大陆权威鱼类名录的接受名后再决定是否采用“台湾盔鱼”或其他中文俗名。
remaining_80pct,2850915,神武東征,じんむとうせい,f197e1396t0,gloss,"Emperor Jimmu's eastern expedition (starting in Hyuga in 607 BCE, ending with the unification of Yamato)",,神武东征（始于公元前607年的日向，终于大和的统一）,日文词条英文注释给出的东征起始年份为公元前607年，但神武东征的传统纪年常见说法并不统一；建议核实该年份后再改，暂保留原译日期。
remaining_80pct,1031220,エンドカーラー,エンドカーラー,f3e1695t0,gloss,end curler,,末端卷线器,end curler 似为发梢卷发器，原译卷线器疑错，需查日语美容器具用语。
remaining_80pct,1031220,エンド・カーラー,エンド・カーラー,f3e1696t0,gloss,end curler,,末端卷曲器,与エンドカーラー同项，需核实是否为发梢卷发器及规范中文。
remaining_80pct,1041320,キモグラフ,キモグラフ,f4e1231t0,gloss,kymograph,,张图仪,kymograph 应属生理记录仪器，张图仪疑错；需核实记波器/描记器名称。
remaining_80pct,1055620,サイクロメーター,サイクロメーター,f5e1381t0,gloss,cyclometer,,旋翼机,cyclometer 与旋翼机不符；需核实此日语外来词所指为转数计还是自行车里程表。
remaining_80pct,1129860,マルチボックス,マルチボックス,f11e399t0,gloss,multibox,,多盒,multibox 原译多盒过于机械；需查日语マルチボックス的具体器具含义。
remaining_80pct,1140790,リーブ,リーブ,f11e1942t0,gloss,leave,,离开,名词リーブ可能指休假而非离开；需查日语实际外来词定义。
remaining_80pct,1820590,向かい火,むかいび,f80e512t0,gloss,backfire (to defend against forest fires),,反火,backfire是林火防控中人为点燃、迎向来火的反烧火线，需核对中文林业/消防行业规范术语后确定译名。
remaining_80pct,2067340,赤四手,あかしで,f102e385t0,gloss,loose-flowered hornbeam (Carpinus laxiflora),,松花树（Carpinus laxiflora）,Carpinus laxiflora的中文规范植物名待核实；现有‘松花树’明显可疑，需查权威植物名录后选用译名。
remaining_80pct,2114950,スカリフィケーション,スカリフィケーション,f106e1677t0,gloss,scarification,,纹身术,scarification指通过切割皮肤形成疤痕的身体改造；需核对中文医学/身体改造领域的规范译名，‘纹身术’可能混淆刺青。
remaining_80pct,2138940,二枚蹴り,にまいげり,f109e681t0,gloss,ankle-kicking twist down,,踝踢扭下,相扑技法ankle-kicking twist down的标准中文招式名待核实，现译‘踝踢扭下’不自然；需查权威相扑技法术语表。
remaining_80pct,2173550,然だに,さだに,f112e1761t0,gloss,were it to at least be as such,,即使如此,古语然だに的此句法义需更多原句语境，现译‘即使如此’对EN释义对应不够明确；建议核对古典日语辞书。
remaining_80pct,2439380,臍回り,へそまわり,f137e921t1,gloss,treasure trail,,宝藏路线,treasure trail与sagittal hair在人体美容语境是肚脐以下的纵向体毛线，需核对自然、准确的中文俗称后再确定。
remaining_80pct,2439380,臍回り,へそまわり,f137e921t2,gloss,sagittal hair,,矢状发,sagittal hair是沿腹部正中线生长的体毛，需核对中文解剖/美容术语，避免按解剖方向直译。
remaining_80pct,2447900,黒慈姑,くろぐわい,f138e569t0,gloss,Eleocharis kuroguwai (species of spikerush),,黑慈姑,Eleocharis kuroguwai的中文植物名尚待核实；‘黑慈姑’可能与慈姑属植物混淆，建议查植物志后采用规范种名。
remaining_80pct,2487660,ハイポ,ハイポ,f141e1213t0,gloss,hypo,,亚,化学缩略词hypo可能指摄影定影剂（硫代硫酸钠，俗称海波）或作词缀hypo-表示低/次；当前仅译‘亚’缺少上下文，需确认词典所指。
remaining_80pct,2503980,トランスファーマシン,トランスファーマシン,f142e1525t0,gloss,transfer machine,,转移机,transfer machine在制造业指特定自动转运/多工位加工设备，‘转移机’过泛；需核对机械行业标准名称后确定译法。
remaining_80pct,2522060,くず肉,くずにく,f144e1050t2,gloss,offal,,内脏,英文offal指动物内脏，与日语くず肉（肉类边角料）并非完全同义；需确认原条是否要保留源义冲突或改为中文肉类副产品术语。
remaining_80pct,2554370,ツバクロザメ属,ツバクロザメぞく,f147e853t0,gloss,Isogomphodon (genus of requiem sharks with one extant species known as the daggernose shark),,Isogomphodon（属，包含一种现存物种，称为daggernose shark）,Isogomphodon属现存种daggernose shark的规范中文鱼名待核实；建议查权威鱼类分类名录后确定，不宜直接保留英文描述。
remaining_80pct,2558180,デスジャーディンズセイルフィンタン,デスジャーディンズセイルフィンタン,f147e1534t0,gloss,"Desjardin's sailfin tang (Zebrasoma desjardinii, species of Indian Ocean tang)",,德萨丁帆鳍刺尾鱼（Zebrasoma desjardinii，印度洋刺尾鱼科的一种）,Desjardin's sailfin tang的规范中文商品/鱼类名可能存在异译；需核对权威鱼类名录后确定‘德萨丁帆鳍刺尾鱼’是否通用。
remaining_80pct,2576700,矮鶏檜葉,チャボひば,f149e925t0,gloss,Chamaecyparis obtusa var. breviramea (ornamental variety of hinoki cypress),,矮鸡桧叶（Chamaecyparis obtusa var. breviramea，一种观赏性扁柏品种）,Chamaecyparis obtusa var. breviramea是日本园艺变种，暂未核到可靠的规范中文品种名；现译‘矮鸡桧叶’疑为日文直译，需查园艺/植物名录。
remaining_80pct,2582430,帯取り返し,おびとりがえし,f150e106t0,gloss,belt grab reversal (judo),,带抓反（柔道）,belt grab reversal是柔道的特定反击技术，‘带抓反’不自然；需核对权威柔道技法中文名。
remaining_80pct,1041360,キャステリャ,キャステリャ,f4e1240t0,gloss,Castilian,,卡斯蒂利亚人,Castilian可指语言、地区或人；需查キャステリャ此条的具体所指，不能仅凭英文确定为人。
remaining_80pct,1063920,シンボリックス,シンボリックス,f6e644t0,gloss,Symbolics,,符号学,英文大写Symbolics疑为计算机公司名，原译符号学可疑；需核实JMdict该外来词所指。
remaining_80pct,1112310,フレーマ,フレーマ,f9e1756t0,gloss,framer,,框架,framer可能为装框者、制框者或通信成帧器，原译框架混淆frame；需核实该外来词条使用领域。
remaining_80pct,1136650,ユーザンス,ユーザンス,f11e1371t0,gloss,usance,,惯例,usance在日语常指支付宽限期；需核实此条是否金融义而非惯例。
remaining_80pct,1149170,ワンステップ,ワンステップ,f12e1152t0,gloss,one-step,,一步,one-step可能为一步舞而非普通一步；此条缺语境，需核实日语借词所指。
remaining_80pct,1196320,過度の弁解,かどのべんかい,f17e434t0,gloss,profuse apology,,过度辩解,日文词头过度の弁解指过度辩解/找借口，中文译文贴合日文；但英文释义profuse apology与词头含义冲突，需核对JMdict英文释义或原词条来源。
remaining_80pct,1336000,重恩,じゅうおん,f30e1492t0,gloss,heavy obligation,,重恩,日文重恩指深厚恩惠/大恩，中文重恩贴合日文；英文heavy obligation更接近沉重义务，需核实JMdict英文释义与词条语义是否冲突。
remaining_80pct,1366740,人格化,じんかくか,f33e1387t0,gloss,impersonation,,拟人化,日文人格化及中文拟人化均对应personification，但该字段英文impersonation意为冒充他人；需核对英语源义项。
remaining_80pct,1415430,第二部長,だいにぶちょう,f38e993t0,gloss,"assistant chief of staff, g2",,参谋部第二处处长,G2为军事参谋职务缩写，中文译为参谋部第二处处长似乎具体化了等级；需核实原条目所指军制及g2职务。
remaining_80pct,1696530,透かし絵,すかしえ,f68e198t0,gloss,(artistic) transparency,,透明感,透かし絵可能指透光观看的图像或艺术透明画，现译透明感把具体图像译成抽象质感；需核查该词条艺术术语所指后确定中文专名。
remaining_80pct,1773080,海損,かいそん,f75e1222t1,gloss,average loss,,平均损失,海損在海商法语境可能具体指共同海损，英文average loss也有专门海事义；平均损失过于直译，需核实该义项指一般海损还是共同海损。
remaining_80pct,1804780,添え木,そえぎ,f78e1710t2,gloss,epithesis,,夹板,epithesis意为用于替代缺失身体部位的赝复体，与添え木/夹板含义不合，疑似英日源义冲突；需核对源条目。
remaining_80pct,1804780,副え木,そえぎ,f78e1712t2,gloss,epithesis,,副木,epithesis意为用于替代缺失身体部位的赝复体，与添え木/副木（夹板）含义不合，疑似英日源义冲突；需核对源条目。
remaining_80pct,1869190,拮据,きっきょ,f84e1777t2,gloss,pinching,,拮据,英文pinching与日语拮据相关的勤俭/节省义可能对应，但中文拮据通常指经济困难；需核查此古语英文释义和日语语义。
remaining_80pct,1973910,黄体刺激ホルモン,おうたいしげきホルモン,f92e1857t0,gloss,luteotropic hormone,,黄体促性腺激素,黄体刺激ホルモン可能对应luteotropic hormone，但中文黄体促性腺激素易被理解为LH，相关激素术语容易混淆；需核实该日英术语具体所指及中文规范名。
remaining_80pct,2023650,反り手,そりて,f97e1787t0,gloss,falling techniques,,反技,反り手是相扑特殊取胜技分类，英文falling techniques较泛，中文反技可能不够规范；需核实相扑技术分类中的标准中文名称。
remaining_80pct,2033930,山葵田,わさびでん,f98e1706t0,gloss,wetland wasabi terrace,,湿生山葵田,wetland wasabi terrace是特定栽培设施/种植田，湿生山葵田生硬且含义不清；需核对山葵栽培方式后确定术语。
remaining_80pct,2178700,侮辱罪,ぶじょくざい,f113e706t0,gloss,"(crime of) defamation (i.e. slander, libel)",,诽谤罪,日文词头侮辱罪对应insult/insulting speech，但英文释义defamation（slander/libel）通常对应诽谤罪；现译与英文一致，需核实JMdict英语释义是否混淆日本刑法罪名。
remaining_80pct,2274160,泳動,えいどう,f123e1133t2,gloss,phoresis,,电泳,phoresis泛指通过介质的迁移/移动，中文电泳特指电场驱动迁移，日语泳動又常指电泳；需核实该技术词条是否限定电场条件。
remaining_80pct,2279290,アクティブコンテンツ,アクティブコンテンツ,f123e1980t0,gloss,active content,,活动内容,active content在计算机安全领域指网页中可执行的脚本/嵌入内容，活动内容可能是专业直译但缺少技术说明；需核对本词条所用术语标准后决定是否改为主动内容/可执行内容。
remaining_80pct,2340880,意味分析,いみぶんせき,f128e396t0,gloss,semantic factoring,,语义因子,日文意味分析指语义分析，英文semantic factoring可能指语义因子分解，而中文语义因子不对应两者；需核实计算机术语源义。
remaining_80pct,2554380,ツバクロザメ,ツバクロザメ,f147e855t0,gloss,"daggernose shark (Isogomphodon oxyrhynchus, species of requiem shark found in Trinidad, Guyana, Suriname, French Guiana, and Brazil)",,daggernose shark（Isogomphodon oxyrhynchus，一种分布于特立尼达、圭亚那、苏里南、法属圭亚那和巴西的reum shark）,需核实 Isogomphodon oxyrhynchus 的权威中文种名及 ‘requiem shark’ 科名；现译夹杂英文且含拼写错误，未确定高置信译法。
remaining_80pct,2548820,オスジイソハゼ,オスジイソハゼ,f146e1922t0,gloss,zebra goby (Eviota zebrina),,斑马河鳅,需用鱼类权威名录核实 Eviota zebrina 的中文通用名；现译‘河鳅’可能与虾虎鱼类不符。
remaining_80pct,2548820,オスジイソハゼ,オスジイソハゼ,f146e1922t1,gloss,five-bar pygmy-goby,,五带河鳅,需核实 Eviota zebrina 的别名 five-bar pygmy-goby 对应的中文鱼名，避免将通用类名错译。
remaining_80pct,2606060,押し被せ構造,おしかぶせこうぞう,f152e779t1,gloss,decken structure,,盖层构造,需核实地质术语 decken structure 的规范中文译名；‘盖层构造’可能误把地质推覆体概念当一般覆盖层。
remaining_80pct,2716000,ハイドロラコリス,ハイドロラコリス,f163e403t0,gloss,hydrolaccolith,,水成岩盖,需核实 hydrolaccolith 的中文地质学规范译名；现译‘水成岩盖’疑似逐字误译。
remaining_80pct,2821630,波来土,はらいど,f173e955t0,gloss,pearlite,,波拉土,需查明此处 pearlite 在地质标签下究竟指珠光体（冶金学 pearlite）还是珍珠岩类；现译音译‘波拉土’无法确定。
remaining_80pct,2821630,波来土,はらいど,f173e955t1,xref,① pearlite,,① 波拉土,同上，交叉引用同一术语需核对具体学科义。
remaining_80pct,2826700,大風,おおふう,f174e1456t2,gloss,calm,,平静,需核实大風（おおふう）在此词条中是否确有 calm/placid 的义项；同条前义为 arrogant/haughty，释义间关系明显冲突。
remaining_80pct,2828761,中国梨,ちゅうごくなし,f176e1388t2,gloss,pearple,,梨皮,需核实 English gloss ‘pearple’ 是否来源拼写错误及其含义；未找到可确定的中文对应，避免把疑似源文错误直接臆改。
remaining_80pct,2827981,柿餅,かきもち,f175e1750t0,gloss,persimmon-filled mochi,,柿子饼,需核实柿餅（かきもち）在此处具体所指食物；英文释义称 persimmon-filled mochi，与字面及中文词名不完全吻合。
remaining_80pct,2833119,黒闇天,こくあんてん,f180e1868t0,gloss,Kalaratri (Deva),,迦罗多罗（夜叉）,需核实 Kalaratri 的合适中文神名和宗教体系；英文释义明确为 Deva，现译‘夜叉’可能属错类。
remaining_80pct,2835596,蝦夷にゅう,えぞにゅう,f183e629t0,gloss,Angelica ursina (species of perennial herb),,当归,需查 Angelica ursina 的规范中文植物名；‘当归’过泛，尚未确定可靠种名译法。
remaining_80pct,2838505,ソーダ南部石,ソーダなんぶせき,f186e397t0,gloss,natronambulite,,硫酸钠石,需核实 natronambulite 的标准中文矿物名；现译‘硫酸钠石’与其化学组成似不符，避免臆造。
remaining_80pct,2869114,耳赤の一局,みみあかのいっきょく,f215e160t0,gloss,ear-reddening game,,令人耳红的一局,耳赤の一局是特定历史围棋名局，需核实中文约定俗成名；‘令人耳红的一局’可能误解为羞赧。
remaining_80pct,2869114,耳赤の一局,みみあかのいっきょく,f215e160t1,xref,ear-reddening move,,令人耳红的一手,耳赤の一手指名局中的著名妙手，需核实固定中文译名后再校。
remaining_80pct,2870760,尚書,しょうしょ,f216e1747t7,gloss,Oversight Department (under the Department of State of the ritsuryō system),,尚书省（律令制下的省）,需核实律令制下弁官（Oversight Department）的机构中文译名；当前‘尚书省’可能对应错机构。
remaining_80pct,2870760,尚書,しょうしょ,f216e1747t8,xref,Oversight Department (under the Department of State of the ritsuryō system),,御史台（律令制下大判官的部门）,该xref原词是弁官，现译‘御史台’可能指中国不同机构，需查证日制官署译名。
remaining_80pct,2870091,領得罪,りょうとくざい,f216e431t0,gloss,(crime of) appropriation,,领得罪,需核实日本刑法术语領得罪对应的中文罪名；‘领得罪’不自然，可能对应侵占或不法占有类罪名。
remaining_80pct,2870091,領得罪,りょうとくざい,f216e431t1,gloss,acquisitive crime,,领得罪,Acquisitive crime 的中文法学术语需结合日本法语境确认，不能直译为‘领得罪’。
remaining_80pct,2870091,領得罪,りょうとくざい,f216e431t2,gloss,misappropriation offense,,领得罪,Misappropriation offense 需确认日本法语境下的具体罪名译法。
remaining_80pct,1015670,アコモデーター,アコモデーター,f2e1270t0,gloss,accommodator,,调节器,accommodator单词有调解者等义，需查日语外来词专门用法，调节器是否确有器械语境。
remaining_80pct,1033170,オープンセット,オープンセット,f3e1988t0,gloss,open set,,开放集,日语通常指露天摄影布景，英文open set也可指数学开集；需词典来源核实后改。
remaining_80pct,1035970,オンザマーク,オンザマーク,f4e413t0,gloss,on the mark,,在标记处,疑为田径起跑各就各位口令；需日语词典确认，当前直译在标记处不明确。
remaining_80pct,1072570,スプーラ,スプーラ,f6e1908t0,gloss,spooler,,卷线器,スプーラ可能指计算机假脱机程序，需确认本条是否有机械卷线器义。
remaining_80pct,1087280,ドレペ,ドレペ,f7e1978t0,gloss,dressing paper,,包装纸,ドレペ及英文dressing paper领域不明，包装纸需查专业来源。
remaining_80pct,1153570,綾糸,あやいと,f13e209t3,gloss,heddle thread,,经纱,heddle thread 是织机综丝/综线相关专业术语，需查纺织术语表确认标准中文。
remaining_80pct,1165820,一般会計,いっぱんかいけい,f14e452t0,gloss,general accounting and finance,,一般会计与财务,一般会計在日本公共财政中指普通会计/一般预算，需结合条目源定义确定最贴切译名。
remaining_80pct,1183190,恩借,おんしゃく,f16e138t0,gloss,loan,,恩借,恩借是较生僻词，英文 loan/borrowing 未说明是否强调受恩惠而借，需查历史辞书语境。
remaining_80pct,1183190,恩借,おんしゃく,f16e138t1,gloss,borrowing,,恩借,恩借是较生僻词，英文 loan/borrowing 未说明是否强调受恩惠而借，需查历史辞书语境。
remaining_80pct,1383790,切ら無い,きらない,f35e686t0,gloss,not through,,未通过,切ら無い的词条义 not through 依赖其词源/古用法，当前“未通过”可能误把 through 当作考试通过，需查日文辞书原义。
remaining_80pct,1390580,戦務,せんむ,f36e160t0,gloss,service,,战务,战务可能是军事勤务/作战勤务一类术语，需查历史军事辞书确定中文对译。
remaining_80pct,1409220,体育家,たいいくか,f37e1776t0,gloss,physical culturist,,体育爱好者,physical culturist 是较旧的英语表达，需核实此处指体育工作者、体育家还是体育爱好者。
remaining_80pct,1654330,転炉,てんろ,f63e1818t1,gloss,rotary kiln,,回转窑,rotary kiln 与転炉（converter）通常是不同冶金设备，需核查源词条是否把另一词义误挂到此词头。
remaining_80pct,1678360,口触り,くちざわり,f66e603t1,gloss,treatment,,待遇,口触り本义接近口腔触感/口感，与“treatment”对应关系不清，需核查该英语义项是否属于本词条。
remaining_80pct,1715090,漢訳,かんやく,f70e43t2,gloss,kango translation,,汉字翻译,kango translation 可能指汉语/汉文与日语汉语词的翻译关系，需查日文词条原定义后区分“汉字翻译”与“汉语词翻译”。
remaining_80pct,1722050,節句働き,せっくばたらき,f70e1342t0,gloss,"working on a day off (to make up for lost time, or to make an impression)",,节假工作,节句働き是带讽刺色彩的俗语/谚语义，需核实推荐的中文固定说法后再定译。
remaining_80pct,1793770,心霊学,しんれいがく,f77e1584t1,gloss,psychics,,灵媒,psychics 可指灵媒或超常能力者，需核实日文心霊学的具体英文义项是否意指灵媒群体。
remaining_80pct,1822840,本格小説,ほんかくしょうせつ,f80e992t0,gloss,serious novel,,严肃小说,本格小説可指正统/真正意义上的长篇小说，英文 serious novel 与“严肃小说”并不完全对等，需查原词条日文定义后确定。
remaining_80pct,1822840,本格小説,ほんかくしょうせつ,f80e992t1,gloss,genuinely attempted novel,,认真尝试的小说,genuinely attempted novel 是不自然英语释义，需核对本格小説原义及英文源是否有误后定中文。
remaining_80pct,1836390,腰赤燕,こしあかつばめ,f81e1864t1,gloss,striated swallow (Hirundo striolata),,条纹燕（Hirundo striolata）,Hirundo striolata 的标准中文鸟名需查权威鸟类名录确认；现译“条纹燕”可能是直译。
remaining_80pct,1949080,輻射熱,ふくしゃねつ,f90e1785t1,gloss,photothermal,,辐射热,photothermal 是光热的，和“辐射热”作为词项释义不完全对应，需核查英文义项是否误挂。
remaining_80pct,1974560,可逆機関,かぎゃくきかん,f93e17t0,gloss,reversible engine,,可逆机,可逆机可能是可逆发动机/热机类专业术语，需核查工程学语境以确认是否需补出“热机”。
remaining_80pct,1988390,メディアミックス,メディアミックス,f94e577t0,gloss,media franchising,,媒体特许经营,media franchising 在日本 media mix 语境可能指跨媒体开发作品系列，需查证其是否应译“媒体特许经营”或“跨媒体企划”。
remaining_80pct,2052110,発菩提心,ほつぼだいしん,f100e1409t0,gloss,deciding to embrace Buddhism,,决定皈依佛教,发菩提心作为佛教术语指立志求觉悟/发愿成佛，英文 deciding to embrace Buddhism 可能仅为宽泛释义，需查佛教术语来源确定准确中文。
remaining_80pct,2110150,目隠し葺き,めかくしぶき,f106e801t0,gloss,tiles used to cover nail holes in cypress bark roofing for the purpose of waterproofing,,用于覆盖柏树皮屋顶上钉孔以防漏水的瓦片,该屋顶建筑构件的英文解释是专用防水盖钉片，需查传统桧皮葺屋顶术语以确定中文构件名称；当前泛称瓦片可能不准。
remaining_80pct,2171280,涸沼糸蜻蛉,ひぬまいととんぼ,f112e1363t0,gloss,Mortonagrion hirosei (species of damselfly),,涸沼糸蜻蛉,Mortonagrion hirosei 是日本特有细蟌种，尚需核实中文正式种名；当前保留日文俗名对应字形。
remaining_80pct,2268870,細小波,いさらなみ,f123e7t0,gloss,fog,,雾,日文细小波意为细小波浪，与英语 fog（雾）明显不对应，需核查英译是否误挂。
remaining_80pct,2272750,モールスキン,モールスキン,f123e827t0,gloss,moleskin,,摩尔皮,moleskin 可指磨毛棉布或鼹鼠皮，缺少类别语境，需核实此词条应取哪一义。
remaining_80pct,2290810,カード通路,カードつうろ,f124e1285t0,gloss,card path,,卡片通道,card path 是罕见计算机术语，需核实是否指卡片路径、读卡通道或其他设备接口。
remaining_80pct,2314810,ドライカッパー,ドライカッパー,f126e683t0,gloss,dry copper,,干铜,dry copper 是电信术语，可能指未分配/未启用业务的铜缆线路，需查行业术语确定中文。
remaining_80pct,2324430,フェールソフト,フェールソフト,f127e8t0,gloss,failsoft,,故障软处理,failsoft 是特定容错/降级处理机制，需查技术语境确认“故障软处理”对应含义。
remaining_80pct,2456600,約やか,つづまやか,f139e267t5,gloss,discrete,,含蓄,英语 discrete 与日文つづまやか通常义 modest/discreet 不一致，需核查英语释义是否源文误挂。
remaining_80pct,2466340,カスケードシャワー,カスケードシャワー,f139e1965t0,gloss,cascade shower,,级联淋浴,Cascade shower 在物理学中似指粒子簇射/级联簇射，但词条中文原译按字面作淋浴，缺少定义上下文，需核查具体术语来源。
remaining_80pct,2474390,サージング,サージング,f140e1254t0,gloss,surging,,涌流,Surging 在机械工程中可指喘振，也可泛指涌动；词条没有领域或释义上下文，无法确定这里应采用哪个术语。
remaining_80pct,2497070,ソフィスティケーション,ソフィスティケーション,f142e532t0,gloss,sophistication,,复杂化,Sophistication 可指精致、老练、复杂性或复杂化；日文外来语词条只有该孤立英文词，现译“复杂化”可能合适但缺少语境判断其具体义项。
remaining_80pct,2538650,笙歌,しょうか,f146e332t0,gloss,singing and playing the shō,,笙歌,词条日文项是“笙歌”，但英文解释为演奏日本笙、xref 又解释笙这种乐器；中文“笙歌”可能会指歌乐，源释义疑似词条/字段混杂，需回查原始辞典。
remaining_80pct,2562590,庚寅,かのえとら,f148e363t0,gloss,"Metal Tiger (27th term of the sexagenary cycle, e.g. 1950, 2010, 2070)",,金属虎（六十甲子中的第27位，如1950年、2010年、2070年）,干支英文采用西方生肖式转写 Metal Tiger，中文现译“金属虎”生硬；可译庚寅或庚寅年，但条目未说明应优先保留干支名还是对译英语释义，待统一术语标准。
remaining_80pct,2589810,追随性,ついずいせい,f150e1486t0,gloss,compliance,,合规性,Compliance 在不同领域对应依从性、顺应性或符合性；该词条未给领域语境，现译“合规性”不一定适用于抽象追随性，需核查具体术语。
remaining_80pct,2624150,離宴,りえん,f154e233t1,gloss,divorce party,,离婚宴,英文 divorce party 与日文“離宴”通常义离别宴不一致，且无上下文说明，疑似英语释义字段错配，暂不自行改动。
remaining_80pct,2686480,ブルルン,ブルルン,f160e677t0,gloss,va-va-vroom,,轰隆,Va-va-vroom/va-voom 在英语中可作汽车引擎声，也可指性感魅力；该拟声词条缺少词义背景，中文‘轰隆’不一定适合，需核查日语用法。
remaining_80pct,2729590,透明ランナー,とうめいランナー,f164e882t1,info,placeholder used when fewer than 9 members are present on a team,,当球队人数不足9人时使用的占位符,该词条将透明ランナー解释成 ghost runner，但所附“队伍不足9人时的占位符”并非棒球中通常所说的自动进垒跑者定义，疑似来源释义错配，需核查原辞典。
remaining_80pct,2751100,自然治療,しぜんちりょう,f166e1015t0,gloss,autotherapy,,自体疗法,Autotherapy 可指自体疗法或自然疗法，且词条标注旧语；英文释义与中文现译之间对应不清，需核实历史术语义项。
remaining_80pct,2751100,自然治療,しぜんちりょう,f166e1015t1,gloss,self-healing,,自愈,Self-healing 可能指自愈/自我疗愈，但与日文“自然治療”的具体历史义不完全吻合，需核查语境。
remaining_80pct,2819920,縮退故障,しゅくたいこしょう,f173e689t1,gloss,stack fault,,堆栈故障,同组词义为缩退故障，英文一义是 stuck-at fault，另一义 stack fault 与日文词项关系不明，疑似源条目误混技术术语，待查证。
remaining_80pct,2831090,爪付きナット,つめつきナット,f178e1956t1,gloss,blind nut,,盲螺母,Blind nut 可指盲孔螺母或其他无法从一侧安装的螺母，日文项爪付きナット通常是T形爪螺母；两义是否对应同一类型需核对术语来源。
remaining_80pct,2836365,向岸流,こうがんりゅう,f184e111t1,xref,rip current,,离岸流,向岸流是流向岸边的流，而rip current通常指向外海的离岸流；日文主条与英语交叉引用似乎相反，需查证源词或xref方向，暂不把两者强行等同。
remaining_80pct,2840304,氷雪気候,ひょうせつきこう,f187e1839t2,gloss,frost climate,,霜冻气候,Frost climate 和 nival climate 具有特定气候学分类义；此处简译“霜冻气候”“雪线气候”可能不规范，需核查对应分类体系。
remaining_80pct,2841213,キックラセンキ,キックラセンキ,f188e1580t1,gloss,slipped disk,,椎间盘突出,Slipped disk（椎间盘突出）并不等同于 strained back/lumbosacral strain（腰背肌肉或韧带拉伤）；日文方言词可能涵盖俗称“闪腰”，英语义项可能过宽或错配，待查源。
remaining_80pct,2846179,クロージング,クロージング,f193e593t0,gloss,clothing,,服装,日文外来语クロージング通常可指结束/成交，英文释义却是 clothing，疑似词源或义项错配；需查词条来源后再决定应译“服饰”还是“结束/成交”。
remaining_80pct,2846299,聴覚障害,ちょうかくしょうがい,f193e831t1,gloss,paracusis,,听力障碍,paracusis 是特定听觉异常/听觉障碍术语，是否可与泛称 hearing impairment 等同需核医学词典；暂不猜改。
remaining_80pct,2846299,聴覚障害,ちょうかくしょうがい,f193e831t2,gloss,paracusia,,听力障碍,paracusia 为 paracusis 的术语变体，中文对应可能需结合具体医学定义核实，暂不猜改。
remaining_80pct,2853566,母音接続,ぼいんせつぞく,f200e757t0,gloss,hiatus,,连音,hiatus 在语音学中指相邻元音处于不同音节的现象；中文术语有元音间隙、元音间断等，需核术语规范后再取舍“连音”。
remaining_80pct,2857312,ネガワット,ネガワット,f203e1624t0,gloss,negawatt (unit of energy saved),,负瓦特（节省能量的单位）,negawatt 是以瓦特计量的节能功率（功率量纲），而英文括注称 unit of energy saved；需核原词条/术语来源确认是否存在源义量纲错误，再确定中文。
remaining_80pct,2866367,尿閉,にょうへい,f212e1071t1,gloss,anuria,,无尿,anuria（无尿）与 urinary retention（尿潴留）是不同临床状态；需核原词条是否把疾病近义词误列为同义项。
remaining_80pct,2866367,尿閉,にょうへい,f212e1071t3,gloss,anuresis,,无尿,anuresis 与 urinary retention 并非完全等义（可指无尿/排尿障碍）；需查医学辞典核实源词条映射。
remaining_80pct,2867599,大圏図,たいけんず,f213e1382t0,gloss,gnomonic chart,,圆锥投影图,gnomonic chart 属地图投影/航海图术语，心射投影虽可对应 gnomonic projection，但此具体 chart 译名需核地图学规范；现译圆锥投影有疑。
remaining_80pct,2867615,アルプレノロール,アルプレノロール,f213e1416t0,gloss,alprenolol,,阿普雷诺罗,alprenolol 的规范中文药名需核药典/药品通用名；现有音译疑似残缺，暂不猜改。
remaining_80pct,2868131,スズメウリ,スズメウリ,f214e266t0,gloss,Zehneria japonica (species of wild gourd),,日本野黄瓜（Zehneria japonica，一种野黄瓜）,Zehneria japonica 的标准中文植物名需核植物志；现译“日本野黄瓜”是英文俗名直译，是否为正式种名尚不确定。
remaining_80pct,2870066,公益社団法人,こうえきしゃだんほうじん,f216e370t1,gloss,charitable corporation,,慈善法人,公益社团法人是日本法定法人类别，charitable corporation 可能误将“公益”限定为慈善；需核日本法人制度下更准确的英文/中文对应。
remaining_80pct,2872519,隠し戸,かくしど,f218e1314t2,gloss,trapdoor,,活板门,trapdoor 通常指地板/天花板上的活板门，而隠し戸是隐蔽门；需核该英语释义是否指可开启的隐藏活板或源义混配，暂不将其直接等同。
remaining_80pct,1033180,オープンテニス,オープンテニス,f3e1990t0,gloss,open tennis,,开放式网球,需核对open tennis是否应译为网球公开赛（专业与业余共同参赛），开放式网球语义可疑。
remaining_80pct,1042690,キンキールック,キンキールック,f4e1432t0,gloss,kinky look,,凌乱造型,需核对服装领域kinky look的固定中文译名及所指风格，凌乱可能误解kinky。
remaining_80pct,1050820,コマンドモジュール,コマンドモジュール,f5e693t0,gloss,command module,,命令模块,需核对日文外来语是否仅指航天器指令舱，现译命令模块可能误归计算机。
remaining_80pct,1066120,ジュニアミドル,ジュニアミドル,f6e942t0,gloss,junior middle (weight),,次中量级,junior middleweight通常相当于轻中量级或超次中量级，需核对拳击级别中文标准，现译次中量级可能错误。
remaining_80pct,1099580,バムバム,バムバム,f8e1803t0,gloss,bawm bawm (phenomenon) (name of Japanese pop song),,《Bam Bam》（日本流行歌曲名）,源文写bawm bawm phenomenon，现译仅作Bam Bam歌名；需查具体歌曲与现象所指及拼写。
remaining_80pct,1117000,プレミアムセール,プレミアムセール,f10e476t0,gloss,premium sale,,高级销售,premium sale可能为赠品促销，现译高级销售可疑；需核实日文商业术语。
remaining_80pct,1134240,メンタリスティック,メンタリスティック,f11e1047t0,gloss,mentalistic,,心理的,mentalistic或指心理主义/心灵主义的，现译心理的可能过宽；需查该借词采用的具体理论义。
remaining_80pct,1185840,下駄番,げたばん,f16e584t0,gloss,toe guards on clogs,,木屐的趾部,需核实下駄番所指木屐趾部护件的标准中文名称；现译‘木屐的趾部’未体现toe guards，但术语不宜臆改。
remaining_80pct,1193240,歌学,かがく,f16e1938t0,gloss,poetry,,诗歌,需核对历史术语歌学在此词条的准确中文对应；‘诗歌’可能把学问名称译成了对象。
remaining_80pct,1199560,回旋,かいせん,f17e1136t2,gloss,convolution,,卷绕,需核对此处convolution对应的领域和固定中文术语；数学义常译‘卷积’，现译‘卷绕’是否适合该词义需结合源条目确认。
remaining_80pct,1256810,剣劇,けんげき,f23e344t0,gloss,sword play,,剑剧,需核对剣劇在此是剑术表演/时代剧中的刀剑戏，‘剑剧’可能是生硬直译。
remaining_80pct,1292840,再従弟,さいじゅうてい,f26e1071t0,gloss,younger second cousin,,远房堂弟,需核实再従弟在中文亲属称谓中的准确对应；‘远房堂弟’可能把亲属支系限定为堂亲。
remaining_80pct,1313300,歯固め,はがため,f28e1004t3,gloss,tooth hardening meal,,咬咬饭,需查证歯固め作为新年传统食物的中文专名；‘咬咬饭’是否为固定译名不明。
remaining_80pct,1314870,侍史,じし,f28e1312t0,gloss,respectfully,,（敬语）,需核对书信敬语侍史用作称呼后缀时的中文功能性译法；单写‘敬语’没有表达respectfully。
remaining_80pct,1350940,照射処理,しょうしゃしょり,f32e183t0,gloss,lighting,,灯光布置,需核对照射処理的领域义；日文词头可能指辐照处理，英文lighting和现译灯光布置均不能确认其专业含义。
remaining_80pct,1371960,水芭蕉,みずばしょう,f34e315t0,gloss,Asian skunk cabbage (Lysichiton camtschatcense),,水芭蕉,需核对Lysichiton camtschatcense的中文植物名；现译沿用日文名‘水芭蕉’，是否为中文规范名待查。
remaining_80pct,1375800,成長曲線,せいちょうきょくせん,f34e1066t0,gloss,logistic curve,,逻辑曲线,需核验logistic curve的规范数学译名；‘逻辑曲线’很可能是把logistic误作logical。
remaining_80pct,1381700,青砥,あおと,f35e264t0,gloss,medium-grade millstone,,中等粒度磨石,需核对青砥在磨刀石分类中的规范中文名称；‘中等粒度磨石’可能不是对应的专名。
remaining_80pct,1388310,先日付け,さきひづけ,f35e1640t0,gloss,dating forward,,提前日期,需核对先日付け/post-dating的金融或书写语境及中文术语；‘提前日期’无法判断时间方向是否正确。
remaining_80pct,1466720,入府,にゅうふ,f43e916t0,gloss,entering the metropolitan area,,进入府内,需核实入府在该词条指进入哪个府域/都市范围及规范中文说法；直译‘进入府内’信息不足。
remaining_80pct,1573520,轗軻,かんか,f53e1193t0,gloss,separation from the world,,离世,需核实轗軻/坎坷的义项与英文separation from the world为何不一致；现译‘离世’疑似误义，但需先确认该字段源文或词源是否异常。
remaining_80pct,1697770,受託収賄罪,じゅたくしゅうわいざい,f68e462t0,gloss,(the crime of) bribery,,受贿罪,需核实受託収賄罪在相应法域的中文罪名；英文bribery和现译受贿罪可能都未体现‘受托/职务相关受贿’的特定构成。
remaining_80pct,1737490,水盛り,みずもり,f71e1957t0,gloss,(using a) level,,水准,需核实水盛り在测量/施工语境中的具体方法或器具；英文using a level过于宽泛，‘水准’是否完整准确不确定。
remaining_80pct,1766310,逸民,いつみん,f74e1817t0,gloss,retired person,,隐士,需核对逸民在此是泛指退休者还是特指归隐者；英文retired person比现译‘隐士’范围宽。
remaining_80pct,1770780,道家,どうか,f75e628t0,gloss,Taoist,,道士,需核对道家/Taoist在此指道教信徒、道士还是道家学派成员；‘道士’可能把身份限为出家/修道者。
remaining_80pct,1782100,ラシャ紙,ラシャがみ,f76e1156t0,gloss,flock paper,,粗纸,需核对flock paper在纸张工艺中的材料含义和中文名；‘粗纸’看不出该纸种特征。
remaining_80pct,1810500,両建て,りょうだて,f79e652t0,gloss,straddling,,跨期,需核对金融语境両建て的具体持仓/期权策略及中文术语；现译‘跨期’可能指另一种交易策略。
remaining_80pct,1829900,生体学,せいたいがく,f81e442t0,gloss,somatology,,躯体学,需核对somatology作为学科名称的规范中文译名；‘躯体学’可能是生硬直译。
remaining_80pct,1870010,侠客,きょうかく,f84e1880t3,xref,machi-yakko,,町一夫,需核实machi-yakko的历史专名和中文约定译法；现译‘町一夫’不能传达该词。
remaining_80pct,1893530,中啓,ちゅうけい,f86e979t0,gloss,ceremonial folding fan,,中启,需核实中啓这种礼仪折扇在中文文物/器物学中的专名译法；现译‘中启’未解释器物类型。
remaining_80pct,1927450,ベリカード,ベリカード,f88e1623t0,gloss,verification card,,验证卡,需核对无线电语境verification card的中文专名；‘验证卡’过于泛化，可能指收听确认卡/QSL卡。
remaining_80pct,1955010,矢車草,やぐるまそう,f91e815t0,gloss,Roger's bronze leaf,,罗杰青铜叶,需核实植物Roger's bronze leaf对应的中文植物名；‘罗杰青铜叶’像直译，无法确认规范名称。
remaining_80pct,1960050,フロアリミット,フロアリミット,f91e1585t0,gloss,floor limit,,地板限制,需核对floor limit在该外来语中的行业含义与中文专名；‘地板限制’可能是对floor的字面误解。
remaining_80pct,1965420,スンプ法,スンプほう,f92e356t0,gloss,sump method,,集油坑法,需核实スンプ法/SUMP method的具体技术来源和中文规范名；‘集油坑法’很可能误把专名当普通词sump。
remaining_80pct,2000540,粉飾決算,ふんしょくけっさん,f95e1386t2,gloss,creative accounting,,创造性会计,需核对creative accounting在财会语境中的规范中文译法；‘创造性会计’可能未表达其利用会计处理粉饰账目的含义。
remaining_80pct,2002250,カシメ,カシメ,f95e1773t4,gloss,self-clinch hardware,,自锁紧固件,需核对self-clinch hardware的标准中文紧固件术语；现译‘自锁紧固件’可能把clinching误作locking。
remaining_80pct,2021590,水腐れ,みずくされ,f97e1447t0,gloss,water rot (decay of crops due to excess water),,水烂,需核对水腐れ的作物病害中文专名；英文说明是过量水分导致的腐烂，现译‘水烂’可能过于笼统。
remaining_80pct,2059370,本選挙,ほんせんきょ,f101e756t0,gloss,original selection,,原选,需核实本選挙与补选/再选举相对时的准确英文义和中文术语；‘原选’不自然，但现有original selection不足以判定具体制度。
remaining_80pct,2077380,ハンガリー精神,ハンガリーせいしん,f103e219t0,gloss,hungry spirit (lacking in people not having drive or ambition),,缺乏干劲或抱负的人,需核对ハンガリー精神/Hungary spirit的双关和括号英文说明原意；现译将‘干劲、抱负缺乏者’与hungry spirit关系混淆。
remaining_80pct,2122960,モロヘイヤ,モロヘイヤ,f107e1323t0,gloss,Jew's mallow,,锦葵,需核实Jew's mallow、Nalta jute、Tussa jute对应的植物种及规范中文名；‘锦葵’可能是俗名，不能仅凭字面判为错译。
remaining_80pct,2122960,モロヘイヤ,モロヘイヤ,f107e1323t1,gloss,Nalta jute,,纳尔特黄麻,需核实Nalta jute的规范中文植物名；现译‘纳尔特黄麻’像音译。
remaining_80pct,2122960,モロヘイヤ,モロヘイヤ,f107e1323t2,gloss,Tussa jute,,图萨黄麻,需核实Tussa jute的规范中文植物名；现译‘图萨黄麻’像音译。
remaining_80pct,2138970,褄取り,つまどり,f109e685t0,gloss,rear toe pick,,后足趾勾,需核对相扑技法rear toe pick的标准中文名称；‘后足趾勾’可能是逐字直译。
remaining_80pct,2166110,スカラベ,スカラベ,f112e268t0,gloss,scarab (Egyptian gemstone),,圣甲虫（埃及宝石）,需核实scarab (Egyptian gemstone)在此指圣甲虫形宝石/护符还是其他玉石名称；现译可能把象形宝石直接说成昆虫。
remaining_80pct,2173170,プラズマジーン,プラズマジーン,f112e1699t0,gloss,plasmagene,,质粒基因,需核实plasmagene在遗传学中的规范中文术语；‘质粒基因’可能把plasma误作plasmid。
remaining_80pct,2173170,プラズマジーン,プラズマジーン,f112e1699t1,xref,plasmagene,,质粒基因,需核实xref plasmagene在遗传学中的规范中文术语；‘质粒基因’可能把plasma误作plasmid。
remaining_80pct,2200180,蘿,かげ,f115e1164t0,gloss,common clubmoss (Lycopodium clavatum),,石松属植物（如石松、鹿角石松、蔓石松、地石松）,需核对Lycopodium clavatum的规范中文名；当前以同一个‘石松属植物’泛译多个英语植物别名，需逐项确认物种俗名。
remaining_80pct,2200180,蘿,かげ,f115e1164t1,gloss,stag's-horn clubmoss,,石松属植物（如石松、鹿角石松、蔓石松、地石松）,需核对stag's-horn clubmoss的规范中文植物名。
remaining_80pct,2200180,蘿,かげ,f115e1164t2,gloss,running clubmoss,,石松属植物（如石松、鹿角石松、蔓石松、地石松）,需核对running clubmoss的规范中文植物名。
remaining_80pct,2200180,蘿,かげ,f115e1164t3,gloss,ground pine,,石松属植物（如石松、鹿角石松、蔓石松、地石松）,需核对ground pine的规范中文植物名。
remaining_80pct,2200180,蘿,かげ,f115e1164t4,xref,common clubmoss (Lycopodium clavatum); stag's-horn clubmoss; running clubmoss; ground pine,,石松属植物（如石松、鹿角石松、蔓石松、地石松）,需核对这些clubmoss英语别名在该xref中的逐项中文对应。
remaining_80pct,2208420,ホモファーベル,ホモファーベル,f116e865t0,gloss,homo faber,,工具人,需核实哲学术语Homo faber的中文惯用译法；‘工具人’在现代汉语中有贬义，可能误导。
remaining_80pct,2223280,レッドデータブック,レッドデータブック,f118e392t0,gloss,Red Data Book (of endangered species),,红色名录（濒危物种）,需核对Red Data Book在中文中的规范译名及其与红色名录/红皮书的区别；当前‘红色名录’可能概念不一致。
remaining_80pct,2231260,蛇蜻蛉,へびとんぼ,f118e1980t0,gloss,dobsonfly (esp. species Protohermes grandis),,蛇蜻蜓,需核对Dobsonfly/Protohermes grandis的规范中文昆虫名；‘蛇蜻蜓’可能为直译。
remaining_80pct,2246140,神習教,しんしゅうきょう,f120e1219t0,gloss,Shinshū-kyō (sect of Shinto),,神习教,需核对神習教/Shinshū-kyō在中文宗教文献中的专名译法；现译‘神习教’是否为惯用译名不确定。
remaining_80pct,2362890,授受特性,じゅじゅとくせい,f130e311t0,gloss,intent,,授受特性,英文释义intent与中日文授受特性明显不对应，疑似源条目错配；仅凭本批内容无法确定应改成哪一义项。
remaining_80pct,2463840,センシブル,センシブル,f139e1529t0,gloss,sensible,,可感知的；敏感的,英语sensible有‘明智的’和‘可感知的’等不同义项；该条目只有日语片假名而无上下文，现有译文‘可感知的；敏感的’是否合适需结合原词来源确认。
remaining_80pct,2554410,トガリメザメ属,トガリメザメぞく,f147e860t0,gloss,Loxodon (genus containing the sliteye shark as its only member),,Loxodon（属，包含sliteye shark作为唯一成员）,属名Loxodon和sliteye shark尚缺稳定中文规范名，当前混合英文写法需要物种学来源核实后再定。
remaining_80pct,2644520,躁転,そうてん,f156e417t3,gloss,cycle,,循环,cycle与前列躁狂状态词义可能关联情绪周期，但脱离来源语境无法确认该义项是否适用于躁转。
remaining_80pct,2645470,シミー,シミー,f156e597t0,gloss,shimmy,,小步舞,shimmy可指一种摆肩舞，也可指颤动/摆动；仅凭孤立词条不能确定这里指哪一义，现译‘小步舞’有疑点。
remaining_80pct,2664190,野芥子,のげし,f158e310t1,gloss,milk thistle,,乳蓟,milk thistle通常指水飞蓟，而同词条主释义的拉丁名Sonchus oleraceus是苦苣菜/普通苦苣菜，英文义项可能与词条来源错配，需核对源数据。
remaining_80pct,2722530,金為替,きんがわせ,f163e1591t0,gloss,gold exchange,,黄金兑换,gold exchange可指黄金兑换、黄金交易或金汇兑制度，单凭孤立词条无法确认具体金融义，建议结合日语上下文核实。
remaining_80pct,2774500,翼沙魚,つばさはぜ,f168e1475t0,gloss,loach goby (Rhyacichthys aspro),,沙鳅,Rhyacichthys aspro的中文鱼名存在资料间差异，无法仅凭孤立条目确定‘loach goby’的规范中文分类名；建议核对鱼类数据库。
remaining_80pct,2790020,既判力,きはんりょく,f170e636t2,gloss,claim preclusion,,诉权排除,claim preclusion的中文法律术语可能因法系和语境译作诉因排除、请求排除等；当前‘诉权排除’是否恰当需结合条目法律背景核实。
remaining_80pct,2829460,溶暗,ようあん,f177e769t1,gloss,dissolve,,溶解,Film/TV 术语 dissolve 在剪辑语境具体对应“叠化”还是该条日语溶暗所指的渐变转场，需核对该词条英文对译所据术语体系后确定，暂不猜改。
remaining_80pct,2829523,カプリチョーソ,カプリチョーソ,f177e871t0,gloss,capriccioso,,随性地,capriccioso 的中文音乐术语译法需核对权威乐理术语表；现译“随性地”语义大致相近，但具体演奏指示用语未能确认。
remaining_80pct,2833399,光茸蝿,ひかりきのこばえ,f181e332t0,gloss,glowworm,,发光菌,需查生物分类学中文资料确认 glowworm（此处为 fungus gnat 类昆虫发光幼虫）的规范中文名；仅凭字面译名不宜猜改。
remaining_80pct,2850000,毛瘡,もうそう,f196e1704t2,gloss,barber's itch,,理发师痒,barber’s itch 在医学资料中既被用作须癣（tinea barbae）的俗名，也见作须疮（sycosis barbae）的旧称；需确认本词条采用的义项后再选中文术语，暂不猜改。
remaining_80pct,2859958,曲がり屋,まがりや,f206e876t2,gloss,stale bull,,疲软牛,stale bull 是证券市场语境的术语，需核实其标准中文多头行情译法及“stale”具体含义后确定；现译“疲软牛”过于直译，暂不猜改。
remaining_80pct,2859958,曲がり屋,まがりや,f206e876t3,gloss,weak bull,,疲软牛,weak bull 的股市中文术语需结合证券行情词汇表核实，可能指弱势多头/疲弱牛市；暂不猜改。
remaining_80pct,2869116,イソツツジ,イソツツジ,f215e162t0,gloss,Rhododendron diversipilosum (species of Labrador tea native to Japan),,日本原产的多毛杜鹃（Rhododendron diversipilosum，一种加拿大茶）,Rhododendron diversipilosum 的日文/英文俗名对应 Labrador tea，中文对应的植物俗名不确定；拉丁学名已有清楚译名，暂保留现文本待核。
remaining_80pct,2869116,磯躑躅,いそつつじ,f215e164t0,gloss,Rhododendron diversipilosum (species of Labrador tea native to Japan),,日本原产的多毛杜鹃（Rhododendron diversipilosum）,同组异写条目中的Rhododendron diversipilosum亦有Labrador tea俗名，中文俗名需植物资料核实，暂保留。
remaining_80pct,1049940,コキール,コキール,f5e552t0,gloss,shell,,壳,food标签下coquille可能指贝壳形盛器或贝壳烤菜；英文仅shell，需核对原义后确定是否应扩译。
remaining_80pct,1060670,シップアメリカン,シップアメリカン,f6e136t0,gloss,Ship American policy,,“美国号”政策,Ship American疑为优先用美国船舶承运的政策，原译美国号政策可疑；需核实政策原文及正式中文名称。
remaining_80pct,1114600,ブルネット,ブルネット,f10e111t2,gloss,woman or girl with brown skin or eyes,,皮肤或眼睛呈棕色的女性或女孩,释义写作 brown skin or eyes，与词头 brunette（棕发女性）语义冲突；需核对源词条此义项是否误写，再决定译文。
remaining_80pct,1127720,マジックガラス,マジックガラス,f11e105t0,gloss,magic glass,,魔术玻璃,magic glass 可能是特定材料或商品名，现译“魔术玻璃”语义不明；需核对词典所指再定中文术语。
remaining_80pct,1174390,英気,えいき,f15e261t0,gloss,great wisdom,,英气,英気此处释义为 great wisdom，现译“英气”可能偏向气概；需查该词在此义项的权威中文对应词。
remaining_80pct,1174390,英気,えいき,f15e261t1,gloss,excellent disposition,,英气,英気此处释义为 excellent disposition，现译“英气”与英文义项不吻合；需核对该义项惯用中文释法。
remaining_80pct,1332750,秋霖,しゅうりん,f30e858t1,gloss,stationary autumn front,,秋台,stationary autumn front 是气象术语，现译“秋台”可能不准确；需核实其规范中文名称（秋季滞留锋或相关术语）。
remaining_80pct,1403600,贈与証書,ぞうよしょうしょ,f37e820t0,gloss,testimonial,,证明书,贈与証書通常指赠与契据/赠与证书，但英文 testimonial 可能对应另一类证明文件；需核对原词条英文源释义是否混入了其他义项。
remaining_80pct,1426900,駐在員,ちゅうざいいん,f39e1212t1,gloss,local staff,,当地员工,local staff 与词头駐在員及其他释义的外派/派驻员工含义可能冲突；需核实英译是否指当地雇员还是驻地工作人员。
remaining_80pct,1437940,鉄染色,てつせんしょく,f40e1177t0,gloss,iron staining,,铁锈,iron staining 可能是特定染色法或铁造成的污渍，现译“铁锈”未表达 staining；需核实该专业术语语境。
remaining_80pct,1462790,二等軍曹,にとうぐんそう,f43e278t0,gloss,staff sergeant,,中士,staff sergeant 在不同国家军衔体系中的对应级别不同，需核实该词条采用的国家军衔体系后决定中文军衔。
remaining_80pct,1476310,麦搗き,むぎつき,f44e705t0,gloss,polishing wheat,,小麦磨粉,麦搗き是传统谷物加工术语，英文 polishing wheat 不足以判断工序；需核实其具体是碾磨、脱壳还是精碾。
remaining_80pct,1566590,幇助,ほうじょ,f52e1695t3,gloss,aiding and abetting (a crime),,从犯,aiding and abetting 在中文刑法中有具体术语对应，需核实此处译为帮助犯罪、帮助犯或其他法律表述。
remaining_80pct,1566590,幇助,ほうじょ,f52e1695t4,gloss,abetment,,从犯,abetment 的中文法律译法依具体法域而异，需核实规范术语后确定是否保留“从犯”。
remaining_80pct,1707980,趣意書,しゅいしょ,f69e675t0,gloss,prospectus,,招股说明书,prospectus 可指招股说明书，也可泛指计划/项目说明书；需核实趣意書此处是否有证券发行语境，避免将通用文书限定为招股文件。
remaining_80pct,1755340,やまあらし,やまあらし,f73e1612t1,gloss,hedgehog,,刺猬,ヤマアラシ通常指豪猪/箭猪，与 hedgehog（刺猬）是不同动物；需核实此词条是否确有刺猬的历史或方言义项，再定译文。
remaining_80pct,1925970,イチボ,イチボ,f88e1354t0,gloss,aitchbone (meat),,牛肋骨肉,aitchbone 是特定牛肉分割部位，现译“牛肋骨肉”可能不对应该部位；需查证其实际部位与中文分割名。
remaining_80pct,1968030,プロペラ船,プロペラせん,f92e732t0,gloss,air propeller boat,,螺旋桨船,air propeller boat 是以空气螺旋桨推进的船，现译“螺旋桨船”可能过宽；需核实该船型的规范中文名称。
remaining_80pct,1960550,アクセス番組,アクセスばんぐみ,f91e1662t0,gloss,access program,,访问节目,access program 的具体媒体类型/功能不明，“访问节目”可能是直译；需核实该外来语所指节目类别。
remaining_80pct,2038360,準備書面,じゅんびしょめん,f99e592t1,gloss,legal brief,,法律意见书,準備書面是诉讼中的书面准备/陈述文件，法律 brief 在不同法域对应诉状、答辩状或准备书状；需核实日本民事诉讼术语对应后定译。
remaining_80pct,2060830,ハリス,ハリス,f101e1049t0,gloss,leader,,钓线,fishing leader 指主线末端连接钩饵的子线/前导线，现译“钓线”过泛；需核实本条所指的具体钓组线段。
remaining_80pct,2087830,サファリスタイル,サファリスタイル,f104e397t0,gloss,camouflage clothes,,迷彩服,该和制英语条目释义为 camouflage clothes，但 safari style 在服装语境也可能指猎装风格；需核实源词条是否将迷彩服与 safari 风格混为一谈。
remaining_80pct,2166120,スカラブ,スカラブ,f112e269t0,gloss,scarab (Egyptian gemstone),,圣甲虫（埃及宝石）,scarab 在埃及语境可指圣甲虫形宝石或护身符，英文把它限定为 gemstone；需核实此处是否应译“圣甲虫形宝石/护符”，而非“圣甲虫（宝石）”。
remaining_80pct,2186230,蘿蔔,すずしろ,f114e194t2,xref,"seven vernal flowers (Java water dropwort, shepherd's purse, Jersey cudweed, common chickweed, Japanese nipplewort, turnip, and daikon)",,七种春草（紫苏、繁缕、繁缕属、繁缕属、繁缕属、萝卜、白萝卜）,七草中部分植物的中文名涉及特定物种（Jersey cudweed、Japanese nipplewort 等）；现译名单明显重复并错配，需逐一核对权威植物名后重译。
remaining_80pct,2183470,椎の木,しいのき,f113e1587t1,xref,any beech tree of genus Castanopsis; chinquapin; chinkapin,,栗属的任意一种树；栗属植物；栗属植物,chinquapin/chinkapin 在英文中可指锥栗属或锥属植物，具体中文物种名取决于此处采用的植物分类；需核对各英文同义名后再译。
remaining_80pct,2210890,認諾離婚,にんだくりこん,f116e1307t0,gloss,divorce by admission,,认诺离婚,divorce by admission 是特定诉讼程序中的术语，现译“认诺离婚”可能是日本法概念直译；需核对法律背景后确定中文对应。
remaining_80pct,2274450,パサージュ,パサージュ,f123e1187t2,gloss,passage (horse gait),,通道（马的步法）,passage 作为马术步态是特定盛装舞步术语，中文译名需核实（可能有音译或专门步法名），不能译为普通“通道”。
remaining_80pct,2282840,インキング,インキング,f124e426t0,gloss,inking,,墨化,computing/printing context 中 inking 可能指上墨或墨水处理，现译“墨化”不清；需核实术语场景后定译。
remaining_80pct,2304150,ストローク入力装置,ストロークにゅうりょくそうち,f125e1210t0,gloss,stroke device,,笔画输入装置,stroke device 是特定计算机输入设备，现译“笔画输入装置”可能把 stroke 误当汉字笔画；需核实所指硬件。
remaining_80pct,2394330,裏帆,うらほ,f132e1981t0,gloss,sail with the wind at its back,,顺风帆,裏帆是帆船术语，现译“顺风帆”可能与逆风/帆背受风混淆；需核实其定义所说的风向与帆面关系后定译。
remaining_80pct,2394330,裏帆,うらほ,f132e1981t1,example,"Using the rudder and the jib with the wind behind it we backed up, turning the bow to the direction we wanted to go.",ジブの裏(うら)帆(ほ)とラダーを使(つか)って、バックしながら船(せん)首(しゅ)を進(すす)みたい方(ほう)向(こう)に向(む)けました。,利用前帆和船舵，在风从背后吹来时，将船头转向想要前进的方向。,例句涉及使用前帆与船舵倒船，译文“风从背后吹来”未必对应裏帆的航海含义；需核实操帆术语后修订。
remaining_80pct,2394330,裏帆,うらほ,f132e1981t2,gloss,aback,,顺风,aback 在帆船语境是帆背受风状态，不是一般“顺风”；需核实合适中文航海术语。
remaining_80pct,2404400,オオスズメバチ,オオスズメバチ,f133e1950t0,gloss,Asian giant hornet (Vespa mandarinia),,亚洲巨蜂（Vespa mandarinia）,Vespa mandarinia 的中文标准俗名可能为亚洲大虎头蜂/亚洲大黄蜂，现译“亚洲巨蜂”不常见；需核实规范中文名。
remaining_80pct,2404400,オオスズメバチ,オオスズメバチ,f133e1950t1,gloss,yak-killer hornet,,杀牦牛蜂,yak-killer hornet 是该蜂的英语俗称，直译“杀牦牛蜂”是否有中文通行名需核实。
remaining_80pct,2404400,オオスズメバチ,オオスズメバチ,f133e1950t2,xref,② Asian giant hornet (Vespa mandarinia); yak-killer hornet,,② 亚洲巨蜂（Vespa mandarinia）；杀牦牛蜂,该 xref 同时列出 Asian giant hornet 与 yak-killer hornet；两个中文俗名均需核实后统一。
remaining_80pct,2444460,ベンド生物,ベンドせいぶつ,f137e1854t0,gloss,Vendobionta,,文多生物,Vendobionta 是前寒武纪生物群的分类名称，现译“文多生物”像音译且不明确；需核实中文古生物学通行译名。
remaining_80pct,2475130,チュニック,チュニック,f140e1369t0,gloss,tunic,,长袍,tunic 可指束腰外衣、短袍或制服上衣，现译“长袍”范围可能过宽；需根据日文词条实际服装义核实中文名称。
remaining_80pct,2486750,ハッジ,ハッジ,f141e1091t3,gloss,haji,,haji,haji 在英语中通常指完成麦加朝觐的人（朝觐者/哈吉），而非 hajj 朝觐本身；需确认源词条是否把不同词形并列。
remaining_80pct,2509850,揉み立てる,もみたてる,f143e575t4,gloss,to rush,,催促,to rush 的具体语境可能指匆忙冲入、挤向前或赶忙做；需核实该古语动词在词典源义中的细微动作再确定中文。
remaining_80pct,2541360,ミナミイスズミ,ミナミイスズミ,f146e769t0,gloss,chub sp. (Kyphosus sp.),,鲷属鱼（Kyphosus sp.）,Kyphosus 是舵鱼科/舵鱼属类群，现译“鲷属鱼”可能错置科属；需核实该词条的精确分类等级及中文科属名称。
remaining_80pct,2550460,ムラサキギンザメ,ムラサキギンザメ,f147e218t0,gloss,"purple chimaera (Hydrolagus purpurescens, species of cartilaginous fish found in Japan and the Hawaiian Islands)",,紫色鬼鲨（Hydrolagus purpurescens，分布于日本和夏威夷群岛的软骨鱼类）,Hydrolagus purpurescens 是银鲛类（chimaera），不是鲨鱼；需核实该种的规范中文鱼名后决定是否改为紫银鲛等。
remaining_80pct,2553300,ツマグロエイラクブカ,ツマグロエイラクブカ,f147e662t0,gloss,"blacktip tope (Hypogaleus hyugaensis, a hound shark found in the Indo-West Pacific)",,黑边真鲨（Hypogaleus hyugaensis，一种分布于印度-西太平洋的犬齿鲨）,Hypogaleus hyugaensis 的中文俗名可能是黑边星鲨/黑边真鲨，需核实分类与物种中文名后判断现译。
remaining_80pct,2555180,エビスザメ属,エビスザメぞく,f147e984t0,gloss,Notorynchus (genus of cow sharks),,牛鲨属,Notorynchus 属为七鳃鲨类，现译“牛鲨属”可能错误；需核实该属的规范中文名称。
remaining_80pct,2566420,黄色雀蜂,きいろすずめばち,f148e1065t0,gloss,"yellow hornet (Vespa simillima xanthoptera, subspecies of the Japanese hornet, Vespa simillima)",,黄蜂（日本黄蜂的亚种，学名 Vespa simillima xanthoptera）,Vespa simillima xanthoptera 是特定黄蜂亚种，现译泛称“黄蜂”遗漏了区分性俗名；需查规范中文亚种名。
remaining_80pct,2588100,私領,しりょう,f150e1186t1,gloss,park,,公园,私領的 park 可能指私人园地、领地或公园，现译“公园”语义来源不清；需核实该词条中的历史用法再定。
remaining_80pct,2606140,まべ貝,まべがい,f152e801t0,gloss,penguin wing oyster (Pteria penguin),,企鹅翼贻贝（Pteria penguin）,Pteria penguin 是珍珠贝科贝类而非贻贝，现译“企鹅翼贻贝”可能错用分类名；需核实其通行中文种名。
remaining_80pct,2635370,エポーレットシャーク,エポーレットシャーク,f155e513t1,gloss,blind shark,,盲鲨,blind shark 是某些鲨鱼的通名，常对应盲鲨属（Brachaelurus）；需核实此条是否确将该名作为肩章鲨的异名列出，避免与物种名冲突。
remaining_80pct,2635370,エポーレット・シャーク,エポーレット・シャーク,f155e514t1,gloss,blind shark,,盲鲨,同条将 epaulette shark 与 blind shark 并列，但两者通常不是同一物种；需核实英词条同义词是否误并。
remaining_80pct,2700120,アナバシン,アナバシン,f161e1252t0,gloss,anabasine,,安巴辛,anabasine 的中文名可能是毒藜碱/安那巴辛，现译“安巴辛”较少见；需核实该生物碱的规范中文名。
remaining_80pct,2829249,べっ甲あん,べっこうあん,f177e354t0,gloss,tortoiseshell sauce,,贝甲汁,日式料理术语 べっ甲あん 的定译需核实；字面“贝甲汁”可能误把鼈甲当贝壳，建议查中文料理资料确认是否译作琥珀羹汁/琥珀芡汁。
remaining_80pct,2835497,錦玉子,にしきたまご,f183e461t0,gloss,silk brocade eggs,,锦缎蛋,錦玉子是日本新年料理，现译“锦缎蛋”像直译英语 silk brocade eggs；建议核对中文料理译名是否保留“锦玉子”或采用彩丝蛋糕式译名。
remaining_80pct,2835497,錦玉子,にしきたまご,f183e461t1,gloss,nishiki tamago,,锦缎蛋,nishiki tamago 的中文转写/菜名译法需核实，避免把字面“锦缎蛋”误当规范译名。
remaining_80pct,2836543,いせる,いせる,f184e431t0,gloss,to ease (sewing garments),,（缝制衣物时）使……平整,缝纫术语 ease 指把较长布边收缩/吃势以适配较短边，需核对适用语境后确定中文术语，现译“使平整”疑有偏差。
remaining_80pct,2838824,関取鰮,せきとりいわし,f186e1026t0,gloss,Rouleina watasei (type of slickhead fish),,关取鲱（一种鲱鱼）,Rouleina watasei 属 slickhead 类群，中文鱼类俗名及“鲱鱼”分类关系需查鱼类名录核实。
remaining_80pct,2844897,多項目,たこうもく,f192e404t0,gloss,multi-phase,,多相,多項目释义 multi-phase 在脱离上下文时可能指多阶段，也可能依领域用多相；需结合专门语境确认，目前“多相”不够确定。
remaining_80pct,2866328,ダメアキシチョウ,ダメアキシチョウ,f212e991t0,gloss,loose ladder,,松梯,围棋术语 loose ladder 的中文定译需要核对，现译“松梯”疑似按英文直译。请查围棋术语表确认是否作松征/宽征等。
remaining_80pct,2866426,ラッパツギ,ラッパツギ,f212e1188t0,gloss,trumpet connection,,喇叭连接,围棋术语 trumpet connection 的中文固定译名需核实，现译“喇叭连接”可能不是规范术语。
remaining_80pct,2867707,なめろう,なめろう,f213e1577t0,gloss,namerō,,纳美罗,日式なめろう料理名暂无可靠固定中文音译；现音译“纳美罗”可能不易识别，建议核实是否保留原名并附简短释义。
remaining_80pct,2871447,病誌,びょうし,f217e1191t0,gloss,pathography,,病志,pathography 在心理学/医学中的中文对应术语需核实；“病志”可能与病史/病历混淆。
remaining_80pct,2871636,靑龍刀,せいりゅうとう,f217e1574t1,gloss,falchion,,弯刀,falchion 是特定单刃刀剑类型，需核实该日本词条的器物范围后选定更精确中文名，现译“弯刀”可能过宽。
remaining_80pct,1033990,オイルパック,オイルパック,f4e132t0,gloss,oil pack,,油包,需核实 oil pack 的具体美容或工业领域，直译油包可能不符。
remaining_80pct,1052750,コントラ,コントラ,f5e950t0,gloss,contra,,对向,contra 日文可能指尼加拉瓜反政府武装或其他专义，源释仅一词不足定译。
remaining_80pct,1060680,シップエア方式,シップエアほうしき,f6e138t0,gloss,ship air system,,船舶空气系统,疑为海空联运方式，需核实 ship air system 的物流用法，非船舶空气系统。
remaining_80pct,1080850,テレライティング,テレライティング,f7e1048t0,gloss,telewriting,,电视写作,telewriting 疑为远程传写技术，需核实规范中文术语。
remaining_80pct,1085670,トラグラ,トラグラ,f7e1753t0,gloss,transistor glamour,,晶体管魅力,和制英语 transistor glamour 疑指身材娇小而丰满的女性，需补充可靠词典释义核实。
remaining_80pct,1085670,トラグラ,トラグラ,f7e1753t1,gloss,transistor glamor,,晶体管魅力,同义美式拼写；需核实 transistor glamour 的日语专义。
remaining_80pct,1261320,原形質,げんけいしつ,f23e1310t1,gloss,plasma,,血浆,英语 plasma 既可指原生质也可指血浆；该词条标题明确是“原形质”，需核对日文原词条此义是否专指细胞原生质，现译“血浆”可能是英词多义误配。
remaining_80pct,1429150,調査部長,ちょうさぶちょう,f39e1623t0,gloss,"assistant chief of staff, g2",,参谋部副参谋长，g2,G-2 在英语参谋体系中指情报职能，但日文标题直译为调查部长；请核对该词条的军事职务对应，决定译作情报处长或参谋部相关职务。
remaining_80pct,1508710,閉端,へいたん,f47e642t1,gloss,bocca chiusa,,封闭端,bocca chiusa 是意大利语专业术语，可能指闭口哼唱/闭口唱法；需核对该词条所指的管乐器技术或闭端构造后确定译法。
remaining_80pct,1543880,余の儀,よのぎ,f50e1111t0,gloss,another method,,另一种方法,余の儀是固定文语表达，英文给出 another method/problem 但需核实具体语境是否应为“其他事项/别的事情”，以免将儀误作方法。
remaining_80pct,1662800,造血,ぞうけつ,f64e1385t5,gloss,hematosis,,造血,hematōsis/haematosis 在现代医学英语可指血液氧合，也曾有造血等旧义；需核对该词源词典在造血条目中的原意，避免多义词误配。
remaining_80pct,1662800,造血,ぞうけつ,f64e1385t6,gloss,haematosis,,造血,haematosis 的具体医学义与造血条目不完全对应，需核查词源定义是否采用旧义。
remaining_80pct,1663600,細螺,きさご,f64e1621t0,gloss,Umbonium costatum (species of sea snail),,肋足螺属（一种海蜗牛）,Umbonium costatum 是特定海螺物种；现译“肋足螺属”看起来是属级分类名，需核实该物种的规范中文名后确定。
remaining_80pct,1857510,案内書呈,あんないしょてい,f84e255t0,gloss,presentation of a guidebook,,指南书呈递,案内書呈是罕见词，需核实其日文词条所指的具体行为；英文 presentation of a guidebook 无法判断是递呈指南、发放指南还是指南展示。
remaining_80pct,1925510,捨てポジ,すてポジ,f88e1299t0,gloss,photographic prints that you don't keep,,弃置的定妆照,捨てポジ是摄影行业俚语，ポジ可能指正片/正像胶片；需核实词条所指是弃用的相片、试拍片还是废弃正片，不能确定“定妆照”。
remaining_80pct,1960570,アクチニウム系列,アクチニウムけいれつ,f91e1664t0,gloss,actinium series,,锕系元素,アクチニウム系列可能指放射性衰变链（锕系/锕衰变系），而现译“锕系元素”指锕系元素群；需核对源词条所依据的核物理术语。
remaining_80pct,1960940,アポロ薄羽白蝶,アポロうすばしろちょう,f91e1711t0,gloss,parnassian butterfly,,帕纳西亚蝶,该名称对应特定蝶类俗名，需核实对应物种与规范中文名；“帕纳西亚蝶”音译可能不规范。
remaining_80pct,2034040,門出茸,かどでたけ,f98e1734t0,gloss,departure mushroom,,出发蘑菇,門出茸是罕见蘑菇名，英语仅作直译 departure mushroom；需查清其中文菌名或指称后再翻译，暂不把字面译名当物种名。
remaining_80pct,2108010,布幅いっぱい,ぬのはばいっぱい,f106e347t0,gloss,cloth width excess,,布幅余量,布幅いっぱい是罕见行业表达，英文给 cloth width excess；需核对原词条上下文，确定是超出布幅、布宽余量还是满幅宽，现译暂不能确认。
remaining_80pct,2241760,能無し犬の高吠え,のうなしいぬのたかぼえ,f120e264t0,gloss,jealous complaint,,嫉妒的抱怨,英语 gloss “jealous complaint” 与字面信息“无才犬高吠”之间关系不清；需核对该日语谚语的惯用释义，避免按字面或单一英语释义臆改。
remaining_80pct,2301770,シングルＩＴハブ,シングルアイティーハブ,f125e880t0,gloss,single TT hub,,单IT集线器,日文词头为单一 IT 集线器，但英文释义写作 single TT hub，且该术语不常见；需核实源条目是否为 IT、TT 或特定网络产品名后确定译法。
remaining_80pct,2342510,演算記号省略,えんざんきごうしょうりゃく,f128e650t0,gloss,asyndetic,,无连词,日文演算記号省略指省略运算符号（如隐含乘法），英文 asyndetic 通常指无连词结构；两者含义不吻合，需核对该条目采用的技术语境或源文。
remaining_80pct,2429000,先端形状,せんたんけいじょう,f136e1026t0,gloss,nose shape,,先端形状,日文词头为先端形状，但英语释义为 nose shape；在缺少技术上下文时，需确认是一般尖端轮廓还是特指鼻部轮廓，现译不能可靠确定。
remaining_80pct,2474420,スエージング,スエージング,f140e1259t0,gloss,swaging,,旋压,swaging 是特定金属成形工艺；需核实此处工艺类型，中文可能是旋锻或收口锻造，当前“旋压”可能指另一工艺。
remaining_80pct,2493430,プラグマティック,プラグマティック,f141e1996t0,gloss,pragmatic,,语用学的,プラグマティック/ pragmatic 可指务实的，也可指语用学相关；缺少上下文无法确定此处应译“务实的”还是“语用学的”。
remaining_80pct,2550470,ニジギンザメ,ニジギンザメ,f147e219t0,gloss,Hydrolagus eidolon (species of deep water cartilaginous fish),,彩虹鬼鲨（Hydrolagus eidolon，深水软骨鱼类）,Hydrolagus eidolon 的中文种名和英名 rainbow ghost shark 不易从现译“彩虹鬼鲨”确认；需查可信鱼类数据库的物种中文名再定。
remaining_80pct,2573400,湛水,たんすい,f149e298t4,gloss,clogging,,堵塞,湛水指积水、淹水，EN clogging 与该日文词义不吻合；需核对英文是否源文错误，现译“堵塞”无法可靠确认。
remaining_80pct,2743620,細胞接着,さいぼうせっちゃく,f165e1582t2,gloss,dyshesion,,细胞黏附,dyshesion 是少见术语，语义似与细胞黏附相反；需核对英文字条是否误录，现译重复为细胞黏附无法确认。
remaining_80pct,2859629,イッカククモガニ,イッカククモガニ,f206e190t0,gloss,fire crab (Pyromaia tuberculata),,火蟹（Pyromaia tuberculata）,Pyromaia tuberculata 的中文标准种名未能仅凭词条确认；‘火蟹’可能是直译而非该物种通用名，需核对权威动物分类资料。
remaining_80pct,2864575,ソシオニクス,ソシオニクス,f210e1714t0,gloss,socionics,,社会心理学,Socionics 是特定人格类型与人际关系理论，不等同一般社会心理学；中文有‘社会人格学’等译法，规范术语仍需依本词典术语表核对。
remaining_80pct,2867462,キクザキイチゲ,キクザキイチゲ,f213e1145t0,gloss,Anemone pseudoaltaica (anemone species),,拟阿拉伯银莲花（Anemone pseudoaltaica）,Anemone pseudoaltaica 的中文标准种名需核对植物分类资料；现有‘拟阿拉伯银莲花’看似误析种加词 pseudoaltaica，暂不擅改。
remaining_80pct,2871097,ヌカボシソウ,ヌカボシソウ,f217e469t0,gloss,Odaesan woodrush (Luzula plumosa),,小田山木贼,Luzula plumosa 的中文规范种名需核对植物志；当前‘小田山木贼’把木灯心草科植物译成木贼，分类上可疑，暂不猜改。
remaining_80pct,1024330,インフォメーションユーティリティー,インフォメーションユーティリティー,f3e512t0,gloss,information utility,,信息效用,information utility疑指公共信息服务设施而非效用，需核实日语术语。
remaining_80pct,1053790,コンプレス,コンプレス,f5e1109t0,gloss,compress,,压缩,compress作名词也可指敷布；需核实日语コンプレス的具体词义。
remaining_80pct,1054900,サーチャー,サーチャー,f5e1277t0,gloss,searcher (of a database),,搜索器,需核实数据库searcher指检索员还是检索工具，当前搜索器可能错指实体。
remaining_80pct,1068400,スクラッチマッチ,スクラッチマッチ,f6e1292t0,gloss,scratch match,,新手比赛,scratch match并非明显指新手比赛，需核实此日语体育术语是否指无让分比赛。
remaining_80pct,1071350,ストリーマー,ストリーマー,f6e1724t3,gloss,streamer fly,,流式飞蝇,流式飞蝇疑为错误直译，需核实streamer fly拟饵的中文专业名称。
remaining_80pct,1071350,ストリーマー,ストリーマー,f6e1724t4,xref,streamer fly,,流式飞蝇,xref同样需核实streamer fly拟饵术语。
remaining_80pct,1083680,デビルフィッシュ,デビルフィッシュ,f7e1470t0,gloss,devilfish,,魔鬼鱼,‘devilfish’可指章鱼类，也可指蝠鲼等鱼类；需核查该日语借词在本词条来源中指向的物种，再判断‘魔鬼鱼’是否准确。
remaining_80pct,1409710,態様,たいよう,f37e1921t3,gloss,terms,,条款,terms 可表示条款、条件或术语，单独对应態様较不寻常；需查该日语词条原始英释来源中此义的上下文，确认是否保留‘条款’。
remaining_80pct,1589520,折れ返る,おれかえる,f56e14t3,gloss,to turn up,,拒绝,‘to turn up’与本词头的语义联系不明，现译‘拒绝’可能来自 turn down 的其他义项；需核对日语词典原始释义与例句。
remaining_80pct,1589520,折れ返る,おれかえる,f56e14t4,gloss,to turn down,,拒绝,‘to turn down’可指拒绝，也可指折回/向下翻；需核对日语词典原始释义与例句以确认此处是否为拒绝义。
remaining_80pct,1819910,辱知,じょくち,f80e351t0,gloss,acquaintance,,熟人,辱知是谦敬表达，单译‘熟人’没有体现‘有幸与某人相识’的自谦语用；需核对该词常用搭配后确定中文措辞。
remaining_80pct,1882480,小斎,しょうさい,f85e1515t0,gloss,abstinence (in Catholicism),,斋戒,天主教 abstinence 可能专指禁食肉类，与一般‘斋戒’范围不同；需核对该条来源是否明确为禁肉斋。
remaining_80pct,1926570,ジシアン,ジシアン,f88e1465t0,gloss,dicyanogen,,双氰基,dicyanogen 的规范中文化学名称需核实，‘双氰基’可能指基团而非该分子；需查权威化学术语表。
remaining_80pct,1962290,オープン勘定,オープンかんじょう,f91e1896t0,gloss,open account,,未结账户,open account 可指未结清账户、往来账户或贸易赊销方式；需核实此日语金融词条的具体结算语境后选定中文。
remaining_80pct,2019690,ビジネスプラン,ビジネスプラン,f97e1097t1,example,His business plan looks good on paper but I get the feeling it would never work in practice.,彼(かれ)のビジネスプランは立(りっ)派(ぱ)だけど、勘(かん)定(じょう)あって銭(ぜに)足(た)らず、という気(き)もするけどね。,他的商业计划看起来不错，但总觉得资金不足。,英语释义说计划在实践中难以奏效，而日文‘勘定あって銭足らず’表示账算得好却钱不够；两者语义有明显差别，需查证JMdict该例句译文来源后确定应遵从哪一版。
remaining_80pct,2067190,ハクウンボク,ハクウンボク,f102e354t0,gloss,fragrant styrax (Styrax obassia),,香梓木（Styrax obassia）,Styrax obassia 的中文植物名需核实；‘香梓木’可能是误配的日语名称，需查权威植物志/分类数据库。
remaining_80pct,2322240,ピークレベルメータ,ピークレベルメータ,f126e1702t0,gloss,density meter,,密度计,词头ピークレベルメータ及同条另一释义指峰值电平表，但该英文目标却是 density meter/密度计；需核对原始词典来源确认是词条英释错配还是不同义项。
remaining_80pct,2324500,フォーディー,フォーディー,f127e18t0,gloss,4D,,外形规格,日语词头4D与英文4D都不支持中文‘外形规格’；需核实该计算机术语指四维技术、规格还是产品形态后确定译文。
remaining_80pct,2326190,ブランキング,ブランキング,f127e264t0,gloss,blanking,,空白,computing blanking 可指显示消隐，也可泛指置空/留白；需确认此处具体技术上下文后选译。
remaining_80pct,2357640,再表示制御,さいひょうじせいぎょ,f129e1301t0,gloss,display recall control,,显示回忆控制,display recall control 的技术义不清，‘显示回忆控制’可能是误译；需核对原始标准术语和系统上下文。
remaining_80pct,2438110,アンフィプロステュロス,アンフィプロステュロス,f137e674t0,gloss,amphiprostyle,,双柱式,amphiprostyle 指古典建筑前后两端设柱的形式，‘双柱式’容易理解为仅两根柱；需核对合适的建筑学中文术语。
remaining_80pct,2432860,代当主,だいとうしゅ,f136e1725t1,xref,"⑥ counter for decades of ages, eras, etc.",,⑥ 用于表示年代、时代等的十位计数,代作后缀可指代次/世代，英文描述为年代、时代的计数，‘十位计数’语义不明；需核对日语词典中此后缀的实际计数对象。
remaining_80pct,2447710,ソラリア,ソラリア,f138e537t0,gloss,solaria,,太阳能,solaria 可能指日光浴室/日光浴设备，与‘太阳能’并非显然同义；需查词头在此处指设备还是太阳能相关区域。
remaining_80pct,2452810,浮矢幹,うきやがら,f138e1568t0,gloss,Scirpus yagara (species of club-rush),,浮矢草（Scirpus yagara）,Scirpus yagara 的中文通名需查证，‘浮矢草’可能是直译或地区名；需确认是否有规范植物名。
remaining_80pct,2506240,フォアインハンド,フォアインハンド,f142e1932t0,gloss,four-in-hand,,四股辫,four-in-hand 可能指四手马车、领带结或辫子等不同对象；需查该日语词条语境再确定中文译名，现译‘四股辫’无法由当前信息佐证。
remaining_80pct,2542690,オニハタタテダイ,オニハタタテダイ,f146e988t1,gloss,pennant coralfish,,旗鱼,pennant coralfish 可能是另一种马夫鱼的俗名，和本词条 Heniochus monoceros 存在物种对应疑问；需确认英文别名是否误挂，再决定中文鱼名。
remaining_80pct,2618190,弾き応え,ひきごたえ,f153e1050t0,gloss,worthiness as an opponent or challenge,,对手或挑战的资格,worthy opponent/challenge 的日语弾き応え在现有上下文中难以判定是演奏体验还是对手可堪一战；需核对原词典用例后再确定措辞。
remaining_80pct,2735610,過越,すぎこし,f164e1926t3,gloss,Easter,,复活节,"JMdict lists Easter under 過越(すぎこし), but the standard Japanese term is generally Passover; likely a source-entry semantic mismatch. Confirm the Japanese source/usage before retaining this mapping."
remaining_80pct,2834311,金の鎖も引けば切れる,かねのくさりもひけばきれる,f182e150t0,gloss,even the strong-willed fall into temptation,,意志坚强者亦难免堕入诱惑,"The two senses give conflicting interpretations for 金の鎖も引けば切れる. The literal proverb suggests even a strong golden chain will break if pulled, likely meaning not to overstrain or that anything can be broken; verify the source’s intended idiomatic gloss before choosing."
remaining_80pct,2834311,金の鎖も引けば切れる,かねのくさりもひけばきれる,f182e150t1,gloss,there's nothing you can't do if you set your mind to it,,若下定决心，则无所不能,This gloss (“there’s nothing you can’t do if you set your mind to it”) appears opposite to the literal warning of 金の鎖も引けば切れる. Confirm whether the English source has a wrong sense or omitted context.
remaining_80pct,2848914,危なかしい,あぶなかしい,f195e1705t6,gloss,limping,,跛行的,"This group’s mixed English gloss list includes “limping; narrow; close,” which do not clearly match the Japanese headword 危なかしい (dangerous/precarious). Check whether these are source-entry cross-contamination before deciding if their Chinese senses belong here."
remaining_80pct,2848914,危なかしい,あぶなかしい,f195e1705t7,gloss,narrow,,狭窄的,The English “narrow” is not clearly compatible with 危なかしい (dangerous/precarious); verify whether it is a source-gloss error.
remaining_80pct,2848914,危なかしい,あぶなかしい,f195e1705t8,gloss,close,,险要的,The English “close” is ambiguous and may be an unrelated source sense; verify before retaining as an equivalent.
remaining_80pct,1027520,エアライト,エアライト,f3e1161t0,gloss,air right,,空气权,air right 应为空间开发权类术语，空气权疑为直译；需核实日语エアライト的具体义及标准中文名称。
remaining_80pct,1067300,スインガー,スインガー,f6e1113t0,gloss,swinger,,摇摆者,swinger 多义，摇摆者可能错义；需查日语スインガー具体指时髦人士或其他义。
remaining_80pct,1047490,グレーイング,グレーイング,f5e172t0,gloss,graying,,变灰,graying 或指人口老龄化而非单纯变灰；需查日语グレーイング的专门用法。
remaining_80pct,1047490,グレーイング,グレーイング,f5e172t1,gloss,greying,,变灰,同义拼写 greying；需核实是否指老龄化。
remaining_80pct,1061870,シャンソニエ,シャンソニエ,f6e315t0,gloss,chansonnier,,香颂诗人,日语シャンソニエ可能指香颂歌手或演唱场所，香颂诗人待核；需查日语词义。
remaining_80pct,1088640,ドライブサーブ,ドライブサーブ,f8e184t0,gloss,drive serve,,驱动发球,drive serve 的中文术语随具体运动项目而异；条目未标明运动项目，需核实日语专门语境后再确定译名。
remaining_80pct,1194180,火入れ,ひいれ,f17e95t3,gloss,firing (e.g. forest),,烧,火入れ在林业可能指计划性烧除或防火烧荒，不宜简单译为烧；需核实词条此义所指的林业操作及对应中文术语。
remaining_80pct,1321080,実行時,じっこうじ,f29e413t2,gloss,object time,,对象时间,object time 属于计算机术语，中文“对象时间”含义不明；需核对此处是目标代码执行期、对象运行时间还是其他术语。
remaining_80pct,1480320,叛軍,はんぐん,f44e1488t0,gloss,opposing militarism,,尤其指叛军,该组词头为叛軍，但其英文字段仍含 opposing militarism；与词头语义冲突，需核对源词条的分义和字段映射。
remaining_80pct,1480320,叛軍,はんぐん,f44e1488t1,gloss,anti-military sentiment,,叛军,叛軍词头与 anti-military sentiment 英文释义冲突，需核对源词条及是否发生字段错位。
remaining_80pct,1480320,叛軍,はんぐん,f44e1488t2,gloss,anti-war stance,,反军主义,叛軍词头与 anti-war stance 英文释义冲突，需核对源词条及字段映射。
remaining_80pct,1480320,叛軍,はんぐん,f44e1488t3,gloss,rebel army,,反军情绪,rebel army 符合叛軍词头，但中文现译反军情绪显然错位；需核查这组字段整体错位问题后再批量修复。
remaining_80pct,1480320,叛軍,はんぐん,f44e1488t4,gloss,mutinous troops,,反战立场,mutinous troops 的中文现译反战立场显然错位；需核查该组翻译数组是否与字段索引错位。
remaining_80pct,1480320,叛軍,はんぐん,f44e1488t5,gloss,insurgents,,叛军,insurgents 的中文现译叛军可能可用，但同组前后字段显示整体错位；需核查源字段顺序。
remaining_80pct,1543090,予審廷,よしんてい,f50e895t0,gloss,court of first instance,,初审法院,词头予審廷指旧制预审法院，英释 court of first instance 可能未准确体现预审阶段；需核实源词条与历史制度定义。
remaining_80pct,1575020,鱧,はも,f53e1489t2,gloss,garden eel,,花园鳗,该东北方言词头指ハモ（海鳗类），但英释另列 garden eel（异科鱼类），与其物种释义冲突；需核对源条目是否误挂该释义。
remaining_80pct,1782050,蓮台,れんだい,f76e1136t1,gloss,river palanquin,,水上轿,river palanquin 是历史上的渡河轿舆，需核实具体装置是由人抬轿涉水，还是其他渡河交通工具，再确定简洁中文名。
remaining_80pct,1782050,蓮台,れんだい,f76e1136t2,gloss,river litter (vehicle),,水上轿（交通工具）,river litter 指旧式渡河肩舆，现译水上轿较含混；需查证历史交通工具形制。
remaining_80pct,1833920,欠格,けっかく,f81e1341t2,gloss,abessive,,缺席格,abessive 是语言学中的语法格类型，中文标准译名需核实；当前“缺席格”像字面翻译，需查语种和术语表。
remaining_80pct,1907090,分相機,ぶんそうき,f87e683t0,gloss,phase splitter,,相位分割器,phase splitter 是电子学元件，中文术语可能为分相器、移相器或相位分离器；需核实具体电路功能后定名。
remaining_80pct,2021190,リッパー,リッパー,f97e1379t2,gloss,ripper (software),,撕裂器（软件）,ripper software 可能是光盘/音视频抓取或内容提取软件，撕裂器属字面译法；需查该外来语的具体软件用途后定中文名。
remaining_80pct,2021190,リッパー,リッパー,f97e1379t3,gloss,rip saw (machine),,圆锯机,rip saw 的机械设备中文名随锯切方式和设备类型不同；需核实词条具体指纵锯机还是圆锯机。
remaining_80pct,2021190,リッパー,リッパー,f97e1379t4,gloss,straight-line rip saw,,直线圆锯机,straight-line rip saw 属木工机械，现译直线圆锯机需对照设备标准术语核实。
remaining_80pct,2067730,肉便器,にくべんき,f102e482t0,gloss,human toilet,,人厕,human toilet 是侮辱性俚语，中文存在不同粗俗对应语；需确定项目对这类贬损性比喻的词典语域处理方式。
remaining_80pct,2074260,ピリン系,ピリンけい,f102e1646t0,gloss,pyrine medicine,,吡啶类药物,pyrine medicine 是历史药物类别，需核实指吡唑酮类还是其他退热镇痛药后确定中文术语；现译吡啶类疑为错译。
remaining_80pct,2082850,別添,べってん,f103e1353t1,gloss,annexation,,附则,annexation 的英文义为兼并/吞并，与词头別添及附则的增补文件义不符；需核实英释是否误挂，暂不强改。
remaining_80pct,2156680,アジテイト,アジテイト,f111e277t0,gloss,agitate,,搅动,アジテイト可指煽动/鼓动，也可指搅动；无语境无法确定本条对应哪一义，需核实该词典源条目用法。
remaining_80pct,2189990,眉白,まみじろ,f114e1011t0,gloss,Siberian thrush (Turdus sibiricus),,Siberian thrush（Turdus sibiricus）,Turdus sibiricus 的标准中文鸟名需核对；当前保留英文未译，需查权威鸟类名录后确定。
remaining_80pct,2192780,苗代茱萸,なわしろぐみ,f114e1597t0,gloss,"silverthorn (species of oleaster, Elaeagnus pungens)",,银白瑞木（Elaeagnus pungens）,Elaeagnus pungens 有地区俗名差异，需核实“银白瑞木”与胡颓子属植物的标准中文对应。
remaining_80pct,2192780,苗代茱萸,なわしろぐみ,f114e1597t1,gloss,thorny elaeagnus,,多刺银白瑞木,thorny elaeagnus 的中文植物名需查证是否为刺胡颓子或其他标准名。
remaining_80pct,2192780,苗代茱萸,なわしろぐみ,f114e1597t2,gloss,thorny olive,,多刺橄榄,thorny olive 是 Elaeagnus pungens 的英文俗名，现译多刺橄榄可能误作橄榄科植物，需核实植物名录。
remaining_80pct,2208700,ピークパフォーマンスダイブ,ピークパフォーマンスダイブ,f116e906t0,gloss,peak performance dive,,巅峰性能潜水,peak performance dive 是水肺潜水训练/认证中的专门项目，需核实该课程名的规范中文译法；现译巅峰性能潜水像直译。
remaining_80pct,2216320,青梨,あおなし,f117e815t0,gloss,Harbin pear (Pyrus ussuriensis var. hondoensis),,哈尔滨梨（乌苏里梨变种）,Pyrus ussuriensis var. hondoensis 的规范中文植物名需对照植物志核实；哈尔滨梨可能是直译或混淆其他梨品种。
remaining_80pct,2230130,哨吶草,チャルメルそう,f118e1765t0,gloss,Mitella stylosa (species of miterwort),,柱果（柱果，Mitella stylosa，一种柱果属植物）,Mitella stylosa 的标准中文名待查植物名录，现译柱果重复且分类信息可疑。
remaining_80pct,2280210,アドホックモード,アドホックモード,f124e85t0,gloss,ad hoc mode,,临时模式,ad hoc mode 的中文技术术语随网络技术语境而异，可能称临时模式或自组模式；需确认具体协议后定名。
remaining_80pct,2295350,グローバル名称,グローバルめいしょう,f124e1973t0,gloss,global-title,,全局名称,global-title 是电信信令领域术语，中文常见译法需核实；全局名称可能只是直译，需对照网络术语表。
remaining_80pct,2308470,テープストリーマ,テープストリーマ,f125e1766t0,gloss,tape streamer,,磁带流,tape streamer 是磁带备份设备的技术称呼，现译磁带流不完整；需核对设备类型后确定标准名。
remaining_80pct,2387290,文字列束表,もじれつたばひょう,f132e695t0,gloss,text bundle table,,文本捆绑表,text bundle table 属于软件资源/本地化术语，中文标准译名需确认；文本捆绑表较像直译。
remaining_80pct,2392030,立体集合演算,りったいしゅうごうえんざん,f132e1523t0,gloss,set operation,,集合运算,词头立体集合演算指三维实体的集合运算，英文仅给 set operation 可能过于宽泛；需核实该计算机图形术语的标准译名。
remaining_80pct,2488600,リリヤン,リリヤン,f141e1344t0,gloss,lily yarn,,百合纱线,リリヤン是日本传统手工编织用线，英文 lily yarn 可能是音译/商品名；需核对具体线材和通行中文名称后决定。
remaining_80pct,2528550,官能性,かんのうせい,f145e294t0,gloss,functionality,,官能团,chemistry functionality 可指官能度，也可能被用作官能团；无分子或计数语境，依据 prior hint 暂列待核，需核实原条目所指。
remaining_80pct,2548260,アカボウ,アカボウ,f146e1872t0,gloss,Bodianus cylindriatus (species of hogfish),,Bodianus cylindriatus（一种猪鱼）,Bodianus cylindriatus 的中文鱼名需核对权威鱼类名录；暂保留学名和属类说明，避免编造中文俗名。
remaining_80pct,2544670,オールド・ウーマン・エンジェルフィッシュ,オールド・ウーマン・エンジェルフィッシュ,f146e1287t0,gloss,old woman angelfish (Pomacanthus rhomboides),,老妇人刺盖鱼,old woman angelfish 的中文俗名存在差异，需核对该物种的规范中文名；当前保留通名直译并补学名。
remaining_80pct,2559120,今戸焼,いまどやき,f147e1703t0,gloss,Imado ware (style of unglazed porcelain),,今户烧（一种无釉瓷器风格）,Imado ware 是历史陶器类别，英文称 unglazed porcelain 与陶器/瓷器分类可能冲突；需查证该工艺和材质后定译。
remaining_80pct,2549030,ミツバイソハゼ,ミツバイソハゼ,f146e1956t1,gloss,green bubble goby,,绿泡泡虾虎鱼,green bubble goby 是虾虎鱼俗名，中文标准鱼名需查证；现译绿泡泡虾虎鱼像直译。
remaining_80pct,2829528,ヘミオラ,ヘミオラ,f177e878t0,gloss,hemiola,,半倍音,hemiola 是音乐节奏术语（3:2比例/节拍重组）；需核对中文术语是否有稳定规范译名，‘半倍音’看似不符。
remaining_80pct,2831576,秋田蕗,あきたぶき,f179e875t1,xref,giant butterbur (Petasites japonicus); Japanese sweet coltsfoot,,见：日本大车前草（Petasites japonicus）；日本甜车前草,xref 同时列 giant butterbur 和 Japanese sweet coltsfoot。确认科学名后，‘日本大车前草/日本甜车前草’显然把菊科款冬误成车前草，但精确规范中文名称组合需植物名录核实。
remaining_80pct,2838047,栩栩,くく,f185e1506t0,gloss,joyous,,喜悦的,日文古语读音‘くく’与英文 joyous 对应不清；需查可靠古日语词典确认该词义后再调整‘喜悦的’。
remaining_80pct,2838047,栩栩,くく,f185e1506t1,gloss,happy,,高兴的,日文古语读音‘くく’与英文 happy 对应不清；需查可靠古日语词典确认该词义后再调整‘高兴的’。
remaining_80pct,2841591,断歯,だんし,f189e232t0,gloss,teeth clipping,,牙齿磨削,teeth clipping 可指磨短/修整牙齿，但 rare medical 词‘断歯’的具体术式含义需查医学或历史牙科资料，暂不改‘牙齿磨削’。
remaining_80pct,2842073,中辺,ちゅうへん,f189e1153t2,gloss,inner edge (othello),,内边（奥赛罗棋）,‘inner edge (othello)’ 可能是奥赛罗棋盘的特定边缘位置术语；需要规则/术语来源确认其具体所指，暂不改‘内边’。
remaining_80pct,2858344,心切り,しんきり,f204e1630t1,gloss,snuffer,,熄烛器,snuffer 在烛芯工具语境可能指剪芯器，也可指灭烛器；需核实本条义项源词用法，暂不改‘熄烛器’。
remaining_80pct,2858344,心切り,しんきり,f204e1630t2,gloss,douter,,熄烛器,douter 的烛具含义与烛芯修剪器/灭烛器的区别需可靠词典或器具资料确认，暂不改‘熄烛器’。
remaining_80pct,2860970,相悪阻,あいづわり,f207e792t1,gloss,sympathetic pregnancy,,同感妊娠,sympathetic pregnancy 有专门医学术语（couvade syndrome），需核实规范中文名；暂不把‘同感妊娠’擅改为非确认译名。
remaining_80pct,2862647,裏拍,うらはく,f209e75t0,gloss,upbeat,,弱拍,裏拍可指音乐中的反拍/弱起，但是否应译为弱拍需核对具体节奏术语语境；暂不改。
remaining_80pct,2866070,スズランテープ,スズランテープ,f212e493t0,gloss,"suzuran tape (for packing boxes, tidying up bundles, etc.)",,铃兰胶带（用于包装箱子、整理捆扎物等）,Suzuran Tape 是品牌的包装用编织塑料捆扎带，并非粘性胶带；该产品类别的通用中文名及商标译法需核对。
remaining_80pct,2866570,石髄,せきずい,f212e1416t0,gloss,lithomarge,,石髓,lithomarge 是黏土类矿物，中文‘石髓’通常指 chalcedony；精确矿物规范名需查矿物学词典或标准，暂不擅改。
remaining_80pct,2871106,イトマキヒトデ,イトマキヒトデ,f217e493t0,gloss,blue bat star (Patiria pectinifera),,蓝蝙蝠海星（Patiria pectinifera）,Patiria pectinifera 的中文普通名存在译名差异（如蓝海星/海燕海星）；需按可靠中文分类资料核定，暂不改现译。
remaining_80pct,2872325,膿血症,のうけつしょう,f218e961t0,gloss,pyemia,,脓血症,pyemia 是较少见的化脓性血症术语，现译‘脓血症’是否为现代规范病名需医学词典核实，暂不改。
remaining_80pct,1073400,スポイト,スポイト,f7e28t0,gloss,(bulb) syringe,,钢笔吸墨器,EN 为 bulb syringe，但该词条另列 dropper 与 fountain pen filler；需核查源词典此义具体指球式吸液器还是球式注射器后再定中文。
remaining_80pct,1114920,ブロード,ブロード,f10e164t0,gloss,broadcloth,,粗呢,broadcloth 的中文纺织品对应术语受材质和语境影响；需核实原词条所指具体织物后确定规范译名。
remaining_80pct,1176340,宴遊,えんゆう,f15e673t0,gloss,drinking party hall,,宴饮厅,宴遊的日文词义与EN的“drinking party hall”较不寻常；需核对词源词条判断是宴饮、宴会场所还是宴席。
remaining_80pct,1261830,原種,げんしゅ,f23e1388t2,gloss,foundation seed,,基础种子,foundation seed 在农业种子等级中的标准中文需按相关作物体系核实；现译暂保留，不宜仅凭字面确定规范术语。
remaining_80pct,1284720,合議制度,ごうぎせいど,f25e1370t0,gloss,parliamentary system,,合议制,日文“合议制度”与EN“parliamentary system”含义存在冲突；中文依日文保留为合议制，需查源条目确认英文对应是否错配。
remaining_80pct,1354610,丈長,たけなが,f32e757t0,gloss,tall,,高,丈長在日语中可能强调衣物长度，但EN仅给tall；需核查该词条具体使用对象后确定中文是否应为“衣长偏长”。
remaining_80pct,1429380,超越交代,ちょうえつこうたい,f39e1656t0,gloss,passage of lines,,超越交替,passage of lines 在交代/军事用语中的具体语义不明，需核查原始英日词典说明后确定中文。
remaining_80pct,1516140,奉幣使,ほうへいし,f48e28t1,gloss,envoy returning courtesies,,回礼使者,奉幣使的EN替代释义“envoy returning courtesies”与词头及另一释义不一致；需核对历史神道用语来源后确定。
remaining_80pct,1614210,監事,かんじ,f60e349t1,gloss,controller,,审计,controller 在公司治理语境中可能是财务主管或监察职位，需核对此日语監事词条所依据的制度背景后确定。
remaining_80pct,1675830,空将,くうしょう,f66e170t1,gloss,lieutenant,,中尉,JSDF空将的对应军衔与英文单列 lieutenant、major 映射不协调，需核对原始词典军阶等值关系后再改。
remaining_80pct,1675830,空将,くうしょう,f66e170t2,gloss,major,,少校,JSDF空将的对应军衔与英文单列 lieutenant、major 映射不协调，需核对原始词典军阶等值关系后再改。
remaining_80pct,1690460,薄肉,うすにく,f67e963t0,gloss,light red,,淡红色,薄肉的light red可能指特定肉色/浅红色；需核实该色彩词的实际语境与规范中文名称后再定。
remaining_80pct,1717300,篤志,とくし,f70e435t0,gloss,charity,,慈善,篤志/随喜的日文佛教文化内涵与EN“deep gratitude”不完全对应；需核查词源义项后再决定应译感谢还是随喜赞叹。
remaining_80pct,1737500,水船,みずぶね,f71e1958t1,gloss,track pan,,轨道盘,track pan 是铁路机车行进中取水所用轨间水槽，需核实对应物的标准中文铁路术语。
remaining_80pct,1793890,心臓麻痺,しんぞうまひ,f77e1614t0,gloss,heart failure,,心力衰竭,EN 用heart failure但日文词头心臓麻痺及历史例句未能确定是心脏骤停、心脏病发作还是心力衰竭；需医学词义核查。
remaining_80pct,1845670,猫柳,ねこやなぎ,f82e1716t0,gloss,rosegold pussy willow (Salix gracilistyla),,玫瑰金细叶柳（Salix gracilistyla）,Salix gracilistyla 的规范中文植物名可能为银芽柳/细柱柳；现译“玫瑰金细叶柳”看似英文色名直译，需核对植物名录。
remaining_80pct,1851460,揺り返す,ゆりかえす,f83e1075t0,gloss,to shake back,,摇回,揺り返す的“shake back”需结合词典例句判断是反复摇晃、回摆还是震荡反弹，暂不选定中文。
remaining_80pct,1864360,係り結び,かかりむすび,f84e1142t0,gloss,linked form,,连体形式,係り結び是古典日语语法中的特定呼应结构，“连体形式”不一定覆盖完整术语；需核实中文日语语法术语。
remaining_80pct,1864360,係り結び,かかりむすび,f84e1142t1,gloss,bound ending,,连体词尾,bound ending 指係り結び中与係助词呼应的谓语词尾，需核实通行中文语法名称。
remaining_80pct,1875520,高堂,こうどう,f85e613t0,gloss,you,,您,高堂的敬称对象及EN“you”对应不明，需核查原词典用例后决定是称呼本人还是尊称其家宅。
remaining_80pct,1927300,バルカンファイバー,バルカンファイバー,f88e1592t0,gloss,vulcanized fiber,,硫化纤维,vulcanized fiber 的规范工业材料中文名需核查；现译“硫化纤维”可能是直译，也可能应采用硬质纤维板等行业名称。
remaining_80pct,1927580,ミルクプラント,ミルクプラント,f88e1644t0,gloss,dairy,,乳品店,dairy 可指乳品业/乳品厂或乳制品店，日文词条未给场景，需核对其原始词典义项。
remaining_80pct,2093350,姫著莪,ひめしゃが,f104e1378t0,gloss,fringed iris (Iris gracilipes),,蝴蝶花（Iris gracilipes）,Iris gracilipes 的中文植物名需查权威植物志；现译“蝴蝶花”可能与Iris japonica混淆，暂不擅改。
remaining_80pct,2123280,重電,じゅうでん,f107e1419t1,gloss,heavy electric machinery,,重型电气设备,heavy electric machinery在日语缩写语境具体指重电设备还是重型电气机械，需核对行业词条后判断是否采用更具体术语。
remaining_80pct,2213000,アナトキシン,アナトキシン,f116e1755t0,gloss,anatoxin,,毒类毒素,an atoxin与其日文参考词toxoid存在术语冲突；需核对该日语条目是否专指脱毒类毒素，再决定是否把“毒类毒素”改为“类毒素”。
remaining_80pct,2217620,ブルカノ式噴火,ブルカノしきふんか,f117e1089t0,gloss,Vulcanian eruption,,火山式喷发,Vulcanian eruption有具体火山喷发类型名，中文标准译名需核实；“火山式喷发”暂不确认。
remaining_80pct,2241880,戸閉蜘蛛,とたてぐも,f120e290t0,gloss,trapdoor spider (any spider of family Ctenizidae),,穴居蜘蛛（穴居蛛科蜘蛛）,Ctenizidae在中文蛛类分类中的标准科名需查权威分类表；现译“穴居蛛科”可能只是释义。
remaining_80pct,2241880,戸閉蜘蛛,とたてぐも,f120e290t1,gloss,folding trapdoor spider (any spider of family Antrodiaetidae),,折叠穴居蜘蛛（Antrodiaetidae科蜘蛛）,Antrodiaetidae的规范中文科名及trapdoor spider专名需核对分类资料后确定。
remaining_80pct,2260810,整流板,せいりゅうばん,f122e290t0,gloss,rectifier,,整流器,整流板可指电气整流板或流体整流板；英文仅写 rectifier，需查该词条语境确定“整流器”是否对应。
remaining_80pct,2262760,黐の木,もちのき,f122e718t0,gloss,Nepal holly (Ilex integra),,尼泊尔冬青（Ilex integra）,Ilex integra 是日本特有冬青，中文植物名需核定；现译“尼泊尔冬青”与物种原产地信息可能不符。
remaining_80pct,2295360,グロスオプティマイザ,グロスオプティマイザ,f124e1975t0,gloss,gloss optimizer,,注释优化器,gloss optimizer 是特定计算机/打印相关术语，需查上下文确认是注释、词汇释义还是光泽优化；当前“注释优化器”可能误分词。
remaining_80pct,2328870,ベースメモリ,ベースメモリ,f127e672t0,gloss,base memory,,基内存,base memory 在计算机史/架构语境的标准中文译名需核实；“基内存”不自然，可能指基础内存或基准存储区。
remaining_80pct,2371620,送り点,おくりてん,f130e1895t0,gloss,escapement point,,释放点,escapement point 在打印/机械系统中的具体部件或动作需核实；“释放点”缺少技术上下文。
remaining_80pct,2375910,通常郵便,つうじょうゆうびん,f131e778t1,gloss,PD PR,,PD PR,PD PR 的含义需核实；作为普通邮件的英语缩写目前无法可靠对应，暂保留未决。
remaining_80pct,2423300,雁皮,がんぴ,f135e1857t0,gloss,Diplomorpha sikokiana (species of flowering plant),,四角楼属植物（Diplomorpha sikokiana）,Diplomorpha sikokiana 的中文标准植物名未找到可靠对应；现译“四角楼属植物”疑为错误属名，需由植物分类来源核名后再定译。
remaining_80pct,2455660,アクアプレーン,アクアプレーン,f139e136t0,gloss,aquaplane,,水上飞机,aquaplane 在英文中可指滑水活动/滑水板，也可指船类，需结合该日语词条语境确定；“水上飞机”可能是误读。
remaining_80pct,2512180,硫砒鉄鉱,りゅうひてっこう,f143e1032t0,gloss,arsenopyrite,,硫砷铁矿,arsenopyrite 常译毒砂或砷黄铁矿；当前“硫砷铁矿”是否为目标词条所采用的规范矿名需核对矿物学来源。
remaining_80pct,2516650,囲い女,かこいおんな,f143e1898t0,gloss,mistress,,情妇,历史词囲い女指被供养/安置的情妇，中文“情妇”可概括但未保留被供养、外室关系；需核定细分历史译名。
remaining_80pct,2532010,照合写真,しょうごうしゃしん,f145e968t0,gloss,portal film (e.g. in radiotherapy),,验证照片,portal film 在放射治疗语境可能译作照射野验证片/验证片；现译验证照片语义近似但术语需核专业影像资料。
remaining_80pct,2604320,海笋貝,うみたけがい,f152e380t0,gloss,dilate piddock (Barnea dilatata),,扩张竹节虫（Barnea dilatata）,Barnea dilatata 的中文物种名及 piddock 的规范译名需核软体动物分类资料；现译竹节虫明显把贝类译成昆虫，但暂不猜改。
remaining_80pct,2630610,ゼフィルス,ゼフィルス,f154e1596t0,gloss,hairstreak (any gossamer-winged butterfly of tribe Theclini),,小蝶,Zephyrus/hairstreak 的蝶类中文规范分类名需核查；“小蝶”过泛，需确认应作灰蝶族还是具体蝶名。
remaining_80pct,2648140,線が太い,せんがふとい,f156e1165t0,gloss,impressive,,令人印象深刻,線が太い是日语惯用表达，英文“impressive”不足以锁定此处具体语义；需核实本词条语境下对应的中文习语。
remaining_80pct,2660960,住民投票条例,じゅうみんとうひょうじょうれい,f157e1722t0,gloss,public referendum ordinance,,公民投票条例,住民投票条例指地方居民投票制度的条例；需核实适用于中文法律语境的对应名称，“公民投票条例”可能扩大对象。
remaining_80pct,2668140,漫画化,まんがか,f158e1130t0,gloss,caricaturing,,漫画化,漫画化的第一义“caricaturing”可能指漫画式描绘/讽刺，需核对词典义项后确定与第二义改编成漫画的区别。
remaining_80pct,2690660,連続戻し交配,れんぞくもどしこうはい,f160e1438t0,gloss,linebreeding,,近交,linebreeding 是特定育种策略，近交是更宽泛概念；需核定准确中文术语后判断现译是否可接受。
remaining_80pct,2700270,バルク係数,バルクけいすう,f161e1276t0,gloss,"bulk coefficient (viscosity, heat transfer, etc.)",,体积系数,bulk coefficient 在粘度/热传递等领域的具体术语需结合工程学语境核定，暂不确定“体积系数”是否对应。
remaining_80pct,2742120,清秀,せいしゅう,f165e1262t1,gloss,having a bright face,,面色明亮,清秀在此表达容貌清俊秀丽；EN “having a bright face”与现译“面色明亮”范围不一致，需确认英文释义是否仅指容貌清秀还是肤色明亮。
remaining_80pct,2760480,遮眼子,しゃがんし,f167e798t0,gloss,occluder,,遮光器,occluder 可指遮挡物/遮光器，需核查该日语词条具体语境；当前“遮光器”可能限缩为阻光设备。
remaining_80pct,2784210,マオマオ,マオマオ,f169e1393t1,gloss,Hawaiian sergeant,,夏威夷军士,Hawaiian sergeant 是夏威夷雀鲷类鱼的别名，需核对中文鱼类标准名；“夏威夷军士”是字面直译。
remaining_80pct,2785270,水だめ,みずだめ,f169e1629t0,gloss,sump,,水槽,sump 在建筑/机械语境可指集水坑、集液槽等；需查该词条源语境确认“水槽”是否合适。
remaining_80pct,2807260,入魂式,にゅうこんしき,f172e69t0,gloss,consecration ceremony,,祝圣仪式,入魂式可指给建筑、器物举行的安魂/入魂仪式；需核实中文仪式名称，“祝圣”可能具有不同宗教语义。
remaining_80pct,2815480,叙品,じょひん,f172e1781t0,gloss,ordination (esp. Catholic),,叙品（尤其天主教）,叙品在天主教语境的规范中文术语需核定；“叙品”可能是旧译或不够通行的术语。
remaining_80pct,2826470,枠連,わくれん,f174e951t0,gloss,bracket win,,框选胜,枠連是日本赛马的 bracket quinella/win，需核对中文赛马术语中对应的投注玩法；“框选胜”可能不易理解。
remaining_80pct,2827565,シズル感,シズルかん,f175e958t0,gloss,sizzle (usu. in advertising),,噼啪声（通常用于广告中）,广告语境的 sizzle 指产品/广告营造的诱人、刺激效果，不是字面噼啪声；需核定最贴切中文营销术语。
remaining_80pct,2826543,さんが焼き,さんがやき,f174e1126t0,gloss,fried fish cake,,炸鱼饼,さんが焼き是日本地方鱼肉料理，需核实制作方法与中文菜名；“炸鱼饼”可能把烤制料理误作油炸。
remaining_80pct,2828556,カウパー腺液,カウパーせんえき,f176e935t1,gloss,pre-ejaculate,,精前液,pre-ejaculate 的医学中文术语需核定；“精前液”可能不是规范名称，宜查泌尿/生殖医学术语。
remaining_80pct,2828556,カウパー腺液,カウパーせんえき,f176e935t2,gloss,pre-cum,,精前液,pre-cum 的口语对应中文需核定，与上一字段同属射精前分泌液术语。
remaining_80pct,2829926,側位,そくい,f177e1628t1,gloss,spoons,,侧位,spoons 是具体性姿势名称，需核定适宜中文表达；“侧位”过于宽泛。
remaining_80pct,2829926,側位,そくい,f177e1628t2,gloss,spooning,,侧位,spooning 指勺式相拥体位，需核定标准中文术语；当前“侧位”没有保留该姿势特征。
remaining_80pct,2831517,デジタルアナログ,デジタルアナログ,f179e781t0,gloss,"digital-analog (e.g. watch, conversion)",,数字模拟（例如：手表、转换）,digital-analog 在表、转换等语境可能指数字与模拟两类/数字模拟转换，需核对日语词条语境以避免复合词歧义。
remaining_80pct,2831702,挺幹,ていかん,f179e1134t0,gloss,caudex (of a plant),,茎,caudex 是植物的特定茎基/根茎结构；需查植物学中文术语，确认“茎”是否过于宽泛。
remaining_80pct,2832302,拍出,はくしゅつ,f180e329t0,gloss,ejection (e.g. cardiac output),,射出（如心输出量）,ejection 在心脏语境可指射血/射出；示例 cardiac output（心输出量）与当前“射出”不自然，需核对心血管术语。
remaining_80pct,2833893,刷く,はく,f181e1318t2,gloss,to touch up,,补妆,刷く可指刷涂、补涂或修饰，touch up 在该动词语境的精确中文需核实；“补妆”可能过度限定。
remaining_80pct,2830950,博戯,はくぎ,f178e1687t1,gloss,game of chance,,机会游戏,game of chance 可译机会游戏或碰运气的游戏，需结合具体博戏类型确认；“机会游戏”中文不自然。
remaining_80pct,2835360,内部原形質,ないぶげんけいしつ,f183e201t1,gloss,endosarc,,内肉,endosarc 在生物学中的中文规范术语需核实；“内肉”较生硬，且该术语可能与 endoplasm 同义。
remaining_80pct,2841702,真北,しんぽく,f189e485t1,gloss,geodetic north,,大地北,geodetic north 的中文地理/测绘标准术语需核实；“大地北”可能不如“测地北”通行。
remaining_80pct,2844710,惚れたが因果,ほれたがいんが,f192e35t1,gloss,falling in love is an unfortunate fate,,坠入爱河是一种不幸的命运,该日语谚语的语气是“恋爱本身就是因果/命数”，英译 unfortunate fate 与当前“爱情是不幸命运”略有偏差，需进一步查固定中文译法。
remaining_80pct,2850236,バットマン,バットマン,f197e122t0,gloss,battement (ballet movement),,芭蕾踢腿,battement 是芭蕾中的腿部摆动/踢腿动作，中文术语需结合具体动作分类核实；当前“芭蕾踢腿”可能过于宽泛。
remaining_80pct,2851426,暴行罪,ぼうこうざい,f198e326t0,gloss,(crime of) assault,,（暴行罪）,日文暴行罪与英文 assault/battery 的普通法分类不完全对应，需核实目标中文法域术语后再定译；当前仅给括号日文名。
remaining_80pct,2853905,マンシェット,マンシェット,f200e1333t1,gloss,inflatable cuff bandage,,充气止血带,マンシェット在医学语境通常指血压计袖带等可充气袖带；“充气止血带”可能把器械用途具体化，需核对专业语境。
remaining_80pct,2855157,内臓逆位症,ないぞうぎゃくいしょう,f201e1709t0,gloss,heterotaxy,,内脏逆位症,内脏逆位症的日文词头与英文 heterotaxy 的范围可能不一致；需确认源词究竟指 situs inversus 还是异位综合征。
remaining_80pct,2856593,漏斗雲,ろうとぐも,f203e260t1,gloss,pendant cloud,,悬挂云,pendant cloud 在气象分类中的中文名需核实；“悬挂云”是直译且可能与 funnel cloud 并非完全同义。
remaining_80pct,2856916,経済省,けいざいしょう,f203e830t2,gloss,Ministry of Finance,,财政部,Brazilian Ministry of Finance 的机构名称和历史时期需核实，与同一词条巴西 Ministry of the Economy 并列可能存在名称/时期冲突。
remaining_80pct,2857762,バインドねじ,バインドねじ,f204e529t0,gloss,binding-head screw,,自攻螺钉,binding-head screw 的规范中文紧固件术语需核定；原译“自攻螺钉”描述螺纹功能，与螺钉头型无关。
remaining_80pct,2858020,スイートペッパー,スイートペッパー,f204e1008t2,gloss,capsicum,,辣椒,capsicum 在英语中有时泛指辣椒属植物、有时指甜椒；此词条对应日语ピーマン，需核定该译项应为青椒/甜椒而非泛指辣椒。
remaining_80pct,2862625,遮水,しゃすい,f209e40t0,gloss,water blockade,,防水,遮水可指防水、截水或防渗；英文 water blockade 较宽泛，需依工程领域语境核准“防水”是否准确。
remaining_80pct,2865445,パンガミン酸,パンガミンさん,f211e1314t0,gloss,pantoic acid,,泛酸,日文词头“潘氨酸/泛配子酸”(pangamic acid)与英文 gloss pantoic acid（泛酸）可能是不同化合物，需核查源义后决定，不能直接按泛酸处理。
remaining_80pct,2866703,高層湿原,こうそうしつげん,f212e1643t0,gloss,high moor,,高地沼泽,high moor 是特殊泥炭地类型，中文生态学术语需核实；“高地沼泽”可能与“高位沼泽”概念不完全相同。
remaining_80pct,2870145,感音器,かんおんき,f216e522t1,gloss,sensorineural apparatus,,感觉神经性装置,sensorineural apparatus 的规范中文耳科学术语需确认；“感觉神经性装置”疑为直译，可能应称感音器官/感音系统。
remaining_80pct,2870948,養液栽培,ようえきさいばい,f217e158t0,gloss,fertigation,,施肥灌溉,日文養液栽培通常指营养液栽培/水培；英文 fertigation 指施肥灌溉，概念范围有差异，需核实源释义。
remaining_80pct,1021850,イヤバルブ,イヤバルブ,f3e131t0,gloss,ear valve,,耳阀,ear valve及イヤバルブ词源对应对象不明，需核实是否为某种耳用阀或误记的air valve。
remaining_80pct,1033240,オープンフレーム,オープンフレーム,f4e2t0,gloss,open frame,,开放式框架,open frame可能指保龄球未全中/补中的一格，需核对日文原词典领域，不能确定开放式框架是否适用。
remaining_80pct,1039420,カント,カント,f4e946t0,gloss,cant,,康特,cant通常为倾斜或铁路超高；原译康特疑为误音译，需核实具体领域。
remaining_80pct,1072660,スプリットランテスト,スプリットランテスト,f6e1920t0,gloss,split-run test,,分栏测试,split-run test通常为广告分版测试，需核实专业译名及原词典领域，分栏测试疑误。
remaining_80pct,1077950,チャネリング,チャネリング,f7e638t0,gloss,channelling,,频道化,チャネリング可能指通灵或专业沟道效应，需核对未显示的领域以判断频道化。
remaining_80pct,1077950,チャネリング,チャネリング,f7e638t1,gloss,channeling,,频道化,同义拼写channeling，需核实是通灵还是专业沟道效应。
remaining_80pct,1155970,囲み記事,かこみきじ,f13e628t0,gloss,(newspaper) column,,专栏,囲み記事在报纸版面中指以框线突出刊载的文章/报道；当前‘专栏’可能误指固定栏目，需核对中文报业术语后定译。
remaining_80pct,1207760,割栗,わりぐり,f18e834t1,gloss,hardcore,,坚硬的砾石,hardcore在英式建筑语境指铺路或施工用的碎石/硬质垫层材料；‘坚硬的砾石’是直译。需核实建筑领域中文规范术语后定译。
remaining_80pct,1249150,軍律,ぐんりつ,f22e681t2,gloss,military disciple,,军法,此处英文原释为military disciple，疑为military discipline的源文笔误；现中文‘军法’较宽泛，需先核对原始词典释义。
remaining_80pct,1304100,蚕種,さんしゅ,f27e1217t0,gloss,silkworm-egg card,,蚕种,silkworm-egg card是将蚕卵附着/供孵化的蚕种纸卡，现译‘蚕种’可能省略载体；需查养蚕术语规范后确定是否译‘蚕种纸’或‘蚕种卡’。
remaining_80pct,1358790,尻上がり,しりあがり,f32e1667t6,gloss,feet-first somersault hanging from the horizontal bar,,背越杠,逆上がり是单杠体操动作，当前‘背越杠’可能指其他动作；需核对中文体操动作规范名称。
remaining_80pct,1358790,尻上がり,しりあがり,f32e1667t7,xref,"(gymnastics) pulling oneself upward with a forward, circling movement; back hip circle",,（体操）向前做环转动作，将身体向上拉起；背越杠,xref的back hip circle描述单杠后回环动作，当前‘背越杠’疑有术语误用；需核对中文体操术语。
remaining_80pct,1358790,尻上り,しりあがり,f32e1668t6,gloss,feet-first somersault hanging from the horizontal bar,,吊环上的背越式,此异体词释义为逆上がり，译文‘吊环上的背越式’与单杠语境不符；需核对中文体操动作规范名称。
remaining_80pct,1358790,尻上り,しりあがり,f32e1668t7,xref,"(gymnastics) pulling oneself upward with a forward, circling movement; back hip circle",,（体操）向前翻腾动作；背越式,xref指体操后回环动作，当前‘背越式’疑为术语误用；需核对中文体操术语。
remaining_80pct,1429390,超越点,ちょうえつてん,f39e1657t0,gloss,passage point,,超越点,日文词头直译为‘超越点’，英文释义为passage point，可能是特定技术术语；需结合领域定义确认中文术语。
remaining_80pct,1456380,読響,よみきょう,f42e636t0,gloss,Yomiuri Symphony,,读卖交响乐团,読響是读卖交响乐团的简称，现译或缺正式团名中的‘日本’；需核对该乐团中文正式名称及条目所指时期。
remaining_80pct,1553740,両性的,りょうせいてき,f51e1118t0,gloss,androgynous,,雌雄同体,androgynous可指外表/气质中性，也可指兼具两性特征；缺少用法上下文，当前‘雌雄同体’可能过度生物学化，需核定本条语域。
remaining_80pct,1577930,給油所,きゅうゆじょ,f54e330t4,gloss,fuel depot,,燃料库,fuel depot在给油所的语境可能指车辆/航空器加注燃料的设施，现译‘燃料库’通常指储藏场所；需核对此义对应设施类型。
remaining_80pct,1671870,無双窓,むそうまど,f65e1431t0,gloss,(openable) panel in a door,,可开启的窗扇,無双窓是建筑构造中的特定可动格板/窗扇，原译‘可开启的窗扇’仅作概括；需核实中文建筑术语及其安装位置。
remaining_80pct,1722120,節博士,ふしはかせ,f70e1356t0,gloss,(musical) intonation marks,,（音乐）调号记号,節博士是日本传统音乐记谱中的节奏/旋律标记，英语musical intonation marks较宽泛；‘调号记号’可能误指调性升降号，需查日本音乐记谱术语后定译。
remaining_80pct,1775520,落し文,おとしぶみ,f75e1736t1,gloss,Japanese insect,,落文,日文所指昆虫可能为卷叶象甲类，现译‘落文’只是按汉字照搬，需先确认物种后采用中文俗名。
remaining_80pct,1780910,掘り抜き井戸,ほりぬきいど,f76e791t1,gloss,tapped well,,凿井,tapped well可能指钻凿井，也可能指钻入含水层的井；‘凿井’描述施工而非井型，需核定英文义项来源后定译。
remaining_80pct,1781320,鬱然,うつぜん,f76e894t3,gloss,popular,,受欢迎的,鬱然在古典语境中可能指繁盛/显著或郁郁葱葱，英语popular的具体义项需核实；‘受欢迎的’缺少语境支撑。
remaining_80pct,1792960,寝椅子,ねいす,f77e1423t1,gloss,couch,,躺椅,寝椅子可指沙发/长沙发，也可能指可躺卧的椅子；couch在此不一定是单人躺椅，需核对物件形制。
remaining_80pct,1810710,硬質陶器,こうしつとうき,f79e684t0,gloss,ironstone china,,铁石瓷器,ironstone china是硬质陶器/炻器，‘铁石瓷器’不太像中文陶瓷术语；需核对中文材料分类名称后确定。
remaining_80pct,1833340,タヒバリ,タヒバリ,f81e1222t0,gloss,water pipit (Anthus spinoletta),,水鹨,water pipit (Anthus spinoletta)的物种中文名需核对鸟类名录；‘水鹨’可能是其他鹨类或泛称，需确认是否对应此学名。
remaining_80pct,1854720,土ボタル,つちボタル,f83e1790t0,gloss,glowworm,,萤火虫,土ボタル指发光的幼虫，具体物种与萤火虫不同；当前‘萤火虫’可能使读者误认为甲虫，需查其物种中文名。
remaining_80pct,1875780,高野聖,こうやひじり,f85e642t1,gloss,Lethocerus deyrollei (species of giant water bug),,德氏巨水鳖,Lethocerus deyrollei中文名‘德氏巨水鳖’需核对权威物种名录后确认。
remaining_80pct,1883770,神経核,しんけいかく,f85e1693t0,gloss,neuron,,神经元,日文词头神経核指神经核/神经细胞群，英文neuron指神经元，词头与源释冲突；需核对原始词典释义后再决定中文对应。
remaining_80pct,1955100,葉鶏頭,はげいとう,f91e839t1,gloss,tampala,,塔姆帕拉,tampala是苋属蔬菜/作物的名称，中文译名可能随物种或食用部位而异；需核对其对应品种后定译。
remaining_80pct,1930030,振り漢字,ふりかんじ,f89e117t0,gloss,"kanji printed as ruby, usually to explain kana",,振假名汉字,振り漢字指用作振假名/注音的汉字，属于特殊排印术语；‘振假名汉字’不够自然，需核对中文排印术语。
remaining_80pct,1941030,洗浄器,せんじょうき,f90e324t1,gloss,syringe,,注射器,syringe在洗浄器语境可能指冲洗器/灌洗器具，‘注射器’会让人误认为用于注射；需核对器械类型。
remaining_80pct,1994400,事業再生融資,じぎょうさいせいゆうし,f95e24t0,gloss,debtor-in-possession financing,,债务人在职融资,debtor-in-possession financing是破产程序中债务人继续经营时获得的新融资，现译‘债务人在职融资’显然误解in possession；需核对统一中文破产法金融术语后定译。
remaining_80pct,2051860,場外市場,じょうがいしじょう,f100e1372t3,gloss,outer market,,场外市场,場外市場第二义为批发市场旁的零售市场，英文outer market可能指外围市场；现译‘场外市场’在中文金融语境常指OTC，需核对市场类型术语。
remaining_80pct,2094780,未解放部落,みかいほうぶらく,f104e1646t0,gloss,burakumin area,,被歧视部落,burakumin area是历史上的部落民聚居区，当前‘被歧视部落’没有表达‘区域’，且涉及日本受歧视群体的历史称谓；需采用中性且准确的专名译法。
remaining_80pct,2119580,足が地に着かない,あしがちにつかない,f107e617t3,gloss,frivolous,,轻浮,足が地に着かない的‘frivolous’可指轻浮、浮躁或心不在焉；‘轻浮’带有社交品行贬义，需按该义项语域确认。
remaining_80pct,2123330,報告書作成,ほうこくしょさくせい,f107e1427t2,gloss,report writer,,报告撰写者,report writer可指撰写报告的人，也可指报告生成工具；日文词头是报告书的制作，需核定此英文源释的词性后定译。
remaining_80pct,2139040,襷反り,たすきぞり,f109e703t0,gloss,reverse backwards body drop,,反式后倒身摔,襷反り是相扑摔法，英文reverse backwards body drop及现译‘反式后倒身摔’均不自然；需核对该招式标准中文名称。
remaining_80pct,2274890,前提技術,ぜんていぎじゅつ,f123e1265t2,gloss,precursor technology,,前置技术,precursor technology可指先导技术或前代技术，原译‘前置技术’不明确；需结合具体技术领域核实术语。
remaining_80pct,2282890,インクデスクトップ,インクデスクトップ,f124e436t0,gloss,ink desktop,,墨桌面,ink desktop可能是特定软件/界面功能名称，‘墨桌面’属于字面翻译；需核实产品语境后决定译法。
remaining_80pct,2287690,エレクトリカルキー,エレクトリカルキー,f124e884t0,gloss,electrical key,,电气键,electrical key在计算机语境可能指电键/电气按键，当前‘电气键’不自然；需核实具体输入设备或接口。
remaining_80pct,2313280,デリゲートサーバー,デリゲートサーバー,f126e481t0,gloss,delegate server,,委托服务器,delegate server可能是特定分布式系统术语，‘委托服务器’不够常见；需核对系统架构定义。
remaining_80pct,2319460,バンドプリンタ,バンドプリンタ,f126e1345t0,gloss,band printer,,带状打印机,band printer是特定行式打印机结构，中文名称可能为字带式/带式打印机；‘带状打印机’需按设备类型核实。
remaining_80pct,2320160,パターン内部様式,パターンないぶようしき,f126e1449t0,gloss,pattern interior style,,模式内部样式,pattern interior style属于旧式计算机术语，现译‘模式内部样式’不自然；需确认其具体数据结构语义。
remaining_80pct,2352030,群オクテット,ぐんオクテット,f129e381t0,gloss,group octet,,组八位组,group octet是特定通信标准术语，‘组八位组’不自然；需确认其标准中文名称及octet是否应译为八位字节。
remaining_80pct,2360010,字送り点,じおくりてん,f129e1677t0,gloss,escapement point,,转义点,字送り点在排版/打印语境指字符移动或间距控制，英文escapement point并非escape character；需核实中文术语后定译。
remaining_80pct,2370890,操作対象集合,そうさたいしょうしゅうごう,f130e1728t0,gloss,inclusion set,,包含集,inclusion set是旧式计算机/集合术语，‘包含集’可能为直译；需核对其在该标准中的具体定义。
remaining_80pct,2391300,予約名使用引数,よやくめいしようひきすう,f132e1412t0,gloss,reserved name use parameter,,保留名称使用参数,reserved name use parameter可能指特定编程语言的参数类型，‘保留名称使用参数’不够清楚；需查上下文定义。
remaining_80pct,2406410,社会契約,しゃかいけいやく,f134e346t2,gloss,FIS xref,,FIS 交叉引用,显示的英文为‘FIS xref’，似乎是结构/占位标记而非释义，需核对原始条目该目标字段是否有损坏。
remaining_80pct,2424910,経済法科大学,けいざいほうかだいがく,f136e173t0,gloss,university specializing in economics and law,,经济法学院,该日文可能是大学名称/学校类型，英文释义为专攻经济与法律的大学；‘经济法学院’可能误读为学科法学，需核对具体机构语境。
remaining_80pct,2439270,ヘリオメーター,ヘリオメーター,f137e902t0,gloss,heliometer,,太阳仪,heliometer是用于测量太阳视直径的专门天文仪器，‘太阳仪’过于宽泛；需查中文天文仪器术语后确定规范名称。
remaining_80pct,2457080,イキシア,イキシア,f139e377t0,gloss,ixia,,鸢尾属,Ixia是鸢尾科的独立属，‘鸢尾属’可能误指Iris属；需核对该植物属的中文规范名。
remaining_80pct,2462230,サーム,サーム,f139e1239t0,gloss,therm,,热单位,therm是特定热量单位，中文译名可能作热姆/撒姆或直接称英国热姆，‘热单位’只给类别未给单位名；需核实规范计量译名。
remaining_80pct,2479790,ブロードクロス,ブロードクロス,f141e124t0,gloss,broadcloth,,粗呢,broadcloth指经整理的致密平纹呢料，‘粗呢’可能将质地误译为粗糙；需核对该织物的中文纺织品规范名。
remaining_80pct,2498410,タクトシステム,タクトシステム,f142e709t0,gloss,tact system,,触觉系统,tact system可能是音乐节拍/拍子系统，而‘触觉系统’把tact误按触觉理解；需核实术语领域。
remaining_80pct,2502760,バーケンティン,バーケンティン,f142e1349t0,gloss,barquentine,,巴克廷帆船,barquentine/barkentine是特定帆船桅装类型，‘巴克廷帆船’仅音译；需核实中文船舶分类名。
remaining_80pct,2480470,カセトメーター,カセトメーター,f141e212t0,gloss,cathetometer,,阴极射线管,cathetometer是用望远镜和测微装置测量高度/小角度的仪器，现译“阴极射线管”显然误认术语；需核对规范中文名（如测高仪/测微高程仪）。
remaining_80pct,2487180,ハイティー,ハイティー,f141e1156t0,gloss,high tea,,下午茶,high tea通常是英国傍晚较丰盛的茶餐，与afternoon tea下午茶并非同一餐；需核定中文译名后修正。
remaining_80pct,2541470,ツキベラ,ツキベラ,f146e788t0,gloss,ornate wrasse (Halichoeres ornatissimus),,华丽的隆头鱼（华丽隆头鱼）,Thalassoma lunare的中文鱼名可能依地区译作月斑锦鱼或月斑隆头鱼，‘月形锦鱼’需与学名名录核对。
remaining_80pct,2549080,トラノコイソハゼ,トラノコイソハゼ,f146e1961t1,gloss,grubby pygmy-goby,,污浊侏儒虾虎鱼,grubby pygmy-goby是特定侏儒虾虎鱼俗名，‘污浊侏儒虾虎鱼’像把grubby直译为污秽；需核实该鱼的中文名。
remaining_80pct,2555240,サザナミハギ属,サザナミハギぞく,f147e995t0,gloss,Ctenochaetus (genus of bristletooth tangs),,刺尾鱼属,Ctenochaetus为刺尾鱼科中的刷齿刺尾鱼属，现译‘刺尾鱼属’过宽；需核对规范中文属名。
remaining_80pct,2555390,テングハギモドキ,テングハギモドキ,f147e1020t0,gloss,"sleek unicornfish (Naso hexacanthus, species of Indo-Pacific tang)",,光滑刺盖鱼（Naso hexacanthus，印度-太平洋刺盖鱼科的一种）,Naso hexacanthus的通行中文鱼名需核对；‘光滑刺盖鱼’可能仅为描述性直译，需查鱼类名录。
remaining_80pct,2556340,キングヒメオオトカゲ,キングヒメオオトカゲ,f147e1189t0,gloss,"King's goanna (Varanus kingorum, species of small carnivorous monitor lizard native to the Australia)",,金巨蜥（Varanus kingorum，一种产于澳大利亚的小型食肉巨蜥）,Varanus kingorum的标准中文种名不确定，‘金巨蜥’可能误指金色巨蜥；需核对爬行动物名录。
remaining_80pct,2557960,天気輪,てんきりん,f147e1494t0,gloss,weather wheel,,天气轮,天気輪是带轮柱状物的民俗/文学器物，‘天气轮’按字面无法传达其用途；需结合该名称出处核实中文术语。
remaining_80pct,2566410,姫雀蜂,ひめすずめばち,f148e1063t0,gloss,Vespa ducalis (species of hornet),,姬黄蜂,Vespa ducalis的中文常用种名需核对，‘姬黄蜂’可能是泛称而非对应物种。
remaining_80pct,2566410,ヒメスズメバチ,ヒメスズメバチ,f148e1064t0,gloss,Vespa ducalis (species of hornet),,日本黄蜂,Vespa ducalis的中文常用种名需核对，‘日本黄蜂’可能与其他胡蜂种混淆。
remaining_80pct,2581760,延いて,ひいて,f149e1982t1,gloss,in turn,,进而,in turn在此可能表示继而、进而或相应地，和by extension有语义重叠；需查词典语境后确定简明中文对应。
remaining_80pct,2581760,延いて,ひいて,f149e1982t2,gloss,by the same token,,进而,by the same token表示同理/同样地，不等于“进而”；需确认此词条各列义项是否均为独立释义并准确对齐后再修正。
remaining_80pct,2581760,延いて,ひいて,f149e1982t3,gloss,in addition,,进而,in addition通常为此外/另外，现译“进而”不准确；但需核实本条词典列义与语用限定。
remaining_80pct,2581760,延いて,ひいて,f149e1982t4,gloss,as well,,进而,as well通常为也/同样，现译“进而”不准确；需核实释义对齐。
remaining_80pct,2581760,延いて,ひいて,f149e1982t5,gloss,consequently,,进而,consequently通常为因此/结果，现译“进而”不准确；需核实其在该词条的语义对应。
remaining_80pct,2586190,麝香揚羽,じゃこうあげは,f150e830t0,gloss,"Chinese windmill (species of red-bodied swallowtail butterfly, Atrophaneura alcinous)",,中国风车（一种红身燕尾蝶，Atrophaneura alcinous）,butterfly的属名/俗名具有地区差异，Chinese windmill常见中文名需核对权威昆虫名录后确定；暂不依据直译改名。
remaining_80pct,2604330,蜑小舟貝,あまおぶねがい,f152e385t0,gloss,ox-palate nerite (Nerita albicilla),,牛舌蜑（Nerita albicilla）,Nerita albicilla的中文俗名存在译名差异；牛舌蜑可能缺少“螺”且需核对软体动物名录。
remaining_80pct,2619100,向付け,むこうづけ,f153e1258t0,gloss,dish placed on the far side of the serving table (kaiseki cuisine),,向付,向付是怀石料理的特定菜式，中文可音译或解释为前菜类；需核对日本料理术语规范译法。
remaining_80pct,2622870,私寺,しじ,f154e7t2,xref,"state-sponsored temples, particularly those favored and protected by the shogunate during the Kamakura period",,国家资助的寺院，尤其是镰仓时代受幕府青睐和保护的寺院,该 xref 英文释义较长且含镰仓幕府庇护的历史限定，现中文需按原词典对应词条核对，暂保留。
remaining_80pct,2635570,カンディル,カンディル,f155e559t0,gloss,"candiru (Vandellia spp., esp. Vandellia cirrhosa)",,电鳐（Vandellia属，尤其是Vandellia cirrhosa）,Vandellia是寄生鲶类candiru，不是电鳐；中文俗名需核对鱼类名录，暂不臆造名称。
remaining_80pct,2635570,カンディル,カンディル,f155e559t1,gloss,cañero,,电鳐,cañero是candiru的俗名，不能译作电鳐；需核实中文鱼名及别名对应。
remaining_80pct,2635570,カンディル,カンディル,f155e559t2,gloss,toothpick fish,,电鳐,toothpick fish是candiru俗名，‘电鳐’明显错类；需核实中文常用名后再定。
remaining_80pct,2636630,ネズミゴチ,ネズミゴチ,f155e790t0,gloss,Richardson's dragonet (Repomucenus richardsonii),,理查森拟叶鲈（Repomucenus richardsonii）,此条拉丁学名Repomucenus richardsonii为鼠鯒类，但‘拟叶鲈’是否为可靠中文名需核对鱼类名录。
remaining_80pct,2636630,ネズミゴチ,ネズミゴチ,f155e790t1,gloss,Richard's dragonet,,理查森拟叶鲈,Richard's dragonet指同一鼠鯒类，需核实对应中文俗名。
remaining_80pct,2676760,興奮性,こうふんせい,f159e809t1,gloss,irritability,,兴奋性,irritability在生理/心理语境可指易激惹性或应激性，与兴奋性虽相关但不完全等同；需核对领域译名。
remaining_80pct,2648160,撮りためる,とりためる,f156e1167t1,gloss,to record videos for archiving,,录制视频以备存档,record videos for archiving可译录制/录存视频；当前‘以备存档’自然但语义可能过度强调档案，保留待核。
remaining_80pct,2681680,徒人,ただびと,f159e1766t1,gloss,untitled individual,,无头衔的人,untitled individual更准确可能是无爵位者/无官阶者，须结合词条所涉社会身份史料确认具体含义。
remaining_80pct,2701420,補助券,ほじょけん,f161e1511t0,gloss,voucher,,代金券,voucher可指代金券、凭证或兑换券，需根据日语補助券实际制度/使用场景确定中文专名。
remaining_80pct,2712220,アルギニン燐酸,アルギニンりんさん,f162e1644t0,gloss,arginine phosphoric acid,,精氨酸磷酸,arginine phosphoric acid与arginine phosphate的化学命名存在差别；需核对原日文术语及对应生化物质，暂不直接改。
remaining_80pct,2734400,バリイング変数,バリイングへんすう,f164e1680t0,gloss,varying variable,,变量,varying variable可能是计算机/数学领域特定术语，泛译‘变量’虽方向相关但不确定是否表达其与constant variable的对举，需查专业来源。
remaining_80pct,2742830,エアボート,エアボート,f165e1425t0,gloss,airboat,,气垫船,airboat通常为由后置螺旋桨推进的浅水船，不等同于hovercraft气垫船；需核对中文船舶译名。
remaining_80pct,2751400,精子バンク,せいしバンク,f166e1060t2,gloss,cryobank,,冷冻库,cryobank指低温保存生物材料的库，结合精子库语境应是精子冷冻库等，现译‘冷冻库’信息不足；需核定词义范围。
remaining_80pct,2756740,文字式,もじしき,f167e80t0,gloss,algebraic equation,,代数方程,文字式的algebraic equation译法需结合日语数学术语核对，当前字面义‘代数方程’可能有误。
remaining_80pct,2756740,文字式,もじしき,f167e80t1,gloss,polynomial,,多项式,polynomial指多项式/多项式表达式，是否与该词条日语义项对应需核对原词典数学术语。
remaining_80pct,2756740,文字式,もじしき,f167e80t2,gloss,character expression,,字符表达式,character expression可指字符表达式，但需核对文字式在该语境中的专业义。
remaining_80pct,2756740,文字式,もじしき,f167e80t3,gloss,literal expression,,字面表达式,literal expression可能指文字/字面表达式，但需核对该日语术语的数学定义。
remaining_80pct,2777420,なして,なして,f169e51t6,gloss,how,,如何,なして作how时为方言/古用，英语how与其他义项的划分依赖日语词典分项；需确认该条sense拆分与示例后决定是否修正。
remaining_80pct,2777420,なして,なして,f169e51t7,gloss,in what way,,以何种方式,in what way对译基本可通，但本词词义有方言和词典分项问题，待核上下文。
remaining_80pct,2777420,なして,なして,f169e51t8,gloss,for what purpose,,出于什么目的,for what purpose与why/how的分项关系不明确，需核词典例句避免不恰当合并。
remaining_80pct,2777420,なして,なして,f169e51t9,gloss,what for,,为了什么,what for可译为何/为了什么，需核该方言词条此分项及现有中译一致性。
remaining_80pct,2788090,恣心,ししん,f170e197t0,gloss,"selfish, self-indulgent heart",,恣心,恣心为罕见文言/佛教词，self-indulgent heart对应释义较生硬；需要查权威古汉语来源确认具体义。
remaining_80pct,2796530,内出来,うちでき,f170e1960t0,gloss,lot distribution,,分批成交,lot distribution在金融语境含义可能依交易制度而异，‘分批成交’是否准确需结合日语内出来核查。
remaining_80pct,2805300,国債費,こくさいひ,f171e1716t1,gloss,expenditure for servicing government bonds,,国债利息支出,国债费可能包含本金偿还及利息等政府债务服务支出，英文释义expenditure for servicing government bonds比‘国债利息支出’范围更宽，需确认术语覆盖。
remaining_80pct,2817170,見せ玉,みせぎょく,f173e190t0,gloss,layering,,幌骗,layering是分层挂单操纵，且常与spoofing/幌骗重叠；“幌骗”可作概括译法但是否覆盖其分层订单特征需核对证券监管术语。
remaining_80pct,2817170,見せ玉,みせぎょく,f173e190t2,xref,layering,,幌骗,xref layering的规范译名可作分层挂单操纵或幌骗；需确认与spoofing的区别后决定是否具体化。
remaining_80pct,2825855,くぬぎ炭,くぬぎずみ,f173e1822t0,gloss,sawtooth oak charcoal,,柞木炭,sawtooth oak为Quercus acutissima，中文树种名和其木炭名称需核对植物/木炭术语，‘柞木’可能指其他栎种。
remaining_80pct,2827998,梅色,うめいろ,f175e1777t0,gloss,yellowtail blue snapper (Paracaesio xanthura),,黄尾蓝鲈（Paracaesio xanthura）,Paracaesio xanthura俗名的中文鱼名需查鱼类分类名录，当前黄尾蓝鲈可能不规范。
remaining_80pct,2827998,梅色,うめいろ,f175e1777t1,gloss,yellowback fusilier,,黄背军鱼,yellowback fusilier指同一鱼种，中文对应名需按分类学名录核实。
remaining_80pct,2828106,雌松,めまつ,f175e1980t1,gloss,Japanese umbrella pine,,日本伞松,Japanese umbrella pine通常指另一种植物Sciadopitys verticillata，与Pinus densiflora不符；需核实此词典是否把异名错误并入。
remaining_80pct,2828106,雌松,めまつ,f175e1980t2,gloss,tanyosho pine,,淡红松,tanyosho pine可能指赤松栽培品种，现译‘淡红松’需核实品种中文名。
remaining_80pct,2828752,ジューンベリー,ジューンベリー,f176e1370t2,gloss,chuckleberry,,笑莓,chuckleberry是serviceberry的地区俗名，中文译名需植物名录确认。
remaining_80pct,2828752,ジューンベリー,ジューンベリー,f176e1370t3,gloss,currant-tree,,醋栗树,currant-tree作为Amelanchier canadensis别名的对应关系与中文‘醋栗树’不可靠，需核其英语词典义。
remaining_80pct,2828752,ジューンベリー,ジューンベリー,f176e1370t4,gloss,shadblow,,沙德吹,shadblow为唐棣属俗名；具体是否可译作‘沙德吹’需查植物名录。
remaining_80pct,2828752,ジューンベリー,ジューンベリー,f176e1370t5,gloss,shadbush,,沙德灌木,shadbush为唐棣属俗名，‘沙德灌木’是音义混译，需核中文植物名。
remaining_80pct,2828752,ジューンベリー,ジューンベリー,f176e1370t6,gloss,shadblow serviceberry,,沙德吹沙梨,shadblow serviceberry需植物名录核定中文对应名，当前直译不通。
remaining_80pct,2828752,ジューンベリー,ジューンベリー,f176e1370t7,gloss,shadbush serviceberry,,沙德灌木沙梨,shadbush serviceberry需植物名录核定中文对应名，当前直译不通。
remaining_80pct,2828752,ジューンベリー,ジューンベリー,f176e1370t8,gloss,sugarplum,,糖梅,sugarplum作为serviceberry俗名的指代范围需核对；‘糖梅’可能指其他植物。
remaining_80pct,2828752,ジューンベリー,ジューンベリー,f176e1370t9,gloss,thicket serviceberry,,灌木沙梨,thicket serviceberry为唐棣属俗名，需核定中文物种/俗名。
remaining_80pct,2829788,カーバンクル,カーバンクル,f177e1360t0,gloss,carbuncle,,炭疽,carbuncle可指炭疽病、疖/痈或红宝石类宝石；本词条第二义为石榴石等红色宝石，第一义需查日语词义分项，暂不确定。
remaining_80pct,2829831,撥ね荷,はねに,f177e1425t0,gloss,rejected goods,,退货,rejected goods可指检验不合格/被拒收货物，并非一般退货，需结合日语物流词义确认准确中文。
remaining_80pct,2829831,撥ね荷,はねに,f177e1425t1,gloss,sorted-out goods,,分拣货物,sorted-out goods可能是挑拣出的次品/滞销品，‘分拣货物’只说明处理过程，需核语境。
remaining_80pct,2829831,撥ね荷,はねに,f177e1425t2,xref,rejected goods,,退货,rejected goods的xref译作退货可能过窄，需核对具体物流/商品处理术语。
remaining_80pct,2829927,立位,りつい,f177e1629t0,gloss,"standing position (working, sex, etc.)",,站姿（工作、性行为等）,含性行为语境的standing position应译为站立体位/站立姿势，现译‘站姿’偏一般体态；需核领域用语。
remaining_80pct,2830434,カーペットバッガー,カーペットバッガー,f178e687t0,gloss,carpetbagger,,投机者,carpetbagger可指外来投机政客或趁机牟利者，‘投机者’较泛，需核该词条预设语境后确定。
remaining_80pct,2831293,マスコン,マスコン,f179e365t0,gloss,lever used to control the speed of a train,,用于控制列车速度的操纵杆,マスコン为列车主控制器的操纵手柄，现译描述准确但术语化译名（主控制器/主控手柄）需按铁路术语核定。
remaining_80pct,2831293,マスコン,マスコン,f179e365t1,xref,lever used to control the speed of a train,,用于控制列车速度的操纵杆,同一缩略词xref应匹配铁路控制器术语，需核对中日铁路专业译名。
remaining_80pct,2832888,斗酒なお辞せず,としゅなおじせず,f180e1390t0,gloss,being ready to drink sake by the keg,,准备喝整桶清酒,斗酒なお辞せず典故语义及中文成语对应不确定，字面整桶清酒可能误读，需核原典/词典说明。
remaining_80pct,2832888,斗酒なお辞せず,としゅなおじせず,f180e1390t1,gloss,drinking like a fish,,像鱼一样喝酒,drinking like a fish或为意译，但需结合典故确认是否能对应‘斗酒なお辞せず’。
remaining_80pct,2834318,二人は伴侶、三人は仲間割れ,ふたりははんりょ、さんにんはなかまわれ,f182e161t1,gloss,one companion is better than two,,一个伴侣胜过两个,现有解释‘一个伴侣胜过两个’与英语俗语明显不符，且与主条谚语不同；需核查该日语变体原始释义，暂不臆改。
remaining_80pct,2840256,ショウナイチョウメイムシ,ショウナイチョウメイムシ,f187e1745t0,gloss,Macrobiotus shonaicus (species of tardigrade),,小内缓步动物,Macrobiotus shonaicus 是缓步动物的新种，日文名对应庄内地区，但尚无可靠中文规范种名来源；暂不据发音臆造中文名，建议保留学名或核对分类名录。
remaining_80pct,2845484,色上質紙,いろじょうしつし,f192e1386t0,gloss,colored wood-free paper (coloured),,彩色无木浆纸,wood-free paper 是以化学浆制成、近似无机械木浆的纸类；中文具体纸种可能是胶版纸或无木浆纸，需查造纸行业术语和该词条所指纸张品类再定。
remaining_80pct,1032060,オートパーラー,オートパーラー,f3e1822t0,gloss,auto parlor,,汽车展厅,オートパーラー可能指自动售货餐饮场所；需核实日语词典释义，英文直译信息不足。
remaining_80pct,1032060,オートパーラー,オートパーラー,f3e1822t1,gloss,auto parlour,,汽车展厅,同义英式拼写同样需核实是否指自动售货餐饮场所。
remaining_80pct,1046990,グリーンスクール,グリーンスクール,f5e100t0,gloss,green school,,绿色学校,日语可能特指林间学校而非环保学校，需核实本词词典义。
remaining_80pct,1086130,トランザム,トランザム,f7e1821t0,gloss,Trans-Am,,跨美洲公路,Trans-Am 未提供公路含义；需核实指跨美洲还是赛事／品牌。
remaining_80pct,1376980,正金,しょうきん,f34e1263t7,gloss,specie bank,,金属货币银行,需核对specie bank这一历史金融机构名称的中文标准译法；当前‘金属货币银行’可能是直译。
remaining_80pct,1398610,創造物,そうぞうぶつ,f36e1589t2,example,Scientific truth is a creation of the human mind.,科(か)学(がく)的(てき)心(しん)理(り)は人(にん)間(げん)精(せい)神(しん)の創(そう)造(ぞう)物(ぶつ)である。,科学真理是人类精神的造物。,源文冲突，暂不修正：日文原句“科学的心理は人間精神の創造物である”的“心理”指心理/心智；英文“Scientific truth is a creation of the human mind”对应“科学真理”。现有中文跟随英文。Tatoeba/JapanDict记录了这一配对，但未能确认日文是否应为“科学的真理”，故需核原句或更可靠的源文。
remaining_80pct,1445330,土左衛門,どざえもん,f41e664t1,note,after sumo wrestler Narusegawa Dozaemon,,源自相扑选手成川土左卫门,需核实词源所指相扑选手成瀬川土左衛門的准确中文姓名写法；现译‘成川土左卫门’可能漏字。
remaining_80pct,1533300,免訴,めんそ,f49e1067t0,gloss,acquittal,,无罪释放,法律术语免诉与无罪判决的程序效果不同；需按日本刑事诉讼法及中文法律术语核实此处acquittal的对应译法。
remaining_80pct,1544860,与点,よてん,f50e1392t0,gloss,point given,,给分,与点似为围棋术语，需核实point given所指的让子/贴目计分做法及中文惯用译名。
remaining_80pct,1742720,焼き戻し,やきもどし,f72e874t1,gloss,annealing,,退火,日文焼き戻し通常指金属回火，而annealing/退火是不同热处理；需核实源释义是否有误，不据此强行采用‘退火’。
remaining_80pct,1777030,定式化,ていしきか,f76e47t0,gloss,formulation,,公式化,需结合原词条语境核实定式化在此处指公式化、形式化还是制定公式；英文formulation与现译公式化均可能成立。
remaining_80pct,1781000,熨斗目,のしめ,f76e814t0,gloss,variety of ceremonial dress made of intertwined cloth and silk threads,,锦缎,需查证熨斗目所指的具体礼装类型或织物；目前‘锦缎’没有保留其服装类别信息。
remaining_80pct,1820980,形質,けいしつ,f80e581t2,gloss,allele,,等位基因,需核对该词生物学义是否真的包括allele（等位基因）；trait/character与allele是不同概念，源释义可能混淆。
remaining_80pct,1949530,保佐人,ほさにん,f90e1852t0,gloss,conservator,,监护人,需核实日本民法中的保佐人对应中文法律制度术语；‘监护人’可能与法定监护制度不同。
remaining_80pct,1949530,保佐人,ほさにん,f90e1852t1,gloss,curator,,监护人,需核实日本民法中的保佐人对应中文法律制度术语；curator在此不能按博物馆‘策展人’直译。
remaining_80pct,1962340,オキシダント雲,オキシダントぐも,f91e1902t0,gloss,oxidant cloud,,氧化剂云,需核实oxident cloud所指的大气化学/污染现象及中文术语；字面译‘氧化剂云’可能不自然。
remaining_80pct,2197050,青森椴松,あおもりとどまつ,f115e507t0,gloss,Maries' fir (Abies mariesii),,玛丽亚冷杉（Abies mariesii）,已核对拉丁名Abies mariesii，但未能确认规范中文种名；需查植物分类数据库或中国植物志确认是否应译为其他中文名。
remaining_80pct,2347010,割込み分類,わりこみぶんるい,f128e1515t0,gloss,intercalation,,插入,日文割込み分類表示中断分类，英文intercalation指插入；现译‘插入’跟随英文，需核对源释义是否错配。
remaining_80pct,2348390,危険地域,きけんちいき,f128e1817t0,gloss,critical section,,临界区,日文危険地域意为危险区域，英文critical section及中文‘临界区’是计算机概念；这是明确源文冲突，需核对日文词头或英文释义。
remaining_80pct,2353510,減衰時間,げんすいじかん,f129e656t0,gloss,deceleration time,,减速时间,日文減衰時間是衰减/衰减时间，英文deceleration time是减速时间；需核对源释义，中文现译跟随英文。
remaining_80pct,2375180,注記テキスト,ちゅうきテキスト,f131e611t0,gloss,annotation text relative,,注释文本相对项,日文注記テキスト只表示注释文本，英文annotation text relative及中文‘相对项’搭配不明；需核对专业上下文后再译。
remaining_80pct,2487200,ハイライフ,ハイライフ,f141e1158t0,gloss,highlife,,高生活,Highlife既可能指加纳等西非地区的音乐流派，也有其他语义；现译‘高生活’不自然。需核对该词条日文释义/语源是否专指音乐，再确定音译、保留英文或规范中文名。
remaining_80pct,2523440,検査係,けんさがかり,f144e1333t2,gloss,passer,,通过者,日文词头是‘检验/检查人员’，英文passer和中文‘通过者’的对应关系不明确；需确认词典原条目此义是否指通过检查的人，再决定保留或修正。
remaining_80pct,2527040,一軸性結晶,いちじくせいけっしょう,f145e3t1,gloss,GE,,通用电气,与‘单轴晶体’同一词头下列出的缩写GE及中文‘通用电气’看似不相干，需核对原始JMdict词条/义项关联，不能据当前信息安全判断应否保留。
remaining_80pct,2548380,シマキツネベラ,シマキツネベラ,f146e1887t0,gloss,Bodianus masudai (species of hogfish),,（一种猪鱼）,Bodianus masudai仅以‘一种猪鱼’作描述，缺少中文物种名；需查可信鱼类分类数据库确认规范中文名。
remaining_80pct,2578700,無農薬農法,むのうやくのうほう,f149e1332t0,gloss,organic farming,,有机农业,日文词头無農薬農法明确指不使用农药的耕作方法，英文organic farming可指更广义或受规范认证的有机农业，中文‘有机农业’跟随了英文。需确认源条目义项后决定是否改为‘无农药耕作’。
remaining_80pct,2663900,促進率,そくしんりつ,f158e248t0,gloss,acceleration ratio,,促进率,促進率的日文词形直译为‘促进率’，但英语释义为acceleration ratio，具体技术领域/规范中文术语不明；需核对术语来源后决定是否采用‘加速比’等译法。
remaining_80pct,2690820,ヘテロ接合型,ヘテロせつごうがた,f160e1472t0,gloss,heterozygous,,杂合子,词条标为名词/非形容动词，但英文释义heterozygous是形容词，当前‘杂合子’指个体/基因型名词。需核对日文条目及分类，确认这里表达杂合状态还是杂合子个体。
remaining_80pct,2753100,コンゴ偽面梟,コンゴにせめんふくろう,f166e1368t0,gloss,Tanzanian bay owl (Phodilus prigoginei),,坦桑尼亚草猫头鹰（Phodilus prigoginei）,Phodilus prigoginei分布于坦桑尼亚，英文别名为Tanzanian bay owl；中文‘草猫头鹰’是否为该种的规范名需查鸟类名录确认。暂不自行音译或改成其他猫头鹰名称。
remaining_80pct,2787080,包茎手術,ほうけいしゅじゅつ,f170e2t0,gloss,phimosiectomy,,包茎切除术,phimosiectomy指治疗包茎的手术，但具体是否等同包皮环切术需查医学术语来源；现译‘包茎切除术’也可能误解为切除包茎本身，需医学核实。
remaining_80pct,2810180,税額控除,ぜいがくこうじょ,f172e725t1,gloss,tax exemption,,税收豁免,税额控除与tax exemption（税收豁免）在税制上并非同一概念；日文词头‘税額控除’及中文t0指抵免/扣除，但英文t1和现译t1另指免税。需核对原始义项对应，不能在此自行统一。
remaining_80pct,2817290,虬竜,きゅうりょう,f173e227t0,gloss,mizuchi,,水龙,虬龙在日本神话释义中对应mizuchi（水栖龙形神兽），汉语可译蛟或水龙；需确认该日文读音/词条是否特指中国神话‘蛟’，再决定是否将泛译‘水龙’改为‘蛟’。
remaining_80pct,2828913,ユスラ椰子,ユスラやし,f176e1716t4,gloss,northern bangalow palm,,北方班加洛棕榈,northern bangalow palm是否适用于Archontophoenix alexandrae的中文名需核实具体俗名范围。
remaining_80pct,2828482,伊予蜻蛉,いよとんぼ,f176e777t0,gloss,whip-carrying habenaria (Habenaria iyoensis),,伊予蜻蜓兰（Habenaria iyoensis）,Habenaria iyoensis的中文植物名需查植物志；目前音译‘伊予蜻蜓兰’可能不规范。
remaining_80pct,2833558,足留め薬,あしどめぐすり,f181e671t0,gloss,dye retarding agent,,染料缓剂,dye retarding agent有时也译匀染剂，需结合染色工艺用途确认缓染剂与匀染剂的具体区别。
remaining_80pct,2834043,子実体,しじつたい,f181e1655t1,gloss,sporocarp,,孢子囊,sporocarp中文术语随真菌、藻类或蕨类语境可能有异，需核实分类学规范。
remaining_80pct,2844570,三等陸曹,さんとうりくそう,f191e1767t1,gloss,sergeant second class,,二等陆曹,日文三等陸曹通常对应陆上自卫队曹级军衔，而英文sergeant second class在军衔等级上可能错位；需确认该词典英文是否指特定等同军衔。
remaining_80pct,2851009,火炎茸,かえんたけ,f197e1561t0,gloss,poison fire coral (Podostroma cornu-damae),,毒火珊瑚菌（Podostroma cornu-damae）,Podostroma cornu-damae的中文俗名译法需对照真菌名录，当前‘毒火珊瑚菌’可能是按英语名直译。
remaining_80pct,2859685,葉鞘,ようしょう,f206e299t1,gloss,vagina,,阴道,vagina在植物形态学中可指叶鞘，原译‘阴道’显然未落实学科义；中文是否应使用叶鞘或其他专业术语需核对。
remaining_80pct,2862536,メジュ,メジュ,f208e1854t0,gloss,meju (dried fermented soybeans),,梅茹（发酵干大豆）,Korean meju是发酵豆块，常见中文可能为大酱块/酱曲；‘梅茹’似音译且无法辨识，需核实韩国食品译名规范。
remaining_80pct,2867298,ツユムシ,ツユムシ,f213e785t0,gloss,sickle-bearing bush-cricket (Phaneroptera falcata),,镰刀蟋,Phaneroptera falcata的中文物种名可能有不同规范译法，宜核对动物名录；可确认其属螽斯类而非蟋蟀。
remaining_80pct,2869482,ナヤシ方言,ナヤシほうげん,f215e861t0,gloss,"nayashi dialect (spoken in Nagano, Yamanashi and Shizuoka prefectures)",,那屋方言（长野县、山梨县、静冈县一带使用的方言）,Nayashi dialect的中文音译和方言名称需核实；现有‘那屋方言’缺少可识别来源。
remaining_80pct,2872107,神道無念流,しんとうむねんりゅう,f218e498t0,gloss,Shintō Munen-ryū (school of swordsmanship founded by Fukui Hyōemon Kahei in the 18th century),,神道无念流（18世纪由福井兵卫门景平创立的剑术流派）,Fukui Hyōemon Kahei的中文人名译法需核对可靠史料，现有‘福井兵卫门景平’可能存在音译/名讳偏差。
remaining_80pct,2872336,パンプーシュカ,パンプーシュカ,f218e983t0,gloss,pampushka,,帕姆普什卡,pampushka是乌克兰小面包/蒜香面包，中文音译帕姆普什卡可识别但中文食名是否有固定译法需核实。
remaining_80pct,1014820,アウトドライブ,アウトドライブ,f2e1119t0,gloss,outdrive,,外道球,outdrive 可能指高尔夫击球距离超过对手，需核实日语词头实际义；外道球可疑。
remaining_80pct,1021890,イヤマーク,イヤマーク,f3e141t0,gloss,earmark,,earmark,原译未翻译；需核实イヤマーク是否专指黄金寄存 earmark，而非耳标的一般义。
remaining_80pct,1038100,カフェキャバ,カフェキャバ,f4e757t0,gloss,cafe cabaret,,咖啡小酒馆,需核实 café cabaret 在日语中的营业形态，小酒馆可能遗漏歌舞娱乐意义。
remaining_80pct,1049060,コードペンダント,コードペンダント,f5e401t0,gloss,cord pendant,,绳吊坠,需核实 cord pendant 是否为软线吊灯；原译绳吊坠疑误。
remaining_80pct,1064230,ジェットフォイル,ジェットフォイル,f6e696t0,gloss,jetfoil,,喷气式水翼船,需核实 jetfoil 的规范船舶译名及水喷射推进语义；原译喷气式可疑。
remaining_80pct,1068530,スクランブルレース,スクランブルレース,f6e1310t0,gloss,scramble race,,混战比赛,需核实 scramble race 是否指摩托车越野赛；原译混战比赛疑误。
remaining_80pct,1072700,スプリングキャンプ,スプリングキャンプ,f6e1925t0,gloss,spring camp,,春季露营,需核实日语 spring camp 是否指体育春训，原译露营可能取错义。
remaining_80pct,1168370,印書,いんしょ,f14e929t0,gloss,typewriting,,打字,英文 typewriting 与词头印書（印书/印刷）存在明显冲突；需核对 JMdict 原始释义是否源文误配，再决定中文应为打字或印刷。
remaining_80pct,1208550,渇望者,かつぼうしゃ,f18e984t1,gloss,luster,,光泽,luster 与词头渇望者以及同组的 desiring person 释义明显不一致；需要核对 JMdict 原条目，确认是否为源词释义误配后再处理。
remaining_80pct,1257440,建設者,けんせつしゃ,f23e506t0,gloss,architect,,建设者,英文 architect 与日文词头建設者及日文例句所表达的帝国缔造者不完全相合；现译按日文词头保留，但需核对 JMdict 英文释义是否错配。
remaining_80pct,1424710,中性,ちゅうせい,f39e811t1,gloss,indifference,,无差别,indifference 在词头中性下可能指不偏不倚或无差别态度；现译无差别可能是缺乏情感，也可能是未区别，需查原词典语境确定更准确的中文对应。
remaining_80pct,1424710,中性,ちゅうせい,f39e811t4,gloss,androgyny,,雌雄同体,androgyny 对应的中文可指雌雄同体或兼具男女特征，需依据该词条的具体词义核验是否为生物学意义，暂不擅改。
remaining_80pct,1481050,反問,はんもん,f44e1604t3,example,This weighed heavily on my mind.,この事(こと)で私(わたし)は反(はん)問(もん)した。,这件事让我提出了反问。,英文例句 weighed heavily on my mind 与日文和词头反问（提出反问）冲突，现中文也按英文译成心理负担；需要核对 JMdict 例句是否错配。
remaining_80pct,1513830,保証付き,ほしょうつき,f47e1613t1,gloss,certified,,经认证的,英语 certified 与日文保证付き（有保证/保修）含义不一致，原译按英语译作经认证的；需核对源条目是否错配。
remaining_80pct,1601730,引き手,ひきて,f58e666t2,gloss,catch,,拉环,catch 作为引手的释义可能指家具/门上的拉手或锁扣，需查该词典条目具体对象后确认“拉环”是否准确。
remaining_80pct,1642830,値がさ株,ねがさかぶ,f62e1671t1,gloss,blue-chip shares,,蓝筹股,blue-chip shares 与词头値がさ株（高价股）并非稳定同义概念；现译按英文保留“蓝筹股”，需核对 JMdict 英文释义是否误配。
remaining_80pct,1691420,独行,どっこう,f67e1173t3,example,His grandfather is what is called a self-made man.,彼(かれ)のおじいさんはいわゆる独(どく)立(りつ)独(どっ)行(こう)の人(ひと)だ。,他的祖父是所谓白手起家的人。,英文例句 self-made man 与日文独立独行の人含义不同；中文现译按英文保留，需核对 JMdict 例句是否错配。
remaining_80pct,1733910,蹴爪,けづめ,f71e1372t3,gloss,fetlock,,蹄距,英文 fetlock 指马蹄上方的系部/球节，而词头蹴爪通常指禽类距；现译蹄距也偏向距刺。需核实 JMdict 是否源义错配，再决定是否改为球节。
remaining_80pct,1789320,特選,とくせん,f77e584t1,gloss,special approval,,特别批准,特選与英文 special approval（特别批准）语义似不吻合，现译按英文保留；需核对 JMdict 英文释义是否误配。
remaining_80pct,1927250,ハーフコート,ハーフコート,f88e1583t0,gloss,three-quarter,,四分之三,three-quarter 作为服装长度术语需确认具体对应中长款/七分长大衣，现译四分之三缺少品类语境。
remaining_80pct,1927250,ハーフコート,ハーフコート,f88e1583t1,gloss,half coat,,半大衣,half coat 可能指短大衣或半长外套，需核实该日语服装词条在本语境下的标准长度分类后再定。
remaining_80pct,1927250,ハーフコート,ハーフコート,f88e1583t2,gloss,top coat,,大衣,top coat 可泛指外套，也可特指长外套款式；现译大衣可能过窄，需核对词典词义范围。
remaining_80pct,2023760,一番出世,いちばんしゅっせ,f97e1812t0,gloss,newly recruited wrestlers in the first round of presentation after mae-zumo,,一番出世,一番出世是相扑特定晋升/出场仪式的术语，现译直接留日文。需核实中文相扑术语或用解释性译文，不能仅凭字面定名。
remaining_80pct,2028510,マイカ,マイカ,f98e620t1,xref,mica; isinglass,,云母；冰片,英文 isinglass 可指云母薄片或鱼胶，而此处 xref 指雲母；中文“冰片”是 borneol，不对应任一义。需核对 xref 具体所指后确定应译云母片还是鱼胶。
remaining_80pct,2055560,甍段,いらかだん,f101e90t0,gloss,corbie-step,,鱼尾脊,corbie-step 是建筑阶梯式山墙的具体构件/造型，需查验其在中文建筑术语中的对应名称，现译鱼尾脊可能误指屋脊。
remaining_80pct,2055560,甍段,いらかだん,f101e90t1,gloss,corbel gable,,鱼尾形山墙,corbel gable 的建筑构造术语需核对中文标准译名，现译鱼尾形山墙可能依字形误译。
remaining_80pct,2055560,甍段,いらかだん,f101e90t2,gloss,crowsteps,,鱼尾脊,crowsteps 指阶梯式山墙边缘构造，鱼尾脊可能指另一类屋脊，需核查专业术语。
remaining_80pct,2157560,藪ワラビー,やぶワラビー,f111e427t0,gloss,pademelon,,垫梅袋鼠,pademelon 对应的中文通名不统一；现译“垫梅袋鼠”需要核对是否为该属的规范中文名。
remaining_80pct,2157560,藪ワラビー,やぶワラビー,f111e427t1,gloss,paddymelon,,垫梅袋鼠,paddymelon 是 pademelon 的旧拼写/变体，需核实“垫梅袋鼠”是否为中文标准名。
remaining_80pct,2157560,薮ワラビー,やぶワラビー,f111e428t0,gloss,pademelon,,垫梅袋鼠,pademelon 对应的中文通名不统一；现译“垫梅袋鼠”需要核对是否为该属的规范中文名。
remaining_80pct,2157560,薮ワラビー,やぶワラビー,f111e428t1,gloss,paddymelon,,工具沙袋鼠（Macropus greyi）,paddymelon 是 pademelon 的旧拼写/变体，需核实“工具沙袋鼠”这一物种名是否对应 Macropus greyi。
remaining_80pct,2172880,アカウオ,アカウオ,f112e1637t2,gloss,Matsubara's red rockfish (Sebastes matsubarae),,松原红岩鱼（Sebastes matsubarae）,Matsubara's red rockfish 的中文物种名需核对；现译“松原红岩鱼”依英文直译，不能确认其标准鱼名。
remaining_80pct,2172880,アカウオ,アカウオ,f112e1637t3,xref,① Matsubara's red rockfish (Sebastes matsubarae),,① 松原红鱼（Sebastes matsubarae）,xref 指向 Matsubara's red rockfish；现译“松原红鱼”可能漏掉鲉科信息，需核对标准中文鱼名。
remaining_80pct,2191530,針烏賊,はりいか,f114e1352t1,gloss,Madokai's cuttlefish (Sepia madokai),,马岛乌贼,Sepia madokai 的中文通名需要查验；现译“马岛乌贼”可能被误读为马达加斯加岛乌贼。
remaining_80pct,2191530,針イカ,はりイカ,f114e1353t1,gloss,Madokai's cuttlefish (Sepia madokai),,马岛乌贼（Sepia madokai）,Sepia madokai 的中文通名需要查验；现译“马岛乌贼”可能被误读为马达加斯加岛乌贼。
remaining_80pct,2317980,ハンドセット,ハンドセット,f126e1114t0,gloss,handset,,手持式,handset 在计算设备语境可能指电话听筒、手持终端等不同设备；现译手持式不完整，需核对具体设备语境。
remaining_80pct,2332800,マルチレッグ,マルチレッグ,f127e1198t0,gloss,multileg,,多腿,multileg 是金融或计算系统中依语境而定的术语；“多腿”很可能是直译，需查该条目具体的 computing 用法后确定中文术语。
remaining_80pct,2349520,記憶装置表示,きおくそうちひょうじ,f128e1990t0,gloss,memory indication,,内存指示,memory indication 的具体计算机显示/存储语境不明，内存指示是生硬直译；需核对来源上下文后选定术语。
remaining_80pct,2400650,本石楠花,ほんしゃくなげ,f133e1201t0,gloss,Rhododendron metternichii,,石楠花,Rhododendron metternichii 是杜鹃属植物，而石楠花在中文常指蔷薇科植物；需核实此物种的规范中文名。
remaining_80pct,2427640,国連規約人権委員会,こくれんきやくじんけんいいんかい,f136e746t0,gloss,United Nations Human Rights Council,,联合国人权理事会,日文词头国連規約人権委員会指联合国人权事务委员会（条约机构），英文 UN Human Rights Council 指联合国人权理事会；需核对源条目是否英日错配，现中文按英文保留。
remaining_80pct,2427640,国連規約人権委員会,こくれんきやくじんけんいいんかい,f136e746t1,gloss,UNHRC,,联合国人权理事会,UNHRC 通常缩写联合国人权理事会，而词头日文可能指联合国人权事务委员会；需查证是否源义误配。
remaining_80pct,2477890,アミセチン,アミセチン,f140e1838t0,gloss,amicetin (antibiotic),,阿米西林,amicetin 是独立抗生素名称，不是 amoxicillin；中文规范译名需查药典或药品命名来源后再定，不能据近形词定为阿米西林。
remaining_80pct,2484430,ユーディオメーター,ユーディオメーター,f141e763t0,gloss,eudiometer,,气体分析器,eudiometer 是用于气体体积分析的专用玻璃仪器；需核定中文规范器具名，现“气体分析器”可能过于宽泛。
remaining_80pct,2488430,ラスボード,ラスボード,f141e1316t0,gloss,lath board,,瓦楞板,lath board 属建筑抹灰基层板/板条类材料，需核对具体产品和规范中文名；“瓦楞板”疑为误译。
remaining_80pct,2678020,カムワルツ,カムワルツ,f159e1027t0,gloss,neck pinion,,颈销,neck pinion 是德语 Kammwalze 对应的机械专门名词，需在相关齿轮/机构语境中核定具体中文部件名；“颈销”可能是字面误译。
remaining_80pct,2701440,事件屋,じけんや,f161e1516t0,gloss,fixer,,调解人,fixer 在此日语词条可能指以非正式手段摆平事务的中间人，不一定是中性的纠纷调解人；需核对该词条使用语境后定译。
remaining_80pct,2826415,知覚麻痺,ちかくまひ,f174e839t0,gloss,stupor,,感觉迟钝,知觉麻痹对应英文 stupor，但“感觉迟钝”与“昏沉/木僵”侧重点不同；需结合医学语境确认具体程度。
remaining_80pct,2865189,解凝剤,かいぎょうざい,f211e907t0,gloss,resolvent,,解凝剂,rare resolvent 的化学语义可能是溶剂或解凝剂；需核对日文术语所指，避免仅凭英文推断具体作用。
remaining_80pct,2865189,解凝剤,かいぎょうざい,f211e907t1,gloss,dissolvent,,解凝剂,dissolvent 在该罕见化学词条中的具体用途需核实，确认后再决定是否译作溶剂/溶解剂。
remaining_80pct,2866683,トータリゼータ,トータリゼータ,f212e1601t0,gloss,totalizator,,总合器,totalizator 在博彩语境可指汇总投注及计算赔率/派彩的总括投注系统或显示装置；需核实该词条指整套系统还是显示设备，原译“总合器”不充分。
remaining_80pct,2866683,トータリゼータ,トータリゼータ,f212e1601t1,gloss,totalisator,,总合器,totalisator 为同一英式拼写异体，需与 totalizator 的实际设备/系统含义一并核实。
remaining_80pct,1457740,内圧,ないあつ,f42e1143t1,example,"Therefore, they cannot catalyze deregulation without ""external pressure"".",今後は、新事業創造による経済の活性化という観点から、国民のコンセンサスに基づいた早急な内圧型規制緩和が推進されなければなるまい。,今后，从通过新事业创造来激活经济的观点来看，必须推进基于国民共识的紧急内压型规制缓和。,日文谈基于国民共识推进紧急的“内压型规制缓和”，英文却称没有外部压力便无法推动放松管制，二者立场和命题相反；需核对该例句的可靠源文/修订记录。
remaining_80pct,1540620,幽霊株,ゆうれいかぶ,f50e429t0,gloss,watered stock,,幽灵股,watered stock 是财务术语，通常涉及虚增股本/资产价值；“幽灵股”可能误导，需核实适用的中文财务术语及该日语词条义项后再定。
remaining_80pct,1576080,ひとり子,ひとりご,f53e1779t1,example,"But God the only begotten Son, who is at the Father's side, has made him known.",父の懐におられる一人子の神が、神を解き明かされたのである。,在父亲怀抱中的独生子神，已被祂所阐明。,例句似乎对应《约翰福音》1:18，日文与英文结构略有差别，现译“独生子神”语法含混；需核对可靠中文圣经译文及日文原句所指，再确定是否补出“将神显明”。
remaining_80pct,1654980,方丈,ほうじょう,f63e1959t0,gloss,square jō (approx. 10 sq feet),,方丈（约10平方英尺）,英文将 square jō 标为约10平方英尺，中文照译；但丈的平方换算看起来应接近100平方英尺，存在约十倍差异。需核对该词所指单位/英文原条目是否漏零后再修。
remaining_80pct,1948540,料金表,りょうきんひょう,f90e1665t3,example,"I want to rent a car, please show me a price list.",車(くるま)を買(か)いたいのですが、料(りょう)金(きん)表(ひょう)を見(み)せて下(くだ)さい。,我想租一辆车，请给我看一下价目表。,英文例句说想租车（rent），日文却说想买车（買いたい）；需核对例句原始来源，确定哪一侧有误后再修中文。
remaining_80pct,2022980,借株,かりかぶ,f97e1671t0,gloss,rented coaching stock,,租借教练股,相扑义 rented coaching stock 可能指借用的亲方/教练名额或相关组织安排；现译“租借教练股”明显可疑，需要查相扑制度资料确认具体对象。
remaining_80pct,2147110,営業免許税,えいぎょうめんきょぜい,f110e393t0,gloss,occupational tax,,营业许可税,営業免許税是日本特定税制/历史制度词，英文 occupational tax 和“营业许可税”指向需结合该税种适用对象及时代核对；需查日本税制权威资料确认对应中文名称。
remaining_80pct,2154620,タペット,タペット,f110e1958t0,gloss,tappet,,tappet,tappet 是发动机/机械部件术语，可能对应挺柱、气门挺杆或凸轮从动件；需结合具体装置确定中文术语，暂不照抄英文。
remaining_80pct,2156080,アクリリックレジンセメント,アクリリックレジンセメント,f111e201t0,gloss,acrylic resin cement,,丙烯酸树脂水泥,acrylic resin cement 可能是牙科用丙烯酸树脂黏固剂，英文 cement 不宜直译成建筑材料“水泥”；需查该材料的专业中文名称。
remaining_80pct,2266180,天津鞴韜,てんしんふくとう,f122e1448t0,gloss,bellows (of the) imperial harbor,,天津的炉鞦,天津鞴韜的“鞴韜”是古语且释义标作 bellows (of the imperial harbor)，无法确认专名结构及“天津”的指向；需核对原典/权威历史词典后再定具体中文。
remaining_80pct,2468510,ファインポリマー,ファインポリマー,f140e299t0,gloss,fine polymer,,精细聚合物,fine polymer 在材料/化工领域可能指精细聚合物或高性能聚合物，需查该日文词条的行业用法后确定更合适的中文术语。
remaining_80pct,2500410,ベーパーロック,ベーパーロック,f142e989t0,gloss,vapor lock,,气锁,vapor lock 在内燃机语境常译汽塞/气阻，若用于其他流体系统又可称气锁；需核对该词条所指的具体系统后定译。
remaining_80pct,2539080,アーケステティズム,アーケステティズム,f146e407t0,gloss,archaesthetism (evolutionary theory by Edward Drinker Cope),,古生物美学,archaesthetism 是爱德华·德林克·科普关于意识/感知在演化中作用的历史理论术语；“古生物美学”似为错误词面翻译，但可靠中文学术译名尚不明确，需核对原始论文与中译文。
remaining_80pct,2585270,巻纓,けんえい,f150e647t0,gloss,rolled tail (of a traditional Japanese hat),,卷带,巻纓是日本传统冠帽的特定构件；英文释为帽后卷起的纓尾，但“卷带”可能指普通带子，需查服饰史权威图示/术语确定。
remaining_80pct,2640590,白ロム,しろロム,f155e1599t1,gloss,unprogrammed cellphone,,未编程手机,白ロム既可指未写入用户信息/未绑定线路的空白手机，也可泛指无合约手机；“未编程手机”是否覆盖此特定日本手机术语需核对行业词典。
remaining_80pct,2744280,内釜,うちがま,f165e1729t3,gloss,indoor bathwater heater,,室内浴水加热器,内釜的第二义是澡盆/浴槽用的内置加热器，但英文“indoor bathwater heater”表述不常见，且与外釜词条互见关系复杂；需核对具体历史浴室设备后确定自然中文术语。
remaining_80pct,2758450,タダマン,タダマン,f167e412t0,gloss,free pussy,,免费色情,タダマン为粗俗俚语，英语释义 free pussy 可能指免费性服务或免费与女性发生性关系；“免费色情”失准，但中文对应的语域和具体含义需核实。
remaining_80pct,2784200,マルチバンドバタフライフィッシュ,マルチバンドバタフライフィッシュ,f169e1391t0,gloss,pebbled butterflyfish (Chaetodon multicinctus),,多带蝴蝶鱼（Chaetodon multicinctus）,Chaetodon multicinctus 的英文俗名 pebbled butterflyfish 与条目名 multiband butterflyfish 可能指同一鱼种；目前中文“多带蝴蝶鱼”与互见中的“斑点蝴蝶鱼”冲突，需查可靠鱼类名录确认规范中文名。
remaining_80pct,2828485,曙繻子蘭,あけぼのしゅすらん,f176e786t0,gloss,leafy goodyera (Goodyera foliosa),,叶状Goodyera（Goodyera foliosa）,Goodyera foliosa 的中文植物名存在不同译名，当前“叶状Goodyera”只是英文名称加属名，需查中文植物志确认稳定的规范名。
remaining_80pct,2846074,ブルーミング,ブルーミング,f193e421t0,gloss,blooming,,絮凝,化学领域 blooming 可指表面起霜/析出等现象，是否等同于絮凝取决于具体材料语境；需核查原词典专业用法。
remaining_80pct,2854221,ザブトン,ザブトン,f200e1985t0,gloss,zabuton (cut of beef),,牛腹肉,牛肉部位名 zabuton 在不同市场的切割标准并不完全一致，通常指牛肩胛附近的特定部位；“牛腹肉”不稳妥，需依据本地肉品部位表核对。
remaining_80pct,2857360,ニペコ酸,ニペコさん,f203e1710t0,gloss,nipecotic acid,,尼泊汀酸,nipecotic acid 的中文化学名有不同音译/系统命名形式，当前“尼泊汀酸”需结合CAS或药典名核实。
remaining_80pct,1026720,ウォッチング,ウォッチング,f3e1018t0,gloss,watching,,监视,watching 在该词条可能是观赏、观察等活动，‘监视’语义偏窄；需结合该日语词典条目的具体释义和惯用语境确认。
remaining_80pct,1016850,アトミック,アトミック,f2e1425t0,gloss,atomic,,原子,英文 atomic 是形容词，当前‘原子’是名词；需确认该日语词条是否专指原子能（如原子能烹饪）或其他名词用法。
remaining_80pct,1155490,位取り,くらいどり,f13e547t0,gloss,grade,,位,位取り涵盖数位/位值/位数等数学用法，所列英文 gloss 很分散，需查原词条具体分义与上下文后再统一确定译法。
remaining_80pct,1237420,橋脚,きょうきゃく,f21e585t1,gloss,pontoon bridge,,浮桥,pontoon bridge 与日文 橋脚（桥墩）不对应，可能是英文释义源数据错配；需核对该词条原始英语数据后确定是否删除该义项。
remaining_80pct,1334190,住宅地帯,じゅうたくちたい,f30e1113t0,gloss,housing belt development,,住宅带开发,英文 housing belt development 与日文 住宅地帯 的关系不清，中文‘住宅带开发’也不自然；需核实该词条英文释义是否指住宅区开发。
remaining_80pct,1435330,呈色,ていしょく,f40e741t2,gloss,color,,颜色,color/colour 在呈色条目中的英语范围不够精确；改为‘颜色显现’仍需结合专业领域原始释义确认是否应统一作‘呈色’。
remaining_80pct,1435330,呈色,ていしょく,f40e741t3,gloss,colour,,颜色,color/colour 在呈色条目中的英语范围不够精确；改为‘颜色显现’仍需结合专业领域原始释义确认是否应统一作‘呈色’。
remaining_80pct,1664960,新選,しんせん,f65e103t4,gloss,newly returned,,新归,newly returned 在该过时用法中可能指新当选/连任，需核实日语原义究竟是新选出还是任期后再度当选。
remaining_80pct,1721990,札付き,ふだつき,f70e1332t3,gloss,double-dyed,,老油条,double-dyed 用于形容恶名昭彰者时可指积恶成性的/惯犯，但需结合该过时词条所用语境确认具体中文措辞。
remaining_80pct,1721990,札付き,ふだつき,f70e1332t4,gloss,hardened,,老手,hardened 可能指惯于作恶、积习难改；需查原词条搭配确认其作为‘札付き’释义时的恰当表达。
remaining_80pct,1815660,臨床講義,りんしょうこうぎ,f79e1670t1,gloss,clinic,,诊所,clinic 在临床讲义语境可指临床示教/临床教学活动，单译‘诊所’可能误指医疗机构；需确认原条目英文是否指此义。
remaining_80pct,1830960,警砲,けいほう,f81e659t0,gloss,warning gun,,警报枪,warning gun 可能指发出警报的信号炮或信号枪，中文‘警报枪’不够明确；需查核原词所指器械。
remaining_80pct,1833460,陳述書,ちんじゅつしょ,f81e1247t3,gloss,petition,,请愿书,petition 与‘陈述书’的关系不清，可能是申请/请愿书，也可能是源义误配；需核对原始英文释义及法律语境。
remaining_80pct,1943070,偵察要員,ていさつよういん,f90e729t0,gloss,player put on starting list to be replaced by another when the opponent's pitcher is known,,指定先发投手,该棒球术语指先发后供球队观察对方投手、随后可能被替换的球员；需核实中文惯用译名，现译‘指定先发投手’对象类别明显不明。
remaining_80pct,1961030,アミロ法,アミロほう,f91e1721t0,gloss,amylo process,,阿米洛法,amylo process 是专门工艺名，‘阿米洛法’仅音译，需查清该工艺的行业中文名称后再译。
remaining_80pct,2083980,検索候補,けんさくこうほ,f103e1631t0,gloss,search results,,搜索候选,英语 search results 与日文 検索候補（搜索候选项/建议）不完全对应；需核对条目原始数据究竟指自动补全候选还是结果列表。
remaining_80pct,2084710,カマシア,カマシア,f103e1743t0,gloss,camassia,,卡姆西娅,Camassia 的标准中文植物名不确定，当前仅作音译；需核实具体物种的中文名后再定。
remaining_80pct,2337390,リフレクションマッピング,リフレクションマッピング,f127e1873t0,gloss,refraction mapping,,折射映射,日文头词是 reflection mapping（反射映射），英文释义却写 refraction mapping（折射映射），二者是不同图形技术；需核对原条目英文源数据后决定中文。
remaining_80pct,2342620,演算方式,えんざんほうしき,f128e669t0,gloss,arithmetic equation,,算术方程,日文 演算方式 指运算方式/运算方法，英文 arithmetic equation 却指算术方程，语义冲突；需核实原始英文释义。
remaining_80pct,2365190,照合機,しょうごうき,f130e674t0,gloss,collator,,校对器,computing 语境下 collator 可能指排序/合并器或打印配页器；‘校对器’可能误解为文字校对，需核实具体设备或功能。
remaining_80pct,2444700,傷音,きずおん,f137e1916t0,gloss,flaw noise (in bearings),,缺陷噪声,flaw noise (in bearings) 的专门译法可能是轴承缺陷噪声、轴承异响等，需核对其测试/维护语境后确定。
remaining_80pct,2463990,バイマンスリー,バイマンスリー,f139e1546t0,gloss,bimonthly,,双月一次的,bimonthly 英文本身可指每月两次或每两个月一次；需核实此日语外来词的具体频率后决定中文。
remaining_80pct,2486570,ガムボ,ガムボ,f141e1070t0,gloss,gumbo,,秋葵,gumbo 可指秋葵，也可指含秋葵的美国南方炖菜；需确认日语词条此处指食材还是菜肴，单译‘秋葵’范围可能不够。
remaining_80pct,2497220,スピードプレー,スピードプレー,f142e553t0,gloss,speed play,,速度播放,speed play 可指不同运动中的快节奏打法，也可能指播放速度；需核实日语词条语境后再定中文。
remaining_80pct,2543370,テンツキチョウチョウウオ,テンツキチョウチョウウオ,f146e1097t0,gloss,sixspine butterflyfish (Parachaetodon ocellatus),,六棘蝴蝶鱼（Parachaetodon ocellatus）,Parachaetodon ocellatus 对应眼斑蝴蝶鱼，但英文别名列表同时含 sixspine butterflyfish；需核对原词条该英文名与学名是否错配后再统一。
remaining_80pct,2549180,ホワイトストライプトピグミーゴビー,ホワイトストライプトピグミーゴビー,f146e1971t1,gloss,green pygmy-goby,,绿侏儒虾虎鱼,日文词头指白纹侏儒虾虎鱼，物种 Eviota guttata 的英文常名又作 spotted pygmy goby，而该字段写 green pygmy-goby；需核对英文源数据的物种对应。
remaining_80pct,2635480,オニダルマオコゼ,オニダルマオコゼ,f155e542t2,gloss,devilfish,,魔鬼鱼,devilfish 可指多种海洋动物（包括蝠鲼、章鱼或石头鱼等），在该词条是否指石头鱼需核实具体英语词典语境。
remaining_80pct,2779200,出し値,だしね,f169e393t0,gloss,shipping price,,出厂价,出し値常指开价/报价，但显示英文 gloss 为 shipping price；需核对来源义项究竟是报价还是运费，现有‘出厂价’无法由两者稳妥推出。
remaining_80pct,2828008,川穴子,かわあなご,f175e1795t0,gloss,spinycheek sleeper (Eleotris oxycephala),,尖颊 sleeper（Eleotris oxycephala）,Eleotris oxycephala/spinycheek sleeper 的中文俗名需要可靠鱼类名录核实；现译残留英文属名描述，不足以确认准确中文种名。
remaining_80pct,2828008,川穴子,かわあなご,f175e1795t1,gloss,spined sleeper,,棘 sleeper,spined sleeper 可能为上述物种的英文俗名，需核实中文名与物种对应关系后再改。
remaining_80pct,2832010,軽車,けいしゃ,f179e1765t0,gloss,quick and lightweight car,,轻便快车,‘軽車’的词源和英译 quick and lightweight car 不足以确认具体车型/车种；‘轻便快车’可能误导，需核查日文历史或专门语境。
remaining_80pct,2834119,群盲象を撫ず,ぐんもうぞうをなず,f181e1788t0,gloss,the mediocre have no right to criticize the great,,平庸者无权批评伟大者,日文词头字面对应‘群盲摸象’，英译却解释为平庸者无权批评伟大者；需核实这一谚语的实际语义后再定译文。
remaining_80pct,2837362,座下,ざか,f185e161t2,gloss,Dear (Mr./Mrs.),,（致）某某先生/女士,此处座下为书信中的脇付敬称；中文具体对应称谓受收件人身份和书信礼制影响，需专门核对，现译以解释性占位表达。
remaining_80pct,2856819,雪かき車,ゆきかきしゃ,f203e662t2,gloss,snow blower,,扫雪车,snow blower 与雪plow/snowplow 是不同除雪设备；日本词头雪かき車及英文释义之间的适用范围不明，需确认源条目是否把除雪机泛称为雪かき車。
remaining_80pct,2865569,ナガレタゴガエル,ナガレタゴガエル,f211e1530t0,gloss,stream brown frog (Rana sakuraii),,溪流褐蛙（Rana sakuraii）,Rana sakuraii 的中文标准物种名需查权威两栖类名录；当前‘溪流褐蛙’可能是从英文直译，暂不贸然替换。
remaining_80pct,1014880,アウトライト取引,アウトライトとりひき,f2e1127t0,gloss,outright transaction,,全数交易,金融语境中的 outright transaction 具体对应何种交易方式需核对专业术语后再改。
remaining_80pct,1029610,エピステーメー,エピステーメー,f3e1467t0,gloss,episteme,,认识论,episteme 是知识论中的专门概念；需核对本词条预期的哲学术语译名。
remaining_80pct,1073340,スポーツプログラマー,スポーツプログラマー,f7e20t0,gloss,sports programmer,,运动员,sports programmer 是日本特定职业/资格名称，需核对其制度语境后确定中文译名。
remaining_80pct,1073340,スポーツ・プログラマー,スポーツ・プログラマー,f7e21t0,gloss,sports programmer,,运动员视力差是一种不利条件。,当前译文与英文词头释义无关且疑似损坏；需核对词条原始字段及 sports programmer 的专门译名。
remaining_80pct,1086570,トリコマイシン,トリコマイシン,f7e1869t0,gloss,trichomycin,,曲霉素,trichomycin 的中文药物/抗生素名称需查证，现有译名可能混淆其他霉素。
remaining_80pct,1351330,笑い茸,わらいたけ,f32e248t0,gloss,Panaeolus papilionaceus (species of poisonous mushroom),,Panaeolus papilionaceus（一种有毒蘑菇）,Panaeolus papilionaceus 的中文菌名和“有毒”属性需查证物种资料后再定译。
remaining_80pct,1446690,唐草,からくさ,f41e888t2,gloss,toothed medick (Medicago polymorpha),,齿草（Medicago polymorpha）,Medicago polymorpha 的规范中文植物名需查证后确认，暂不采用较生硬的“齿草”。
remaining_80pct,1467100,韮葱,にらねぎ,f43e979t0,gloss,broadleaf wild leek (Allium ampeloprasum),,宽叶野葱（Allium ampeloprasum）,Allium ampeloprasum 的规范中文名及 broadleaf wild leek 对应种群需查证植物分类资料。
remaining_80pct,1566480,巫女寄せ,みこよせ,f52e1678t1,gloss,necromancy,,巫术,necromancy 专指通灵或招魂，与泛称巫术有差别；需核实此日语词条的具体用法后选定中文术语。
remaining_80pct,1642600,涙雨,なみだあめ,f62e1609t2,gloss,condoling rain,,吊唁雨,condoling rain 是较少见的拟人表达，需核对日语词条/例证后选择自然中文对应。
remaining_80pct,1773530,灰貝,はいがい,f75e1359t1,gloss,cockle,,蛤蜊,cockle 的具体物种可能对应泥蚶/毛蚶等，需核实本条所指种类后再细化中文名。
remaining_80pct,1782340,絵絹,えぎぬ,f76e1233t0,gloss,sized silk canvas (used for traditional Japanese painting),,（用于日本传统绘画的）底漆绢画布,sized silk canvas 是经过施胶处理的传统绘画绢本；需核实合适的艺术材料中文术语后修订。
remaining_80pct,1803080,化粧紙,けしょうがみ,f78e1432t0,gloss,cleaning tissue,,清洁纸巾,化粧紙所指的清洁/吸油用纸品在中文有具体商品名称，需核对词条语境后确定。
remaining_80pct,1821380,桂馬,けいま,f80e668t1,gloss,keima,,马步,围棋中的 keima 有具体棋步中文术语，需核实其与“小飞/桂马跳”等对应后再定译。
remaining_80pct,1821380,ケイマ,ケイマ,f80e669t1,gloss,keima,,马,围棋中的 keima 有具体棋步中文术语，需核实其与“小飞/桂马跳”等对应后再定译。
remaining_80pct,1845920,僧都,そうず,f82e1772t0,gloss,Buddhist priest,,佛教僧侣,僧都可能是具体佛教僧官称谓，需核实其历史制度对应后再确定中文名。
remaining_80pct,1859820,胃カタル,いカタル,f84e506t0,gloss,gastric catarrh,,胃卡他,gastric catarrh 是旧式医学术语，需核实本条对应的现代中文病名后再改。
remaining_80pct,1927600,ムーンフェース,ムーンフェース,f88e1648t2,gloss,moon display on a watch indicating am or pm (usually analogue),,手表上指示上午或下午的月相显示（通常为指针式）,手表月相显示通常指示月相而非上午/下午；需核实原词是否为另一种显示功能或英语释义有误。
remaining_80pct,2052710,風俗犯罪,ふうぞくはんざい,f100e1519t0,gloss,offense against public morals,,风俗犯罪,offense against public morals 在日本法律语境可能有特定罪名译法，需核对法制术语后再定。
remaining_80pct,2059480,中抜き,なかぬき,f101e782t4,gloss,skinning the cat (gymnastics),,吊环（体操动作）,skinning the cat 是具体体操动作，不是吊环器械；需核实该动作在中文体操术语中的名称。
remaining_80pct,2061220,赤魚鯛,あこうだい,f101e1158t2,gloss,red scorpionfish,,红蝎鱼,red scorpionfish 的具体鱼种和规范中文名需查证，避免与广义红岩鱼混淆。
remaining_80pct,2066150,榛,はしばみ,f102e103t0,gloss,Asian hazel (Corylus heterophylla var. thunbergii),,日本榛（Corylus heterophylla var. thunbergii）,Corylus heterophylla var. thunbergii 的规范中文植物名需查证后确认“日本榛”。
remaining_80pct,2108230,一つ目滑車,ひとつめかっしゃ,f106e383t0,gloss,bull's-eye,,牛眼,bull's-eye 在一つ目滑車中是特定滑车/滑轮器件，不确定中文“牛眼”是否为规范机械名，需查机械术语。
remaining_80pct,2139090,逆とったり,さかとったり,f109e714t0,gloss,arm bar throw counter,,臂锁摔反式,逆とったり是相扑专门技术名，需核实该反制技法的中文标准名称后再改。
remaining_80pct,2142850,升酒,ますざけ,f109e1513t1,gloss,alcohol (esp. sake) sold in a small wooden box,,用小木盒销售的酒（尤其是清酒）,英文称酒在小木盒中出售，而同条t0及日语表述指盛装/供应；需核实是否源文释义用词不一致。
remaining_80pct,2154640,薊芥子,あざみげし,f110e1960t0,gloss,Mexican prickly poppy (Argemone mexicana),,墨西哥蓟罂粟,Argemone mexicana 的常见中文植物名需查证，暂不擅改“墨西哥蓟罂粟”。
remaining_80pct,2204870,ローマ教皇庁,ローマきょうこうちょう,f116e160t2,gloss,Vatican,,梵蒂冈,Roman Curia 与 Vatican 是不同机构/实体；当前释义将 Vatican 当同义词，需确认源词条释义是否有误后处理。
remaining_80pct,2295520,ケーブルサービスプロバイダ,ケーブルサービスプロバイダ,f124e1989t0,gloss,global service provider,,有线电视服务提供商,英文释义写 global service provider，但日语词头和中文释义均指 cable service provider；需核对源词条是否发生释义错配。
remaining_80pct,2354910,交渉ページ,こうしょうページ,f129e862t0,gloss,nominal page,,名义页,nominal page 是特定排版/计算机术语，需核实概念后确定是标称页面还是名义页面。
remaining_80pct,2368140,制御切れレベル,せいぎょぎれレベル,f130e1210t0,gloss,control break level,,控制断点级别,control break level 是报表处理术语，需核实其在该数据/报表系统中的专门含义后译。
remaining_80pct,2375900,通常表示,つうじょうひょうじ,f131e777t0,gloss,lowlight,,低光,lowlight 在该 computing 条目中的术语义不清，需核对它指低光模式还是其他显示状态。
remaining_80pct,2383960,表記法の展開性,ひょうきほうのてんかいせい,f132e135t0,gloss,hospitality of notation,,记法展开性,hospitality of notation 是编程语言/语法术语，需核对其定义后确定“展开性”等译法。
remaining_80pct,2405890,節先生,たかしせんせい,f134e245t0,gloss,successive teacher,,下一位老师,節先生的读音与“successive teacher”释义不明，需核实是否特定人名、称谓或源释义错配。
remaining_80pct,2408320,精神発達,せいしんはったつ,f134e746t0,gloss,psychogenesis,,精神发生,psychogenesis 在心理学/精神医学中有特定术语译法，需核实“精神发生”的学科用语。
remaining_80pct,2446160,烏口骨,うこうこつ,f138e270t0,gloss,coracoid,,乌口骨,coracoid 可能指喙突或鸟类喙骨，需结合词头所指解剖结构确认中文名称。
remaining_80pct,2459950,巾着草,きんちゃくそう,f139e867t0,gloss,pocketbook plant (any plant of genus Calceolaria),,口袋草（口袋草属植物）,Calceolaria 的中文植物通名可能是蒲包花，需查证属名及相关植物中文名后再改“口袋草”。
remaining_80pct,2499130,スリークォーターバックス,スリークォーターバックス,f142e800t0,gloss,three-quarter backs (in rugby),,橄榄球三季后卫,rugby three-quarter back 的中文位置术语需结合具体代码/地区核实，原译“三季后卫”明显不可靠。
remaining_80pct,2513650,詰め開き,つめひらき,f143e1319t4,gloss,sailing on a close reach,,近风航行,close reach 是具体帆船迎风侧航向术语，需查证中文航海术语后再决定译法。
remaining_80pct,2548430,キスジアカボウ,キスジアカボウ,f146e1893t0,gloss,Polylepion russelli (species of wrasse),,（一种隆头鱼科鱼类）,Polylepion russelli 的中文鱼名需查证，现有释义仅保留科属说明，未给物种通名。
remaining_80pct,2552720,ナガサキトラザメ属,ナガサキトラザメぞく,f147e562t0,gloss,Halaelurus (genus of catsharks),,Halaelurus（猫鲨属）,Halaelurus 属的规范中文名需核实，当前“猫鲨属”可能过于宽泛。
remaining_80pct,2554550,トガリアンコウザメ,トガリアンコウザメ,f147e879t0,gloss,spadenose shark (Scoliodon laticaudus),,spadenose shark（Scoliodon laticaudus）,Scoliodon laticaudus 的规范中文鱼名需查证，不能保留英文名。
remaining_80pct,2574020,安南都護府,アンナンとごふ,f149e416t0,gloss,Protectorate General of Annam (Han-period Chinese office established in Hanoi in 622 CE),,安南都护府（汉时期中国官职，公元622年设于河内）,英文将公元622年设立的安南都护府标为汉代，与年代不符；需核实历史事实及源释义后再修译。
remaining_80pct,2593430,技術協会,ぎじゅつきょうかい,f151e272t1,gloss,technology institute,,技术研究所,technology institute 可指技术机构或研究院，需核实此处是否专指研究机构，避免与同条协会义混淆。
remaining_80pct,2636540,ツチフキ,ツチフキ,f155e765t0,gloss,Chinese false gudgeon (Abbottina rivularis),,中国拟鲤（Abbottina rivularis）,Abbottina rivularis 的规范中文鱼名需核对；同词异写条目的“中国拟鲤”与“中国土吹鱼”译名不一致。
remaining_80pct,2635510,ハマダイ,ハマダイ,f155e549t0,gloss,queen snapper (Etelis coruscans),,女王斑（Etelis coruscans）,Etelis coruscans 的规范中文名及 queen/ruby/flame snapper 对应译名需查证，当前词名较宽泛。
remaining_80pct,2635510,ハマダイ,ハマダイ,f155e549t1,gloss,ruby snapper,,红宝石斑,ruby snapper 可能对应特定笛鲷属鱼，需查证规范中文鱼名，暂不臆改。
remaining_80pct,2635510,ハマダイ,ハマダイ,f155e549t2,gloss,flame snapper,,火焰斑,flame snapper 的规范中文鱼名需查证，暂不臆改“火焰鱼”。
remaining_80pct,2649160,常座,じょうざ,f156e1347t0,gloss,upstage right (on a noh stage),,名号座（能乐舞台上的右上位置）,常座是能乐舞台上的特定位置，需核实中文能乐术语后再确定译名。
remaining_80pct,2707450,ロシアデスマン属,ロシアデスマンぞく,f162e669t0,gloss,Desmana (genus containing the Russian desman),,俄罗斯鼹属（Desmana，含俄罗斯鼹）,Desmana 属的规范中文分类名需查证，当前“俄罗斯鼹属”可能不是通行译名。
remaining_80pct,2826909,営力,えいりょく,f174e1833t0,gloss,geomorphic agent,,地貌作用,geomorphic agent 的地貌学惯用译法需核对术语词典，当前“地貌作用”可能偏向过程而非营力。
remaining_80pct,2826909,営力,えいりょく,f174e1833t1,gloss,agency of geophysical change,,地质变化因素,agency of geophysical change 可能应译地貌营力/地球物理变化因素，现译需术语核验。
remaining_80pct,2828317,犬蕨,いぬわらび,f176e444t0,gloss,Japanese painted fern (Athyrium niponicum),,日本银粉蕨（Athyrium niponicum）,Athyrium niponicum 的中文植物名存在译名差异，建议核对植物志标准名。
remaining_80pct,2830460,浜藜,はまあかざ,f178e749t0,gloss,patent saltbush (Atriplex subcordata),,专利盐蓬（Atriplex subcordata）,Atriplex subcordata 的中文标准植物名需权威植物志核验；直译“专利盐蓬”可能不可靠。
remaining_80pct,2834123,羽子板ボルト,はごいたボルト,f181e1791t0,gloss,strap bolt,,带螺栓,strap bolt 是结构五金专名，中文译名需结合具体构件图或术语资料确认；当前‘带螺栓’含义含混。
remaining_80pct,2834531,爆管,ばっかん,f182e564t0,gloss,igniter (cartridge),,点火器（药筒）,igniter cartridge 在弹药语境可能指点火药筒/点火具，建议核验军械术语，当前译法略泛。
remaining_80pct,2835966,薬種商,やくしゅしょう,f183e1330t0,gloss,apothecary,,药剂师,"historical Japanese 薬種商 may denote a licensed medicine seller rather than a modern pharmacist; consider translating as 药商/药材商, but historical scope needs verification."
remaining_80pct,2838665,聖人,しょうにん,f186e715t0,gloss,person on the path to enlightenment,,修行者,Buddhist 聖人 can be a technical rank/status and gloss ‘person on the path to enlightenment’ needs doctrinal verification before selecting Chinese equivalent.
remaining_80pct,2841300,例句,れいく,f188e1731t0,gloss,haiku given as an example,,例句,例句是日语俳句的术语含义，英文 haiku given as an example 与中文‘例句’似乎脱节；需确认该读音词条专义。
remaining_80pct,2842128,運転間隔,うんてんかんかく,f189e1245t1,gloss,terminal dwell time,,停站时间,terminal dwell time 与发车间隔是不同铁路运营指标，当前两义需确认日文词义是否另指终点站停留时间。
remaining_80pct,2845941,ストランド,ストランド,f193e193t0,gloss,"strand (thread, rope)",,股线（线、绳）,strand 在 rope/thread 语境可指股、股线或绳股，现译‘股线’可能过窄；需按词条多义核验。
remaining_80pct,2849007,知障,ちしょう,f195e1872t2,xref,intellectual disability; mental disability; intellectual impairment,,智力障碍；精神残疾；智力缺陷,该旧缩写条目对应 intellectual disability 等历史性用语，英文同义标签与中文术语映射需审校术语政策。
remaining_80pct,2849007,知障,ちしょう,f195e1872t1,gloss,mental disability,,精神障碍,mental disability 是宽泛术语，不完全等同于智力障碍；原译精神障碍也可能引发精神疾病歧义，需按词典术语政策选择，不宜直接合并义项。
remaining_80pct,2854150,両端入れ,りょうはいれ,f200e1847t0,gloss,interest inclusive at both the deposit and payment days,,存款日和支付日均计息,Japanese financial term 両端入れ indicates counting interest on both endpoints; Chinese standard accounting terminology may be‘算头算尾/头尾均计息’，needs context-specific verification.
remaining_80pct,2856088,一点読み,いってんよみ,f202e1358t0,gloss,prediction of another player's winning tile or yaku,,一点读,日麻术语「一点読み」需要麻将专业资料确认准确对应的判断方法；当前未能可靠确认译法。
remaining_80pct,2857367,ニペコチン酸,ニペコチンさん,f203e1719t0,gloss,nipecotic acid,,尼泊汀酸,nipecotic acid 的标准中文化学名需核对；‘尼泊汀酸’可能存在译名误植，建议查权威化学数据库。
remaining_80pct,2861346,完全養殖,かんぜんようしょく,f207e1550t0,gloss,recirculating aquaculture,,循环式水产养殖,完全养殖概念强调全生命周期人工繁殖，recirculating aquaculture 是循环水养殖，二者可能并不等同；英文释义可能需核实。
remaining_80pct,2866066,シトロネル酸,シトロネルさん,f212e489t1,gloss,rhodinic acid,,玫瑰酸,rhodinic acid 译为‘玫瑰酸’是否标准需化学数据库核对；关联的 rosin acid 则应为松香酸。
remaining_80pct,2866409,小穂,しょうすい,f212e1159t1,gloss,spicule,,小穗,spicule 在植物学中可能译小穗/小穗轴等，需核对该多义词条下是否与 spikelet 同义。
remaining_80pct,2867480,リオゲル,リオゲル,f213e1183t0,gloss,lyogel,,里奥凝胶,lyogel 的中文药剂/剂型术语需确认；音译‘里奥凝胶’可能只是音译而非通用术语。
remaining_80pct,2867307,タケニグサ,タケニグサ,f213e808t1,gloss,tree celandine,,树泽兰,Macleaya cordata 的别名 tree celandine 中文译名需植物学资料确认。
remaining_80pct,1575000,鰰,はたはた,f53e1480t0,gloss,sailfin sandfish (Arctoscopus japonicus),,日本沙鱼（Arctoscopus japonicus）,请核实 Arctoscopus japonicus（ハタハタ）的规范中文鱼名；当前“日本沙鱼”可能是直译俗名，需查权威鱼类名录。
remaining_80pct,1744880,執行吏,しっこうり,f72e1262t0,gloss,bailiff,,法警,请核对日语旧称“執行吏”的具体司法职能与 bailiff 在此处的对应；中文可能应为司法执行官/执达员而非通常指法警。
remaining_80pct,1780230,機関士,きかんし,f76e683t0,gloss,"engineer (on a train, ship, aircraft, etc.)",,机械师,请确认列车、船舶、飞机上的 engineer 对应中文职业名；“机械师”更像维修人员，可能应依具体交通工具译为司机、轮机员或飞行工程师。
remaining_80pct,1957750,スポット投信,スポットとうしん,f91e1280t0,gloss,spot investment trust,,现货投资信托,请核实日本金融语境中“spot investment trust”具体指现货型投资信托还是按单次买入的基金；当前“现货投资信托”可能是对 spot 的字面误译。
remaining_80pct,1963130,キャビネ判,キャビネばん,f92e24t0,gloss,cabinet size,,卡比纳尺寸,请核实日本旧式照片尺寸“cabinet size”的确切规格及规范中文名称；“卡比纳尺寸”只是音译，无法据此给出可靠尺寸译名。
remaining_80pct,2059520,シングルジャストロー,シングルジャストロー,f101e789t0,gloss,single-just-low (description of a small truck),,单宽低栏,请核实 single-just-low 这一日式小型货车车身规格名称；当前“单宽低栏”可能把 single/just/low 的车体配置术语译错，需汽车目录或制造商规格表。
remaining_80pct,2178200,支繞,しにょう,f113e624t0,gloss,"kanji ""branch"" radical as enclosure",,作‘枝’的偏旁,请确认“支繞/しにょう”对应的日文汉字部件名称及其中文术语；当前直译为“支”字旁可能与其包围部件形态混淆。
remaining_80pct,2178200,支繞,えだにょう,f113e625t0,gloss,"kanji ""branch"" radical as enclosure",,作‘枝’的偏旁作外框,请确认“支繞/えだにょう”对应的日文汉字部件名称及其中文术语；当前直译为“枝”字旁可能不对应中文部首名。
remaining_80pct,2192220,口細,くちぼそ,f114e1495t1,gloss,topmouth gudgeon (Pseudorasbora parva),,顶口小䱻（Pseudorasbora parva）,请核对 Pseudorasbora parva 的规范中文鱼名；“顶口小䱻”不常见，需对照权威鱼类名录确认是否应为“麦穗鱼”等名称。
remaining_80pct,2241370,山女,やまおんな,f120e172t2,gloss,akebia (Akebia quinata),,紫茎,请核实 Akebia quinata 的规范中文植物名；当前译为“紫茎”，但常用中文名可能是木通/五叶木通。
remaining_80pct,2242820,キュウセン,キュウセン,f120e515t0,gloss,multicolorfin rainbowfish (Parajulis poecilepterus),,彩虹鱼（多色鳍彩虹鱼）,请核对 Parajulis poecilepterus 的规范中文鱼名；当前“彩虹鱼/多色鳍彩虹鱼”像直译，需查可靠鱼类数据库。
remaining_80pct,2250640,ヨーマンリー,ヨーマンリー,f121e167t0,gloss,yeomanry,,农民,请确认 yeomanry 在此是英国历史上的自耕农阶层还是义勇骑兵队；目前译作“农民”无法涵盖该专名的历史义。
remaining_80pct,2262860,走野老,はしりどころ,f122e747t0,gloss,Japanese belladonna (Scopolia japonica),,日本天麻,请核实 Scopolia japonica 的规范中文植物名；现译“日本天麻”是另一类植物，暂不臆造替代俗名。
remaining_80pct,2280970,アパチャカード,アパチャカード,f124e196t0,gloss,aperture card,,孔径卡,请核实 aperture card 在计算机/档案语境中的规范中文译名；“孔径卡”可能是字面直译，需查缩微资料术语。
remaining_80pct,2336700,リードアウト,リードアウト,f127e1773t0,gloss,Lead-Out,,Lead-Out,请核实 computing/media 语境中的 Lead-Out 指光盘结束区、磁带标记还是接口信号；目前保留英文未译。
remaining_80pct,2391140,有向ビーム表示装置,ゆうこうビームひょうじそうち,f132e1383t0,gloss,calligraphic display device,,书法显示装置,请核实 calligraphic display device 的中文计算机图形学术语；可能指矢量/笔划显示设备，现译“书法显示装置”像字面直译。
remaining_80pct,2400770,額紫陽花,がくあじさい,f133e1230t0,gloss,lacecap hydrangea (Hydrangea macrophylla f. normalis),,额紫陽花,请核实 Hydrangea macrophylla f. normalis（lacecap hydrangea）的规范中文园艺名；“额紫陽花”是日文字面形态，需确认是否称额绣球/蕾丝绣球。
remaining_80pct,2433550,アネックス,アネックス,f136e1878t0,gloss,annex,,附录,请确认 annex 在此词条指附属建筑、附录还是附属部分；当前“附录”只适用于文本附件义。
remaining_80pct,2437330,レブリン,レブリン,f137e529t0,gloss,levulin,,戊醛,请核实化学名 levulin 的规范中文物质名及其与“戊醛”的对应，暂不替换成未经核实的化合物名。
remaining_80pct,2499840,トラピーズ,トラピーズ,f142e908t0,gloss,trapeze (in sailing),,吊杆,请核实帆船运动中 trapeze 的规范中文术语；可能是船员外伸吊索/悬挂吊带，现译“吊杆”需查帆船术语表。
remaining_80pct,2500470,ベネシアン,ベネシアン,f142e998t0,gloss,venetian (cloth),,威尼斯布,请核实 venetian cloth 的规范中文纺织品名称；“威尼斯布”可能是字面翻译，需查面料词典。
remaining_80pct,2517070,顎沙魚,あごはぜ,f143e1978t0,gloss,forktongue goby (Chaenogobius annularis),,叉舌鳚（Chaenogobius annularis）,请核实 Chaenogobius annularis 的规范中文鱼名；现有“叉舌鳚”可能把虾虎鱼错归到鳚类，需查权威鱼类名录。
remaining_80pct,2539270,アーゼノクラサイト,アーゼノクラサイト,f146e426t0,gloss,arsenoclasite,,砷矿,请核实 arsenoclasite 的规范中文矿物名；“砷矿”过于宽泛，可能需要矿物名录中的特定名称。
remaining_80pct,2554560,ネムリブカ属,ネムリブカぞく,f147e880t0,gloss,Triaenodon (genus of requiem sharks whose sole member is the whitetip reef shark),,白鳍鲨属,请确认 Triaenodon 属的规范中文属名；“白鳍鲨属”可能与白鳍鲨（Carcharhinus longimanus）混淆。
remaining_80pct,2559460,アマシイラ,アマシイラ,f147e1772t0,gloss,louvar (Luvarus imperialis),,甘鲷（甘鲷）,请核实 Luvarus imperialis 的规范中文鱼名；当前译为“甘鲷”可能指不同科的鱼。
remaining_80pct,2665680,犬憑き,いぬつき,f158e636t0,gloss,cynanthropy,,犬病,犬憑き／cynanthropy 的具体义项可能指犬灵附身信仰，也可能指自认为犬的妄想或变形传说；‘犬病’含义不明，需查原始词典释义和语境后再定译名。
remaining_80pct,2705120,平板動物目,へいばんどうぶつもく,f162e240t0,gloss,Tricoplaciformes,,扁盘动物目（Tricoplaciformes）,词条写作 Tricoplaciformes，可能是分类学名称 Placozoa 的目级名拼写变体或源文拼写错误，需核实分类学来源后再确定中文名；当前译名暂保留。
remaining_80pct,2742950,ミヤコグサ属,ミヤコグサぞく,f165e1449t0,gloss,Lotus (genus of legume),,莲花属（豆科植物属）,Lotus (豆科植物属) 应是豆科鸟足草属一类名称，现译‘莲花属’可能与莲科混淆；需查权威植物志确认该属标准中文名。
remaining_80pct,2824640,参命,さんめい,f173e1506t0,gloss,imperial army order,,参命,参命为罕见历史词，英译 imperial army order 未充分说明其制度背景；需核对日文历史辞书和具体官制后再译。
remaining_80pct,2828975,ビットロビング,ビットロビング,f176e1845t0,gloss,bit robbing,,比特盗用,bit robbing／robbed-bit signalling 是特定通信系统术语，现有直译‘比特盗用’无法确认是否为规范术语；需查通信技术原始资料。
remaining_80pct,2844584,二等陸曹,にとうりくそう,f191e1790t0,gloss,sergeant first class (JGSDF),,一等陆曹,自卫队二等陆曹与英语军衔的对应取决于等值体系；需核对日本防卫省军衔表和采用的英语对照后再定中文/英语等值。
remaining_80pct,2845844,花忍,はなしのぶ,f193e35t0,gloss,Polemonium kiushianum (species of Jacob's ladder),,九轮草（一种雅各布天梯属植物）,该条将 Polemonium kiushianum 译作九轮草明显存疑；属名可核实，但该种的中文标准种名需查权威植物分类来源后再定。
remaining_80pct,2846934,桾染,ふしぞめ,f193e1949t0,gloss,brushwood color,,桾染色,桾染是罕见传统色名用字，当前‘桾染色’为字面保留，需核对色彩辞典确认具体色名及是否有通行译法。
remaining_80pct,2865018,嫌気症,けんきしょう,f211e610t0,gloss,aerophobia,,空气恐惧症,aerophobia 在医学语境可能指对空气流动/穿堂风的恐惧，也可能被用于飞行恐惧；需核对对应医学定义后确定‘空气恐惧症’是否准确。
remaining_80pct,2862751,込め物,こめもの,f209e267t3,gloss,furniture,,家具,印刷术语 furniture 指排字版中非印字的填空材料，中文可能为‘空铅’等专名；需查排印术语资料确认。
remaining_80pct,2867168,パラコン酸,パラコンさん,f213e510t0,gloss,paraconic acid,,对苯二酸,paraconic acid 的常用中文化学名需核实；‘对苯二酸’实际指对苯二甲酸（terephthalic acid），显然与源词不符。需查可靠化学命名数据库后确定译名。
remaining_80pct,2867286,チングルマ,チングルマ,f213e750t0,gloss,Sieversia pentapetala (yellow and white rose species),,五瓣花,Sieversia pentapetala 的中文种名需核对植物志；现译‘五瓣花’过于泛化，建议查可靠分类资料确定标准名。
remaining_80pct,1063250,シルバーシングル,シルバーシングル,f6e546t0,gloss,silver single,,银色单件,silver single 疑为特定领域用语，现译“银色单件”疑似直译；需结合日语实际语境或权威词典核实所指后再定。
remaining_80pct,1164220,一折り,ひとおり,f14e159t0,gloss,one box,,一箱,一折り对应英文 one box，但日语词头字面可能指“一折/一包”等计量单位；需要查词条源定义或可靠辞典确认具体物件。
remaining_80pct,1195340,荷足,にあし,f17e298t0,gloss,sale,,销售,荷足的 sale 义疑为特定商业语境中的销售额/销路等，需查日文辞典确认后才能细化中文。
remaining_80pct,1253480,劇通,げきつう,f22e1745t0,gloss,dramatic expert,,戏剧专家,劇通的 dramatic expert 可能指对戏剧很熟悉的行家；需核对日文辞典语感，以判断“戏剧通”是否比“戏剧专家”贴切。
remaining_80pct,1292030,挫傷,ざしょう,f26e961t4,gloss,fracture,,骨折,英文 gloss fracture 与日语挫傷（挫伤/瘀伤）冲突；中文骨折匹配英文但不匹配日语，需核查源条目的英文释义是否误配。
remaining_80pct,1302150,参賀帳,さんがちょう,f27e739t0,gloss,congratulatory visitor's book,,贺宫簿,参賀帳与 congratulatory visitor's book 指特定礼仪场合的访客登记册，现译“贺宫簿”不常见；需核实所指场所及规范中文名称。
remaining_80pct,1439750,天体学,てんたいがく,f40e1494t0,gloss,uranography,,天文学,uranography 专指天体/星空测绘或绘图，现译“天文学”范围较宽；需核实中文专业术语的规范译名。
remaining_80pct,1566160,嬌名,きょうめい,f52e1602t0,gloss,reputation for beauty,,美貌名声,嬌名的 reputation for beauty 可能是“美名/艳名”等历史语境用语；现译“美貌名声”生硬，需核查辞典例证后定。
remaining_80pct,1641150,回し金,まわしがね,f62e1329t0,gloss,lathe dog,,车刀,lathe dog 是车床上驱动工件的专用夹具，现译“车刀”不符；需核对规范中文机械术语后再修。
remaining_80pct,1645360,政談,せいだん,f63e141t1,gloss,discussion of a law case,,讨论法律案件,英文 discussion of a law case 与日语政談（通常指政治/政务议论）语义似有冲突，需核查源词条英文释义是否误配。
remaining_80pct,1735660,役力士,やくりきし,f71e1645t0,gloss,(member of one of) the top four ranks of sumo wrestlers,,幕内力士,役力士指相扑中拥有特定排名的力士；“幕内力士”可能范围过宽，需核对日本相扑等级术语与中文惯用名称（可能是三役力士等）。
remaining_80pct,2014190,王太妃,おうたいひ,f97e63t0,gloss,crown princess,,王太妃,王太妃译作 crown princess 与汉字词面称号似有冲突；需核实所指历史身份与合适中文称谓。
remaining_80pct,2015300,麦球,むぎきゅう,f97e274t1,gloss,wheat grain light bulb,,麦粒灯泡,麦球的 wheat grain light bulb 疑为冷僻灯泡类型术语；“麦粒灯泡”需查图或专门辞典确认所指形状/用途。
remaining_80pct,2039020,無教会,むきょうかい,f99e740t1,gloss,churchless,,无教堂的,無教会／churchless 在此可能指日本基督教的无教会派思想，而非物理上“没有教堂”；需核实词典例证后选择规范中文术语。
remaining_80pct,2101340,ライトツナフレーク,ライトツナフレーク,f105e972t0,gloss,light flaked canned tuna,,轻碎罐装金枪鱼,light flaked canned tuna 是商品/食品分类名；“light”可能特指淡色金枪鱼，而不是“轻”，需核对罐头行业中文标示。
remaining_80pct,2101340,ライトツナフレーク,ライトツナフレーク,f105e972t1,gloss,light sandwich tuna,,轻三明治金枪鱼,light sandwich tuna 疑为特定罐头产品名；需确认 light 的商品分类义及“sandwich tuna”的惯用中文。
remaining_80pct,2111510,スンナ派,スンナは,f106e1041t1,xref,Sunni (Islam); Sunnah,,逊尼派（伊斯兰教）；圣训,Sunnah 在中文伊斯兰术语中可译“圣行”或“逊奈”，而“圣训”更常对应 hadith；需核对此词条的术语规范及上下文。
remaining_80pct,2122720,サブロック,サブロック,f107e1266t0,gloss,submarine rocket,,潜射火箭,SUBROC 是特定潜射反潜武器，现译“潜射火箭”可能漏掉其导弹/反潜性质；需核对该武器的规范中文译名。
remaining_80pct,2171920,サワードウ,サワードウ,f112e1455t0,gloss,sourdough,,酸面团,sourdough 可能指酸面包或制作面包用的天然酵种；该词条另链至サワー種，需核实当前词头具体指面团、发酵种还是成品。
remaining_80pct,2176960,枝宮,えだみや,f113e411t0,gloss,subordinate shrine,,从宫,枝宮是神社体系中的下属神社，现译“从宫”不符合中文用语；需核实可用的中文神道术语（如“附属神社”或“末社”）。
remaining_80pct,2241470,触鬚,しょくしゅ,f120e194t1,gloss,barb,,触须,触鬚的不同英文 gloss barbel、barb、palp 指鱼类触须、倒刺或触肢等不同结构；需结合原词典定义核实各义的专业对应词，现译统一为“触须”可能过宽。
remaining_80pct,2304310,スピンイン,スピンイン,f125e1237t0,gloss,spin-in,,自旋进入,spin-in 是冷僻计算机术语，现译“自旋进入”像逐字直译；需结合原词典的技术定义确认它是否指旋入/旋转加载等特定操作。
remaining_80pct,2335870,ライブラリケース,ライブラリケース,f127e1649t0,gloss,library case,,库用例,library case 在计算机语境下可能指程序库测试用例或其他对象；现译“库用例”需核实该术语在源标准中的具体定义。
remaining_80pct,2366910,深層分類体系,しんそうぶんるいたいけい,f130e990t0,gloss,close classification system,,深度分类体系,close classification system 在此计算机语境含义不清，现译“深度分类体系”似把 close 与 depth 混同；需核对源术语。
remaining_80pct,2373060,代行送信,だいこうそうしん,f131e205t0,gloss,delayed delivery,,延迟投递,日语代行送信意为代为发送，而英文 delayed delivery 与之不完全相符；现译“延迟投递”遵从英文，但需查原标准以判断英语 gloss 是否误配。
remaining_80pct,2375240,著作権登録図書館,ちょさくけんとうろくとしょかん,f131e634t0,gloss,copyright library,,版权注册库,copyright library 可能指法定送存图书馆/保存版权作品的图书馆，现译“版权注册库”似误读 library；需查该制度或标准的中文术语。
remaining_80pct,2455770,アストラカン,アストラカン,f139e152t0,gloss,astrakhan,,阿斯特拉罕,astrakhan 可指阿斯特拉罕羔皮/其制品，也可能用作织物名；现译地名“阿斯特拉罕”未说明材质，需核实该词条具体指哪种制品。
remaining_80pct,2516620,悪魔派,あくまは,f143e1887t0,gloss,Satanic school,,魔鬼派,“Satanic school”具体指何种宗教/思想派别不清，现译“魔鬼派”可能过于宽泛；需核词条来源所指再定中文专名。
remaining_80pct,2824660,臨参命,りんさんめい,f173e1509t0,gloss,imperial army order,,参命,“imperial army order”与“临参命”这一历史词头对应的具体诏令名称无法从该释义确定；现译“参命”未说明全称，需查日本陆军历史/法令原始资料。
remaining_80pct,2836279,よござんす,よござんす,f183e1950t0,gloss,regards,,致意,词头よござんす通常是带方言色彩的“可以/行/好”；英语 regards 与此义不吻合，需核对源条目义项或English gloss。
remaining_80pct,2836279,よござんす,よござんす,f183e1950t1,gloss,best wishes,,祝好,best wishes 与该词头常见的应答/许可用法不吻合，可能为源释义错挂；需核对原词条。
remaining_80pct,2841420,にゅるっと,にゅるっと,f188e1954t2,gloss,coweringly,,畏缩地,にゅるっと的拟态义通常描写黏滑、蠕动般的动作；英文 coweringly 与该义项不吻合，需核查英释是否错挂。
remaining_80pct,2841420,にゅるっと,にゅるっと,f188e1954t3,gloss,hesitantly,,犹豫地,英文 hesitantly 与该拟态词的滑溜动作义不吻合，需核查是否为源释义错误。
remaining_80pct,2841420,ニュルッと,ニュルッと,f188e1956t2,gloss,coweringly,,畏缩地,にゅるっと的拟态义通常描写黏滑、蠕动般的动作；英文 coweringly 与该义项不吻合，需核查英释是否错挂。
remaining_80pct,2841420,ニュルッと,ニュルッと,f188e1956t3,gloss,hesitantly,,犹疑地,英文 hesitantly 与该拟态词的滑溜动作义不吻合，需核查是否为源释义错误。
remaining_80pct,2841456,すまい,すまい,f189e4t0,gloss,state,,状态,词头すまい通常表示住所/住处，但英语释义 state 与该常见义不一致；需查旧语义或原条目上下文。
remaining_80pct,2841456,すまい,すまい,f189e4t1,gloss,situation,,状况,situation 的英语释义与词头的常见居住义可能不一致，需核实原始词条语境。
remaining_80pct,2841456,すまい,すまい,f189e4t2,gloss,circumstances,,情形,circumstances 的英语释义与词头的常见居住义可能不一致，需核实原始词条语境。
remaining_80pct,2854321,キックベースボール,キックベースボール,f201e171t1,gloss,soccer baseball,,足球棒球,soccer baseball 是踢球类棒球游戏，需核对中文体育项目惯用名后再修正现译“足球棒球”。
remaining_80pct,2854321,キックベースボール,キックベースボール,f201e171t2,gloss,football rounders,,足球圆环球,football rounders 的规范中文名称不确定，现译“足球圆环球”明显不自然；需核对运动项目名称。
remaining_80pct,2854321,キックベースボール,キックベースボール,f201e171t3,xref,kickball; soccer baseball; football rounders,,踢球游戏；足球棒球；足球圆环,kickball/soccer baseball/football rounders 的合并交叉释义含有难以确认的项目译名，需查中文体育词典后统一。
remaining_80pct,2858429,筏師,いかだし,f204e1784t1,gloss,rafter,,筏工,rafter 可能指筏工，也常指屋架椽工；需核对英释在此处的航筏语境或是否应换成 raft worker。
remaining_80pct,2866421,出札,でふだ,f212e1180t0,gloss,read card (comp. karuta),,出札,出札在歌牌语境可能指翻出的牌或读牌，英文 read card 的对应中文术语需结合竞技歌牌规则核实。
remaining_80pct,2866094,翻案権,ほんあんけん,f212e533t1,gloss,derivative rights,,衍生权,derivative rights 在版权法语境的中文术语可能是改编权/演绎权；需核实该词条是否泛指衍生作品权利。
remaining_80pct,2867681,毛孔性角化症,もうこうせいかくかしょう,f213e1531t2,xref,lichen planopilaris; lichen pilaris; keratosis pilaris; follicular keratosis; chicken skin,,扁平苔藓；毛囊角化病；毛囊角化病；毛囊角化病；鸡皮,交叉引用把 lichen planopilaris、lichen pilaris 与 keratosis pilaris 并列，疑有源词条义项或中译错配；需核对各皮肤病规范中文名后再对应。
